chunk_id,n_sentences,text
0,20,"the half-ling book one in the fall of igneeria series kaylee soderburg copyright 2013 kaylee soderburg all rights reserved . isbn : 1492913731 isbn-13 : 978-1492913733 for my family , who encouraged me to never stop fighting for my dreams chapter 1 summer vacations supposed to be fun , right ? i wish i had a better answer to that question . starlings , new york is not the place youd expect much to happen . its a small quiet town , the kind where everyone knows your name . its a place where your parents wouldnt even care if you stayed out late biking with your friends . only because everyone felt so safe , so comfy . i know it all and starlings is not the place where you want to be after dark . the only reason why no one knows this is because jason , emily , seth and i have kept it that way . i walked along the empty road alone , occasionally waving to passing kids on bikes . my backpack was slung over my shoulder , filled with my writing books and sketchpads . i kept my eyes on the shadowed road , watching my every step . usually i was more aware of my surroundings , but today i was tired and didnt care if i rammed into a tree . the sun was starting to set , painting the sky in brilliant oranges and reds . it slipped down the sky , allowing the first stars to peek out from behind the bright curtain . the remaining light cast shadows over everything , creating the illusion that there was double of everything . the world prepared to go into its hours of unreal silence that made it seem magical , and it really was . my phone buzzed and i awoke from my trance . i thumbed the keypad and opened the message seth had sent me . i flipped open the pad and wrote : walking home ."
1,20,"i shoved it back in my pocket and continued walking . the sun was almost gone and shadows were starting to appear behind everything . i looked at my own shadow , that danced behind me . the phone buzzed again as seth sent me a reply . my ears heard nothing and i didnt see any movement but my hands shook slightly as i typed , nothing , im fine . i didnt open his reply because i knew what it would say . i already knew that it was strangely quiet . maybe i could stay home and sleep one night . or maybe i could finish a painting tonight and watch mom do origami . i turned the corner , and my house came into view . i started to climb the hill when i froze . out of my left eye i saw the outline of a creature . it was heading through the woods in the direction of my house . i swore under my breath and took off for the woods . my feet crunched on the fallen branches and leaves . i placed my bag on the ground and crossed my legs . i started to grab my phone but stopped . i didnt need to tell the others , it was just one . and if i was lucky , it would be an easy take down . i closed my eyes and began my mental countdown ."
2,20,"the wind picked up around me , as if a wind current had just appeared out of nowhere . 5 my body started to feel hot , like i was being hugged by the sun . 4 power surged through me as i was freed from my human self . 3 i felt cold , like being dipped in ice water . 2 i was hollow and could probably see my own body if i opened my eyes . but i could never get the courage to do that . my body felt normal except it was different . i opened my eyes and looked over to where i just had been or still was . my human body slightly glowed as it sat in meditation under the tree . i could see the monster clearly now that i had stepped into its world . it was hunched over , occasionally touching the ground with one of its curled front paws . the beady black eyes made it no less scary . thrashers were probably one of the most feral and nasty monsters ive ever encountered . they sometimes travel alone or hunt in packs . theyre awful in packs , extremely hard to take out without their knowledge of your presence . i placed an arrow in my bow , and aimed for the head . i couldnt let the creature reach my house . i pulled back the string , and then stopped . i couldnt take out one of these like , this unless i set it on fire . i could take it out with a few arrows but its best to kill thrashers before they realize youre there ."
3,20,"instead i lowered my bow and slowly crept up to it , until i could see the hideous claws on its hands and the hatred in its eyes . thrashers hate everything and sometimes i wonder how they tolerate each other . i aimed for the head again and released the arrow . it whizzed silently into the thrasher and it howled in pain as the arrow dug into its fur . a low growl sounded in its throat and it charged . i ducked as it slashed my side and i winced . my shirt slowly turned blue from the trickling wound . it turned back around and threw its self at me . i pulled out my hunting knife out just as he landed on me . i pushed him off and grabbed my fallen bow , the familiar feeling of the wood boosting my confidence . i turned back around and started back where i left off , but then a body slammed into me . i just had enough time to see the thrasher , before the fur and dirt filled my vision . i spit out the clump of wiry hair that had somehow found its way into my gasping mouth . i felt a searing pain as the thrasher raked my left leg . i closed my eyes against the pain , trying to focus myself against the dull throb in my shin . then the thrasher went limp against me . it was hauled off of my body and i found myself looking up into the face of a very unhappy dark blue haired boy . his sword was gripped tightly in his clenched fingers and a look of amusement , or many it was anger , shone on his face . i swallowed and collected my weapons from the ground , not daring to look at my leg . i tried to place weight on my leg but winced as pain shot up it ."
4,20,"he kicked the dead thrasher one more time before sheathing his sword . you know better jazell then to take on a monster by yourself . you never know what kind it is until you have already changed , he scolded me and i could feel a lecture coming . claw marks ran up my shin and my blue blood was soaking my pants . i had to seth ; it was heading for my house . i dont care jazell ; if i hadnt been here i would have found you shredded to small pieces . all you had to do was send me a quick text and i would have showed up to help . i sighed in annoyance , not in the mood for this right now . seth was like this sometimes , strict and serious , but he was normally a jokester . hes strict on the fact that we attack in groups , mostly for the reason that he didnt want anything to happen to our group . i started to slowly limp back to my body but seth just disappeared from my side . he has this annoying skill to be able to just return to his body without having to be near it , which wasnt fair when he wasnt the one injured . i , however , had to stiffly make my way to my dormant human body . once i was near it , i closed my eyes and the wind picked back up . my body felt hot and cold simultaneously as i returned . i reopened my eyes and stood up , stretched , and grabbed my bag . my back sent a chorus of cracks cascading upwards as i straightened myself . i raised the side of my shirt to find the thin , red scratch marks . any injuries i get in my hunter form i have when i become human again , just not as severe . i quickly ran my fingers over the darker , thicker marks on my shin , the skin sore and purple ."
5,20,"i quickly checked myself for any other injures i might have acquired from my tangle with the thrasher , but all i found was a bunch of bruises . seth seemed to have disappeared , so i trudged down the road to my house . its cozy familiar blue paint and white shutters helped to relax me as i pushed open the door . my house wasnt very big and fancy ; it was actually pretty plain but thats why i loved it . it had two floors , with a fair sized kitchen and a mini living room . my room was just up the stairs , and it beckoned to me even though i was more interested in dinner . my mom was cooking in the kitchen and my dad was sitting at the kitchen table going through his usual paper work . he looked up as i entered , pushing his glasses back up his face . i kissed his cheek and my moms before heading toward the stairs . dinners ready in a few minutes , jazell ! my mom called as i climbed the stairs , eager to collapse on my bed for a few minutes . my room was painted a light green , with a bed shoved in the corner and a bookshelf overflowing with books . i had a small desk to the left of my bed that was piled up high with homework and random drawings . i threw my bag on my bed and took off my shoes . then i headed back down stairs to help set the table . my mom handed me some dishes and utensils . he frowned and pointed to my scratched shin . i tripped on a crack and scraped my leg . i said flatly , the lie rolling off my tongue easily . i placed my last dish down and sat in my chair ."
6,20,"i wouldnt be surprised if you tripped on your own feet . my parents had believed for a long time that i was a klutz . that was the only way to explain the million of cuts and bruises i gained from fighting creatures . the truth is that i have really great balance , which i had gained from so much fighting . i was a little klutzy when i was small , so it was easy for my parents to believe i still was . after dinner i went straight up stairs to go to sleep . and hopefully my phone wouldnt stop me like it did most nights . monsters loved to come out at night and cause trouble . they never seem to rest , much to my annoyance . i sighed and rolled over , burying my face in my pillow . i managed to think about something other than creatures that go bump in the night as i drifted off to sleep . in the morning i changed and ran down stairs and left a note saying i was going out to eat with jason , emily and seth . it took me minutes to speed down to the small breakfast restaurant in town . i chained up my bike and walked over to the plastic blue table my friends had occupied . i slid in next to emily , who was talking about some book she had read recently . jason , who sat next to her , was pretending to be fascinated by her rant . emily stopped in mid-sentence when she noticed me sitting beside her . is it true , did you take on a monster by yourself yesterday ? well you did and i thought the group had a right to know that . plus i bet all of us want a shot at them too ."
7,20,"the light brown curls that framed her pretty face bounced around playfully . he never talked much like emily , who was easily the most talkative , friendly person i knew . jason was more of the silent , watching type , who said little but noticed much . i traced in a puddle on the table , avoiding everyones eye contact as they stared at me . hey seth , its not like you havent done something stupid . hey dont make me nag you about the time you almost took off my head with your throwing knifes . jason stopped dead and narrowed his eyes . alright , we understand that weve all done stupid , foolish things . so lets just add this accident to my list , okay ? i said quickly before the two started something . they nodded but shot each other smirks . i sighed , wondering why those two buffoons had been granted this power along , with emily and me . its not like they werent foolish enough already . the day when it all changed was still a mystery to us . a lot of things happened that didnt quite make sense . the four of us were already best friends . we were walking through the woods , rambling on about how halloween was almost here and that ms. stecher was still giving us too much homework . then all of a sudden an invisible object slammed into me . seth ran forward and grabbed a branch to protect me . it should have gone right through the air but it collided into something and snapped in half ."
8,20,"emily ran over to me but was plowed to the ground . she screamed , spitting out dirt , twigs and leaves . he didnt have a clue as what to do to fight these invisible creatures . none of us did , at that time , because we didnt know what was going on . the world was still a normal place to us at the time . something grabbed seths legs and pulled him against a tree . he kicked and punched but couldnt find the right place to hit his attacker . i opened my mouth to say that we already were when he vanished . i heard emily yell the first curse words ive heard her say in a while . i spotted her red arm just before my body felt like fire . i didnt really black out but thats what i thought at the time . i opened my eyes to find i was sitting on the ground next to my sleeping body . i saw emily sitting there , saying nothing for once . something fell off my back and i picked it up . it was a wooden bow , and when i reached behind my back i felt a quiver full of feathered arrows strapped there . i ran a finger over the smooth , dark wood and turned to see seth crashing out of the woods . i smirked at him and pointed at his head . i giggled , not knowing why i was giggling after what had just happened to us a few minutes ago . he frowned and pulled a piece or two out of his head . his eyes widened , and i laughed at the shock on his face ."
9,20,"if we were dead , which was my best guess , why not poke fun at him ? i was wearing light brown hunting boots and tight black pants made out of some sort of light cloth . a thick woven jacket was shielding me from the october cold . when i looked back at seth , i realized he had also made an outfit change . he was wearing black leather boots and dark blue pants . his top was a short , brown cloak with a hood and leather belt . a beautiful steel sword with an ornamental hilt was swinging at his side from a woven sheath . i rambled as i examined the short hunting knife that was resting in a small sheath on my hip . i ran a finger over the blade before putting it back . how seth and i had acquired such dangerous weapons was anyones guess . i heard footsteps and turned to see emily running over . she was wearing a close fitting , long robe . it was a stunning deep blue with a trim of gold embroidery . she had no weapons dangling from her body were visible from where i was standing . she spun around so we could take in all of its bubblegum pink color . she looked at the bow slung over my shoulder and seths gleaming sword . hey , i dont have anything cool and deadly . why do you both get something like that and i didnt ? its not like you can trust jazell with something sharp or dangerous . arming you is as scary as giving a kindergartener a knife ."
10,20,"jason exclaimed as he crashed out of the trees , panting . his wavy hair was a deep red that framed his eyes but he didnt seem to have noticed its color change or to care . he was wearing an all black layered tunic and pants with boots that looked as light as mine . if i didnt know it was jason , i would have taken a huge step backwards at his assassin-like appearance . he demanded , eyes flickering from each of us as he took in all of our strange appearances . dont know jason , were as stumped as you . he gestured at his belt , grinning mischievously . hanging there were a multitude of thin , dangerous looking knives . he pulled up his sleeve so i could see another one strapped there . she spotted his knives and groaned , stomping her foot . jason whispered behind his hand to seth and i. whats up with her ? thats when suddenly a hideous creature appeared in front of us . it was hunched over , with thick furry skin and wicked claws that shot out of its curled paws . we would soon know them as thrashers , beasts we would get used to seeing . i dont know who screeched louder in fear , but im pretty sure it might have been me . seth pulled his sword out but his hand shook like mad . i clumsily pulled an arrow out of the quiver on my back and struggled to attach it to my bow . how the heck did those people in movies make this look so easy ? i exchanged a look with seth , but he looked as clueless as i did . or maybe my fear was making me see and hear things ."
11,20,"jason moved silently to stand beside us , one of his throwing knives in his hand . in fact , i realized that my whole body was aching from the strange attack i had experienced . and if i was dead , i wouldnt need to breathe so heavily . my heart was racing so fast that it might explode right out of my chest . jason threw the knife he had been holding and it stuck into a tree . he grinned at me and i guess it hit exactly where he wanted . on the count of three , we attack with everything weve got . when seth hit three , he charged with his sword . before i could think , i had notched another one on the bow and drew back the string . it was like i had been an archer my whole life . jason threw knife after knife , hitting its mark every time . when the creature went down , seth stood and took a breath . then another tackled him to the ground . i didnt know what to do and jason didnt either . emily ran forward and pointed to seth who was clawing toward his weapon . before i could reply , fire shot from her finger . the thrasher yelped and jumped off seth and ran toward emily . she smiled wickedly and held both hands out , pelting the creature with fire . i pulled seth up in time to see the thrasher buried entangled by roots shooting from the dirt . jason threw a knife in the pile to make sure it was really dead ."
12,20,"i asked seth , and congratulated emily on her new found talent . he just blinked at him , glancing down at his leg . he didnt answer as he tugged at me to start walking back towards where we had last seen ourselves . we could still see our bodies sleeping peacefully , but this time i noticed that we were all faintly glowing blue . i could see the rise and fall of my chest as i breathed . so i really was alive , which made this situation even creepier and stranger . emily spun in a circle but seth was nowhere to be found . he had his dirty blonde hair back and was wearing his dirty jeans and shirt from school . no dark red hair , no glimmering sword , no bleeding wound . his warrior self was nowhere to be seen . he stared at the place where i was standing , but his eyes werent focused on me . i said frustrated , now tell us how you got back . i imagined myself in my body , and what is was like to be back . the wind picked up around him and then suddenly he was back , blue hair and all , standing beside his sitting , normal body . i imagined what it was like to fight that creature . he explained , but i dont think he even understood . then he was gone again and the real seth stood up . i closed my eyes and thought of school and all of ms. stechers homework that i needed to do . i felt hot and cold , as the winds seemed to pick up . my hair brown hair flopped in my face as i sat up , seeing emily dash over to me ."
13,20,"seconds later jason walked through the trees , rubbing his face . seth grinned at all of us ; we were back . i dont know how we got the gift to become these different people , but we did . thats the mystery and hopefully well solve it one day . we were chosen for some unknown reason , but that reason doesnt matter . all that matters is that we protect this town . he pointed to the pond that was just nestled in the woods . running towards the pond to do what we do best , destroy monsters . chapter 2 we ran and ducked behind a large boulder , huddling together . we all sat down , closed our eyes , and concentrated . i felt a shiver run through my body as i left it and entered my hunter form . i followed emily , jason , and seth as we crept silently over to the monsters , splitting up to surround them . i counted two thrashers , which surprised me . the thrasher turned before we could execute a surprise attack . seth marched over , swinging his sword . jason threw knives calmly at the other monster while emily casted fire by his side . i , however , was jumped on by something entirely new . they were small and stubby , the size of dwarfs or gnomes . their skin was shriveled and grey , and hung off their bodies like cold clothing . their eyes were a bright yellow that matching their teeth and their fingers looked like gnarly old trees ."
14,20,"they grabbed my feet , back and tugged at my hair . why does everything always happen to me ? the ugly creatures continued tugging at me like annoying two year old , which made me get really annoyed . hey , thats what ill call you , toad dwarfs . silly girl , were already called toad dwarfs . i grumbled , trying to pull my head free . who the heck is rising and why does it require pulling my hair out ! he repeated , full of crazed excitement . i swear i could feel him shaking from exhilaration . whatever , youre now an official maniac . no maniacs are allowed to exist except for me and emily . he jumped off as i stabbed the one on my arm . i grabbed my bow and shot him with an arrow before he his little legs could he him very far . he fell to the ground , the arrow sticking straight up at the sky . i killed the others and looked up to find the thrashers dead too , probably courtesy of seth . a few dwarfs were also lying dead in front of emily . i walked back to my body and closed my eyes . when i reopened them , i stood , stretching my legs . the four of us headed back to the restaurant together , adrenaline still pumping through my veins . i told emily and the boys about the freaky dwarves ."
15,20,"i asked , running a hand through my hair . no one said anything and emily produced a pencil out of her bag . i ripped one out of my notebook and handed it to her . we sat at the table and emily titled the page : warnings . okay , jazell , what exactly did he say ? emily asked , pencil poised in the air ready to write . i have no idea who he meant or if what he said means anything . emily scribbled down , toad dwarf said , hes rising , hes rising . i stared at the paper , the question swirling in my mind . now what did the dwarf tell you , seth ? he said , you wont stop him , little warrior . emily added , toad dwarf told seth , you wont stop him , little warrior . did you have to add the little warrior part ? its obvious the dwarf was trying to make you sound weak anyway . he said , he will destroy all half-lings . she added the last bullet ; toad dwarf said to jason , he will destroy all half-ling . none of what she wrote on the paper made any sense to me . no and if they did , i was too busy trying to burn them to hear them . well i think the only thing weve established is that toad dwarves are crazy . i noticed a thin , red line on his cheek where a thrasher must have scratched him ."
16,20,"she said cheerfully , huh wait , sometimes ? im admitting youre sometimes right so dont push it . she tucked the paper in her drawstring bag . they both half nodded , half shrugged , which she took for a yes . i threw the bike lock in my bag , clipped on my helmet , and followed the others . the three of them raced each other , but i kept my bike behind them . what the dwarf had said was still troubling me and i didnt know if anyone else was feeling the same way . i saw seth slow his bike down and glide next to me . then a question popped into my head , what were you doing alone in the woods yesterday ? he was silent so i yelled to emily , hey , seths lost for words ! before he could reply i said , i asked him what he was doing in the woods yesterday and he didnt have an answer . seth , why were you yelling at jazell for being out alone in the woods when you were doing the same ? jazell was doing that , he grumbled , clearly annoyed . but you were still out alone and you yelled at me for doing the same thing . the same thing could have happened to you . do you think youre stronger than the rest of us ? my voice rose slightly at the end of my question . he went quiet and tried to avoid our eye contact . emily can be very demanding sometimes , i actually felt a little bad about involving her in my interrogation . why were you out scouting in the first place ?"
17,20,"i asked calmly , trying not to shout it out like emily . seth gripped the handlebars and i knew he was losing his temper . i was being cautious so we didnt have to worry last night , he said through gritted teeth . i glared at him , nice story seth , now what really happened ? he didnt say anything and he rode ahead to get beside jason , who was in the lead . it was a huge grass circle with a small play set in the middle covered in kids . the woods surrounded it except for the side that faced the street . a fountain was near the entrance along with a bike rack . i clicked the lock together and grabbed my bag . emily was fumbling with her bike lock , which was old and rusted and usually refused to work without a fight . why do you think seth wont tell us what he was doing ? i asked , watching her because she had refused to let me help . he was yelling at you when he broke his own rules . he just doesnt want to admit he did she said through her wild hair . her lock finally clicked and she stood up . the boys were walking side by side towards the play set . it wasnt actually that small but it looked that way from the street . there were six swings and a tower with four slides attached to it . i ran after them with emily right behind me . i slowed down next to jason and put my arm on his shoulder ."
18,20,"jason frowned at me , what are you talking about , jazell ? he was out scouting without telling us . no , we just want the truth , emily said sweetly . seth shoved his hands in his pockets , and glared at the ground . i sat on one of the swings next to emily . i traced the sticky metal rings and sighed . i saw seth and jason arguing off to the side . there was even a dwarf climbing the slide . i elbowed emily in the arm , uh emily , is a dwarf using a slide a normal thing ? i nodded in the direction of the dwarf and her eyes widened in surprise . she jumped off the swing and grabbed me by the arm . she ran over to jason and gripped his arm with her free hand , pulling us both after her . seth frowned but had no choice but to follow . she pushed us into the woods , we got to move fast before someone gets hurt . in a matter of seconds , i had an arrow in my bow , seth had his sword in his hand and jason had his hands full of knives . the dwarf was sitting on the edge of the slide , looking like an ugly version of a toddler , and a few more came out of the woods to join him . we tried to sneak up without being spotted but one of the dwarves turned his head and saw us . he immediately launched himself onto emily . she screeched and i thought i saw one of the kids turn around . he crawled up to her ear and whispered something that i couldnt hear ."
19,20,"she froze , but i saw her place her hands on his wrinkled skin . fire flared from her fingertips , scorching his skin . he let out a screech and vaulted off her , running as fast as his legs could take him . i held an arrow out and emily set it ablaze . i drew back , launching the arrow , and watching it as it hit the dwarf in the back . the fire charred its dying body and i looked away to face my new attacker . one jumped on my head and i swung with my knife . it yelled into my ear , the one will rise , the one will rise ! he jumped off me and ran into the woods . he disappeared before i could notch an arrow and shoot him . emily made us all meet by the fountain . i guess we all heard some weird dwarf talk . he said , kill all the dwarfs you like , but kojas will rise . at least we have an idea of who they might be talking about . she added to her list ; toad dwarf said , kill all you like but kojas will rise . is kojas the person theyve been talking about ? he told me , the one will rise , the one rise ! thats almost the same thing as last time . she scribbled , toad dwarf said , the one will rise , the one will rise ! seth shook his head , but jason spoke up , he said , the king will rise ."
20,20,"emily added one last bullet ; toad dwarf said to jason , the king will rise . her list was : toad dwarf said to jazell , hes rising , hes rising . toad dwarf told seth , you wont stop him , little warrior . toad dwarf said to jason , he will destroy all half-ling . toad dwarf said to emily , kill all you like but kojas will rise . toad dwarf said to jazell , the one will rise , the one will rise ! toad dwarf said to jason , the king will rise . she placed her notes in the middle so we could read it . she was silent , i guess the person theyre talking about is kojas , but we dont know who he is , or if hes important . well , im thinking hes important because these weird dwarfs keep talking about him . well , seth stated , maybe we should ask the dwarfs where he is . you try squeezing out information from one of these pests . hey emily you want to sleep over tonight ? emily frowned , its my turn , jazell , and youre coming over my house . honestly , em , just come over no , she said and crossed her arms stubbornly . i sighed and ran a hand through my hair , knowing it was useless to argue with her when her mind was made up . but next time youre coming to my house . jason turned around with seth on his heels . its only , i popped open my phone , 3pm . hey , dont take this personally , but we want to hang out alone ."
21,20,"seth unchained his bike and rode off with him . i realized then that seth had barely said anything the whole time , but he was already out of sight . i sighed , well , at least we can hang out early . well , while you were arguing with the boys i called home and they said you could come over now . emily flashed me one of her million-watt smiles . ill call home quickly to check with my parents . i called home and my parents said i could go , which wasnt much of a surprise . ive been to plenty of sleepovers at emilys , so my parents didnt mind . plus , our parents were close and emilys family was practically an extension of our own . we rode over to her house and parked our bikes in the garage . we knocked on the door and a woman answered . her light brown hair was almost blonde without any gray in it . the woman definitely did not look her age at all , and she was still as beautiful as i imagined she was in her youth . she smiled warmly at us , her smile a reflection of emilys . emily , dear , can you put your laundry away ? after you do that , you can hang out in your room . her mom moved aside so i could walk in . i unlaced my sneakers and walked up the stairs , looking at the flower paintings hung along the wall that her mom had painted in her spare time . i pushed open emilys bedroom door to see her stuffing her clothes in the drawer and flopping onto the bed . she pulled out my bag and threw it to me so i could set up my sleeping bag on her rug ."
22,20,"her mom called us downstairs , hopefully for food . she already knew our answer and handed us paper plates . i took three slices of pizza and ran upstairs . emily and i sat on the floor , eating pizza and doodling nonsense in her notebook . the time ticked by to one oclock in the morning . we sat side by side on her bed near the window , and i played with the fridge on the edge of one of her pillows . i looked down at emilys pajamas , which were covered in sun-tanning penguins . she stuck her tongue out , what do you have against sun-tanning penguins ? i shouldnt be talking ; i was wearing pajamas covered in little pigs . emily leaned back to turn off her desk light . it clicked off and i gazed outside one more time before turning around to go to bed . emily didnt reply because her face was pushed up against the window . her body was ridged and she didnt move . i whispered , a nervous feeling creeping into my stomach . she backed away from the window so i could see . i saw nothing at first but then i spotted movement . the recognizable lines of toad dwarfs marched around the trees , and i could tell they were up to no good again . they were really starting to get on my nerves . chapter 3 sneaking out after hours isnt easy , especially at emilys house . if we werent really careful , theyd wake up and then wed have some answering to do ."
23,20,"and i dont think theyd understand our reason . i followed emily down the stairs , in our pajamas , to the door . we were careful not to make a sound but i listened closely to the sound of her dad snoring . when the snore rang clearly through the house , i breathed a sigh of relief . we threw on our sneakers and snuck out the door . the summer night air was cool but a little sticky and clammy , making our bodies feel damp . i followed emily down to the back of the garage , where we sat down and entered the monsters world . i pushed my green hair back and hid behind a tree beside emily to watch the dwarfs . there must have been more than ten of them gathered together . they were parading around a blazing camp fire , mumbling and talking about things i couldnt hear over the flames . some more emerged from the woods and joined them , their shadows dancing behind them . then all of them suddenly broke out into an ominous song : he will rise to the heavens , from the very pits of hell . to take control of our world , and the gift- less ones as well . he will rule with a flaming torch , and save those who are worthy . and for those who arent , well , you better watch out ! they all broke out in crazed laughs , which gave me the impression that each and every one of them was mad . they threw dirt at the fire and continued their wild laughs . emily shuddered by me as they lifted their voices in another chorus . he will rise to the heavens , from the very pits of hell , to crush all half-lings and to take their very souls . for the king will rule all , with his cruelty and rage ."
24,20,"i wouldnt want to be that half-ling , that he spears through the head ! this time they were rolling on the floor , howling in laughter . well , i didnt think this was very funny at all . what was funny about getting speared through the head ? i had a feeling the king they were talking about was kojas , and i really didnt want to be around to meet him , especially if it meant my head was going to become well acquainted with a weapon . that is , if i was even a half-ling like the dwarfs claimed i was . they laughed and sat in a tight circle mumbling things i didnt catch . my hand slipped to my knife but emily grabbed my hand to keep me from drawing it from its leather case . no jazell not yet , maybe we can learn a little more from them . plus , we cant just randomly attack them . the song was repeating itself in my head , like a taunt . without thinking , i aimed and shot the nearest dwarf . as soon as he went down , the whole camp was facing our direction . i was standing up now where everyone could see me . emily stayed hidden behind the tree , and i could feel her glare trying to burn me into ashes . youll wish you never shot one of his loyal servants . give me a darn straight answer or ill shoot every single one of you , i spat angrily , leveling my bow . kill all you like half-ling , but that wont help you in the end . you will pay heavily in a terrible death worth all the loyal lives youve slayed , the dwarf proclaimed , and his friends bellowed out an agreement . i dont care what the heck you say about dying because nothing will stop me from killing all of you !"
25,20,"youre making no apparent sense at all , and i dont care what stupid message youre trying to send me ! the dwarf was now whispering and all the others had fallen silent so they could hear . you will care because in the end , he will destroy you once hes done using you . my arms were still tense and my muscles whined in protest as i held my arrow back in full draw . the dwarfs eyes were twinkling in happiness . to take over the gift-less ones world , why else half-ling ? youre the connection between igneeria and your world . he needs you and he has made that clear . i spoke in barely a whisper , igneeria , thats your world isnt it ? the dwarf seemed to be getting extremely excited now , he wants your world and all other worlds because he is a mighty king who wishes to expand his kingdom . now if you dont mind we would like to finish you now , and bring you to the king . the dwarf said politely and snickered , approaching me . i said quickly but i guess they didnt really want my opinion . emily jumped out from behind the trees and lifted a flame . she twirled it around with the movement of her hands and shot it at the nearest dwarf . all the dwarfs scrambled towards us and i simply shot them and emily fried them . then jason and seth dissolved from the shadows and entered the clearing . i yelled across to them , annoyed that they hadnt made their presence known earlier . seth fought his way over to me , why do you need to know ? because you just randomly appeared and i would like to know what youre doing in emilys backyard in the middle of the night ."
26,20,"i pointed out and took down the last dwarf . we gathered around the barely burning embers , after we had re-entered our own world . emily and i quickly summed up what we had learned from the dwarfs . jason listened and didnt speak , like usual , and for once seth didnt interrupt . when we were finished nobody said a word as they soaked up everything that had happened . it seemed like it was just too much for all of us to take in . why are you wearing sun-tanning penguin pajamas , emily ? emily glared at him , what do you have against penguins ? so it wouldnt have been hard to change . seth should have realized that he was pushing emilys limited patience too far and that he should shut up . she reached down and grabbed a small stick . then she smacked seth across the head with it . emily said every word apart and wacked him again . he grimaced and said , stop hitting me already ! alright , she made a motion to put the stick down and hit him again in the head . he glared at her and she threw it on the floor , now im done . so jason , i faced him and he looked up at me , since seth wont tell me ill ask you . we followed a dwarf that was running here . if we didnt get lost , we would have been here faster , jasons face turned the color of his red igneerian hair . its okay , at least you answered me , i shot seth a look ."
27,20,"well if its okay with you boys , we would like to get to bed . its almost 1:30 in the morning , and i would like to get home before my dad wakes himself up , emily said , and walked towards her house . the rest of the night was quiet and didnt include singing dwarfs . before we went to bed though there was a lot of furious writing as emily tried to write everything down . in the morning , we ate pancakes that emilys mom had made us and set off for the park . we happened to run into jason and seth half way and at the same time watched a pole freeze in the middle of july . you dont get to see that every day , which usually meant there was a monster involved . jason , seth and emily saw it too because i was chasing after them as we all ran for the few trees ahead . in a few seconds i had a complete view of the culprit . and strange enough it was a frost beast . frost beasts are the cutest monsters youll ever see . theyre the size of medium dogs and their pelts are a light , icy blue . they may be cute but if you dont watch out , they could easily be the most dangerous monsters around . dont let them breath on you , or youll freeze to death . the frost beast whimpered at me , showing me the cutest eyes imaginable . i wanted to melt and hug him but i knew better not to fall victim to its trick . i drew a single arrow and aimed it at its throat . i didnt want to kill it , but i knew if i didnt , it would kill me without a second thought . frost beasts dont appear until the end of fall and into winter . they love the cold and cant stand the heat ."
28,20,"thats why i knew something was wrong right away , because it shouldnt have been here . it was against its nature and when nature goes wrong , thats a big sign . i pulled back on the string but emily ran forward and shot fire . the beast simply opened its mouth and breathed . what was a shot of fire was now a single icicle that landed on the ground in front of it . instead jason came forward and attacked with his knives . the beast froze the first few into harmless ice cubes but finally went down when one got past its defenses . behind his body appeared seven thrashers and many more frost beasts . ive never seen so many in one place before . a thrasher pack had at least six or seven but there must have been more than ten monsters total . right then , right at that very moment , i knew something was terribly wrong . they all stopped in front of us , all those pairs of angry eyes staring at us . they made me confused , from the warm feeling the frost beasts gave me to the cold feeling the thrashers inflicted . they exchanged some sort of signal , including grunts and yips , and slowly advanced on us . the dogs stalked toward the four of us looking like a animals about to attack their prey . the cute look was gone and all that was left was hunger . the dog nearest to me jumped at my chest and landed on my stomach . i managed to push it down before it breathed on me . i called to her as the cold seeped through my pants and bit at my skin . emily turned her head and was about to reply when the dog caught her robe ."
29,20,"she spun around , shooting fire and completely forgetting my cry for help . at the same time my dog attacker pushed me to the ground , freeing my legs for me . he stared down at me , debating whether or not to freeze me right away . that was his mistake because while he was waiting , i had brought my hunting dagger down on him . i stood up and shook the heavy body off . i didnt even have time to breath before one of the thrashers decided that they would like to have a taste of me . i decided that i didnt want to be shredded like some old rug , so i moved out of his path . that was the worst mistake i made , without even realizing it . at the same time another thrasher was heading in my direction , and by moving out of the way from the first one , i had placed myself in the path of the second one . it slammed into my side at such a great force i tasted blood in my mouth , when i hit the ground . then i felt pain , saw blood , and then nothing at all . chapter 4 i heard muffled voices around me as i regained consciousness . my head throbbed slightly , and so did my side and my tongue . that explained why i had tasted blood ; i must have bitten it . for a second i thought i had returned to my human self when i heard a blast of fire that probably came from emily . stop nagging me , a different voice said that was obviously seths . he was really close to me because i could feel his breath on my face and his voice was very loud . which wasnt helping my throbbing head at all . i dont like just staying here , when more monsters might come . i could just picture her bouncing up and down on her heels , full of tension ."
30,20,"i felt rush of hot air near my left side . seth was probably sighing , we cant move her emily . i opened my eyes to see seth face hovering above me . emily was pacing in the background and jason was standing off to the side , looking very uninterested in the current situation . seth smiled at me and i felt myself blush . it was kind of embarrassing to get knocked out when no one else did . welcome back , zombie hunter girl , seth teased . except i couldnt pin down the reason why . seth frowned , i dont know but it seemed like forever . especially seth , emily piped up behind him . he was the one going crazy to bandage you and was worrying more than the rest of us . seths face reached a new undiscovered level of red , i didnt want to lose a friend . right emily trailed off and smirked at him , wiggling her eyebrows . seth squirmed slightly and avoided her gaze . i started to laugh but in morphed into a cough instead . i clutched my midsection to find it was covered in bandages . seth glanced at emily and back at me , i dont really know . we turned around to see you being mauled by a thrasher . before either of us could do anything , some light appeared out of nowhere . when it died down , we found you lying on the ground unconscious ."
31,20,"but whatever it was , it saved your life . uh i have a feeling i should thank it , but i dont know how you thank light . you thank it like you would thank anyone else , a voice said . i almost jumped to the moon in surprise . out of nowhere someone , or something , appeared beside jason . i think jason was more scared because he actually jumped into the air . as it came into view , it became obvious that it was a girl . she in a yellow cloak and had dazzling red hair . she smiled warmly at us with her chocolate brown eyes and i realized she had pointed ears . so i basically made the conclusion that she wasnt human . she giggled , wow i never thought id scare a bunch of half-lings but i guess i did . you didnt scare me , jason said quickly . yeah okay , jason , emily said sarcastically . i sat up and leaned on seth because i would fall if i didnt , and emily and jason were too busy giving each other looks to help me . she rolled her eyes , a light pixie , duh . i dont know what a light pixie is or why you saved my life , but thank you i said , trying not to snap back . well you are a half-ling and we need as many of them as we can get , she pointed out . plus im not evil , so why shouldnt i help you out ? this situation was extremely awkward to me . i limped over to my body ignoring seths yells to tell me to sit down ."
32,20,"i felt the wind pick up and was whisked back to my normal self . i felt fine except for the fact it hurt to stretch my left side . i would probably be extremely stiff and sore tomorrow morning , but i was used to that feeling . we began to walk back towards the park when jason stopped us . hey can seth and i catch you guys later ? emily raised an eyebrow , should we be concerned ? nah theyre boys , let them do what they have to do , i said with a quick sigh . while we were walking the boys appeared in front of us , holding something behind their backs . they seemed to be fighting giggles which usually meant they were hiding something . or they were about to do something that fell under their category of funny . hi guys , seth said still fighting a smirk . jasons face twisted up and a snort of laughter fought its way out of his nose . right emily gave me a look that said , is this good or bad ? i didnt really have an answer for her but i knew that whatever was coming , it wasnt going to be good . jasons face grinned in a seriously weird way that screamed , weirdo ! emily stepped forward , we want to know what youre but she never finished . jason had been hiding two blue , full , water pistols behind his back and was now shooting them at emilys face . she was holding up her hands and letting out some sort of squeal . seth had been hiding a full two-handed water gun behind his back and the end was pointed at no other than me . seth gave me a maniacs grin , you already know the answer to that ."
33,20,"i blocked most of the spray from my face but water still leaked through my fingers . i felt the cold water seep through my clothes and onto my skin as seth continued to soak me . emily hollered but it didnt work because i heard her yell again as he sprayed her hair . i couldnt see anything because my eyes were half shut and i was afraid seth would wash my eyes out . you cant command boys to do anything and to prove that , seth shot my butt . eventually they stopped , only because three water guns can hold only so much water and emily and me looked like we could kill . we were both completely soaked to the bone and even though in was the middle of summer , we were shivering . the boys looked completely satisfied with how we looked . after emily and i gave them a look , they tore down the street and disappeared . emily squeezed the bottom of her shirt , i hate them so much right now . i agree and if we didnt need them , id be planning their funeral . do you think they would like pink coffins ? totally , i laughed and grabbed my dry bag . emily flipped open her phone , her fingers danced on the keys and paused . then they clicked and she shoved it in her pocket . i swallowed the bit of strawberry that had been in my mouth . they might see that coming , she pointed out , and its really obvious . well , they think we wont do that because that is exactly what they would be expecting , so by actually doing it , we can trick them , i rambled on and grabbed another strawberry . emily tapped her lip with her pencil and straightened her pink pajamas . i have no clue what you just said jazell ."
34,20,"i laughed , what i meant was that we should ambush them . give them a piece of what they did to us . emilys eyes lit up , you mean use water guns and water balloons i added . and a trebuchet to launch the balloons ! emily scribbled furiously on her paper . we just tell them we want a day to do girl things and theyll butt right out , she slid onto the floor and snatched a strawberry . i grinned , this is going to be some fun revenge ! okay , i said , this is going to be some fun revenge . she wacked me in the head with my pillow , youre so weird . well thats the way i am , deal with it , i wacked her back with my own pillow . no i will not deal with it , she walloped me in the head one more time . i need you for team penguin , and i dont need a smarty pants . because i was the one who got shot first . early the next day , which wasnt that early because we got up around ten oclock , we gathered my old water gun and some water balloons . emily brought down the trebuchet shed spent all night building and we took off on our bikes . emily led the way to jasons where she was pretty sure the boys would be . we hid our bikes in the trees and snuck up to their backyard . jason and seth appeared to be setting up some airplane that they built from scratch . they were muttering to each other and assembling a table they would use for a launch pad . i grabbed my water gun and emily took out her trebuchet , with her balloons , and we snuck up on them ."
35,20,"i held my hand up to stop emily , waiting until jason and seth were grabbing the airplane out of a box and lowered my hand . i yelled , and ran out from behind the trees , with emily following . the looks on their faces were priceless . they spun around just in time as emily launched a balloon right at jasons face . i aimed at seth , who i soaked in minutes . their faces looked like they had seen a dinosaur come back to life . jason scrambled away from emily but she nailed him so many times it didnt matter , he was already soaking wet . the last of my water leaked out the back of the gun and we just stood there . jason smiled but you could see he was hiding the anger in his face . seth was emotionless ; he didnt give any sign on what he was feeling . emily glared at him , you deserved it because you soaked us too . so , he rolled his eyes , you thought you could just ambush us . have you learned nothing and that we might want revenge now . who says the penguins cant win a war , huh ? jason smirked , alright then , penguins , if you want a water war , you got one . this whole time seth didnt say a word , which was strange . usually seth did all the talking while jason stood watching but now jason was doing all the talking and seth was the one watching . he stood there and seemed unmoved from being soaked by my water gun . his face was blank and he was staring at nothing . while emily and jason were bickering i said , seth ?"
36,20,"he continued to stare at the woods as if he expected a flying deer to leap out , wearing pink socks . i waited for a sign that he heard me to appear on his face , but it remained blank . emily huffed loudly , expect something from jazell and me soon jason . she grabbed my hand and pulled me away . seth turned to see me leave and the look gave me a dark feeling inside . his face was masked with one emotion , one that made me vow to myself that i would find out what he was hiding , what he was keeping a secret . that emotion was not seth , not the one i knew . it made me feel the same way and i didnt know why . chapter 5 the water war continued with us getting them and them getting us . we attacked them with a pool , and they threw water balloons at us while we were on bikes . it was pretty simple , but the whole time all i noticed was seth . he wasnt the same to me anymore ; he always had this mask on his face , hiding himself from the rest of us . i had to find out what was wrong , and soon . emilys annoyed voice broke my day dreams . i snapped back to attention , uh yes , i am emily . just for the record , what are we talking about ? were talking about what to do next , she scowled . wait , an idea jumped into my head , how about we meet under a truce . that is the complete opposite of what were doing . i know but trust me ; we need to meet under a truce ."
37,20,"what about monster fighting and this whole puzzle with the dwarfs ? did we just forget all about it or are we not going to do our job anymore ? were all just having some fun because its summer and not school . listen , why dont we meet once and then go back to this water war . at least we should think about this a little bit . i pushed the paper of warnings in front of her face . fine , she snatched the paper out of my hands . then well go back to soaking each other randomly . i did it because thats when id talk to seth and get his secret out of him . then maybe i could help him and stop having to watch his miserable face . emily made a face and left the room to dial jasons number and tell him about the meeting . i waited patiently for her to come back in my room . i cant wait long because i have a tendency to go crazy , so i walked up to my window sill and looked at the sky . i stared it and turned around to see emily come back in . but not before my eyes caught a flash of blue . emily and i parked our bikes and headed into the woods and towards the clearing . we stepped into it , and i took in the familiar feeling . out of all the places weve all been , this place felt the safest , as if it were surrounded by a good force , not bad for once . we often met here when we werent all together . minutes later jason and seth emerged from the trees ."
38,20,"they werent smiling or doing anything suspicious so i figured we were safe , for now . i noticed that seth was avoiding my eyes . so whose crazy idea was it to meet under a truce when were having so much fun wreaking havoc on each other ? emily sighed and pointed at me , this crazy person right here . i took a small , quiet breath and said what i had planned , i want to work on the dwarf problem . i nodded towards emily , signaling her to take out her paper . she groaned and pulled the folded piece of paper out of her pocket . she unfolded it and placed it in front of us . while we studied it , i tried to catch seths eye , but he didnt look at me . i felt something boil deep within me-the anger at him . we were his best friends , we told each other everything and now he was keeping something from us . i could see it was eating at him , so why didnt he tell us what it was ? that was the question that was making me steam . his voice was level but it shook slightly . i stepped towards him and gave him a hard shove . he stumbled back and fell on the ground . he looked up at me , waiting for what i would do next . i repeated , my voice as cold as an icicle . seth didnt answer me , instead he did the most cowardly and annoying thing you can do . seth pushed himself up at a surprising speed and raced off into the woods ."
39,20,"i did the crazy thing that people like me would do and followed him . i looked over my shoulder to see if emily and jason were coming but both of them stared at me , baffled . their faces disappeared as i was swallowed by the trees . i skidded to a halt and scanned the trees . i didnt see any trace of where seth could have ran . that shows how much i know about asking questions . i dont get the answers and boom ; i lose it and become a demanding person . i walked more slowly , watching the trees . i sent a silent prayer that seth hadnt entered igneeria , because then i would never find him . what bugged me the most was that seth didnt fight me when i pushed him down . he just sat on the ground not saying anything at all in his own defense . now , i couldnt find him anywhere and i would never get my answer . i heard a large snap to my right and i whirled around . i heard another crack and i slowly crept towards the noise . another snap sounded , louder this time , to my left . i changed direction and hid behind a tree . seth grabbed another stick and slammed it into a tree . it hit the tree with a loud crack and broke in half . he picked up another and rammed it again . he went to grab another one but his fingers couldnt grasp it ."
40,20,"they shook so hard he dropped it and he sunk to the ground . i saw him place his head under his arms and he curled himself in a tight bundle . he shook and i heard him do something that i thought seth never did . i stepped out from behind the tree and walked over to him . i wasnt mad at him anymore for not telling me what i wanted to know . now i felt bad that i had nagged him so hard that he was breaking . i walked over to him and wrapped my arms around his body . he stopped crying and i felt him squirm . seth grunted and then mumbled , get off me . no , not until you tell me whats going on , i said . i rolled my eyes but he couldnt see that . please jazell its nothing you need to worry about , okay ? just leave me be , i will deal with it . i let my arms fall and seth lifted his head . his eyes were red from crying but something in his eyes showed he was still seth . the same darn stubborn and annoying seth i was friends with . he faced me , you should go back to the others . i bet theyre probably wondering no way , i cut in . seth traced the dirt with the end of a stick . you say im stubborn i laughed and he continued , listen , i dont even know if its true or not ."
41,20,"theres no need for me to worry any of you . he made a face , jazell i really dont know if i should say anything i interrupted him again , seth just give up trying to talk me into not listening . i took my own stick and threw it at him . he ducked , of course , and it landed on the ground . what if whatever youre not telling us happens and we never knew ? he looked down and mumbled something that sounded like , you couldnt help . when he looked back up he said , fine you win , ill tell you . you know , when emily asked for any warnings that we were given ? i had a bad feeling where this was going . it didnt actually include you or anyone else , so i did n't say anything . they said that i would betray you all and be kojas ' servant . i would be the key to the downfall of igneeria . i do n't know what to do jazell ; i do n't even know if those things are true . they wo n't attack me and i swear , if you gave them a minute , i bet they would help me . he was talking so fast the words almost blurred together . i do n't know what to say seth , i said . maybe you should n't worry , maybe they 're wrong . if you say it wo n't happen , it wo n't . i saw seth relax a little and the look on his face was more like himself . i was perfectly happy with the way everything was right now until i saw the small outline of a toad dwarf nearby ."
42,20,"uh seth i do n't think this is the best time to mention this but i think we have company . he swore under his breath , and we both entered the dwarf 's world together . sure enough , it was a dwarf but there was something strangely different about this particular dwarf . he just walked toward us as if he was n't afraid that i might put an arrow through his head . just as i was about to release my arrow , the dwarf cried , please stop ! i dont know why i listened to him but i didnt pull the string . the dwarf was acting different than the others ; its pudgy eyes were filled with fear at the sight of my arrow . your kind has done nothing good to us except make us confused and our lives more complicated . oh youll have to excuse my brethren ; they have a tendency to be rather annoying . he took a long frightened look at seths sword . good sir , before you try to slay me , i have a message to deliver from her majesty . i lowered my bow because i had a feeling i wanted to know what this message was . if it was a lie , seth and i could kill him anyway in a blink of an eye . seth , maybe we should hear what he has to say . ive had enough of listening to dwarfs , seth hissed . oh please , sir , listen to the good lady ! i do not bring news that will cause you pain , but i bring news of the pain of others . he sighed and lowered his weapon to the ground , its tip digging into the dirt . the dwarf relaxed a little , but its body was still full of tension . her majesty requests that i tell you about youre real destiny ."
43,20,"she believes youve been in the dark long enough . yes , he said , a little more relaxed , it must take place in igneeria , where you are truly needed . but wait , arent we in igneeria right now ? the dwarf gave a quick , half-hearted laugh . youre in the half-way , the place between earth and igneeria . the half-way can act as a gate , or passage into earth . it seals off the two worlds and if a monster were to make it as far as the half-way , it would have a truly difficult time completing its journey because it wont find a way in or out of this place . so let me get this straight , i said slowly , were not in igneeria right now but some half-way ? the entrance changes but its current location is in your town . but dont get the half-way confused with igneeria , miss , for they are quite different . especially now , with all the dark events that have been occurring because of his rising . never say his name unless youre sure hes not around . i dont have to be told a million times . now what else do you need to tell us about our destiny . oh you have to come to igneeria , miss . buddy , you just show up talking about some destiny that we dont know about and then you say that we have to come to some place thats not here , and you expect us to go ? what about our families and people whod ask questions , if we disappear . what do we say , oh sorry about that everyone , we just felt like leaving earth to go to this magical place called igneeria to do something that we dont know about . well of course , there will be some minor difficulties , he said . seriously , did you not hear a word i just said ?"
44,20,"he placed his pudgy hands on his small hips . miss dont you think that her majesty would have this all planned out ? why not , we have to tell our parents something . the dwarf seemed to bounce up and down . it has sir , but i dont know what her majesty did . all i know is that all of you have to go home to get ready . my mind whirled with all this new information . all of you must free our world from darkness , from him . *** seth and i walked back to our clearing , both our brains not thinking . we could barely take on a mass of monsters without dying , so how were we suppose to take down an evil , powerful demon ? as the trees parted away to show the empty ground , i spotted emily and jason looking like they were about to go to war with a bunch of sticks . when they saw us appear , both dropped their weapons and smiled at us . hey seth , it looks like jazell didnt kill you after all , emily said and flashed me a grin . what was that all about anyway , jazell ? i opened my mouth to spill the whole truth when seth glanced at me . i sighed at his expression , knowing that i couldnt tell anyone if seth didnt want me to . i didnt want to make it worse by revealing what i knew . when i didnt reply , she covered her mouth with her hand to try to cover her chuckles . oh then , she giggled , i hope you two had a nice chat . we have to tell you guys something , i told her and jason about how the dwarf had showed up and what he said about igneeria ."
45,20,"emily listened quietly but when i got to the part that we were supposed to go there , her mouth fell open . were supposed to just leave and go there ? he told me , and i quote , miss did you not think that her majesty would have this all planned out ? i personally think its all a little skeptical , dont you ? yes , she said , digging for a pencil and paper from my bag , i do . we dont even know who this majesty is and if this information is reliable . i understand the half-way part , that makes sense , but the destiny part doesnt . the dwarf said to meet him tomorrow morning near the thorn that reaches the sky . jason stepped over and spoke instead of emily , who was furiously writing everything down , as if shed forget in a couple of seconds , it could be a description of something in town , maybe a building or a landmark . i suddenly got an idea and took another piece of paper out . hey jason maybe you could draw what you think it might be and that would help us . i knew that his drawing would probably help us . he was the best artist i knew , his artwork was almost real . hey guys , emily piped up from her paper , i think we should get home and speak to our parents . i want to see what this dwarf was talking about when he said that everything was already arranged . seth and jason grinned at me and said together , you bet . that is if we can find the place , emily reminded them . i turned the door knob and walked into the kitchen . my mom and dad were sitting in the living room looking extremely excited . before i even had a chance to say hi , my mom jumped up and rushed over to me ."
46,20,"you never told us that you applied for a summer camp ! you also didnt tell us that you were to be picked from the best . um , i choked out in surprise as i was squeezed , i wanted it to beuha surprise . i managed to get the words out and seem intelligent . my mom released me from her clamp-like hug , well i am surprised , and very proud ! would have been nice if he had warned me , i thought bitterly . my dad got up and glowed happily behind my mom . youre supposed to leave tomorrow , so you better pack . i said quickly , while i backed up towards the stairs . as soon as i reached them , i shot up so fast you would think i was running for my life . i closed the door , locking it behind me and then dialed emilys cell phone as fast as i could . i sat on my bed as the phone rang three times before i heard it click . jazell you wouldnt believe what my parents just told me . they say i signed up for some camp and- i know the same thing happened to me , i interrupted her quickly . i hear her breathe heavily , this is crazy , its just happening too fast . we have to go or well be in big trouble with our parents . but the thing is we dont know where this meeting place is and- she was cut off by the ringing of my phone . wait a minute emily , ill have to put you on hold . she huffed in reply so i pressed a button and said , hello ? its me , jazell , jasons voice said breathlessly ."
47,20,"a shuffle of paper sounded as jason moved around . its at the art statue , the one we call the rising hill . of course , when we were younger , we used to try to climb it . it was jason , he found the meeting place , i said . its the public art piece we use to climb . after dinner i was laying in bed , my mind spinning . i still couldnt believe where i was going tomorrow . chapter 6 i opened my eyes the next morning , the suns rays shinning through my bedroom window . i didnt roll out of bed for a minute ; instead i lay staring at the ceiling trying to prepare my brain for the day ahead . i heard my mom and dad walking downstairs , talking excitedly about where they thought i was going to go today . i rolled off my bed and walked sleepily over to my dresser to pull out a pair of jeans and a shirt . after i had pulled the shirt over my head , i grabbed my half empty traveling bag and headed down stairs . i dropped my bag near the door and walked over to the kitchen table . my mom had placed a full plate of eggs and toast on the table ; i sat down and started to eat . my mom hurried over and glanced at her watch . you have about a half an hour until you have to leave . i responded with a quick shovel of food . within 25 minutes , i was standing by the door with my stomach all queasy . my mom rushed forward and gave me a quick hug . no doubt that i was going to be very careful indeed ."
48,20,"i stepped outside and the door closed behind me . my mom and dad watched from the window , waving happily to me . i returned a slow , uncertain wave and hurried off towards the park . as i entered the park , i spotted the rising public art statue . the shape twisted and stretched towards the sky , trying to touch it . now that i really thought of it , it did look like a thorn . i dropped my bag and leaned my back against the statue , closing my eyes . i wondered what igneeria would be like . maybe the place would be pretty decent jazell ? emilys voice scattered my thoughts and i opened my eyes to see her walking briskly towards me . she too had an empty bag slung over her shoulder . she dropped her bag next to mine and leaned against the statue . finally emily opened her mouth and said , what are you thinking about ? the question had caught me by complete surprise . surely you must be thinking something ; were going to some other world ! i was just wondering what it would be like in igneeria . well , she said thoughtfully , i was thinking about kojas- emily dont say his name , i dont feel like being yelled at again . i was thinking about him , if i must call him that , and what hes like . emily isnt it obvious ; hes evil for crying out loud . i know that jazell , gosh , but i was wondering what he looks like ."
49,20,"emily twirled her hair , i know but im just curious . if we do end up fighting this guy , youll get your wish . minutes later , jason emerged from the trees and dropped his travel bag on the ground . he leaned against the statue next to emily , giving us both feeble smiles . so , he said , trying to sound happy , travel day today , huh ? okay looks like ill do the talking , jason said . no , jason were both jumping for joy , but its so deep down that instead we both look like we want to slug you , i said sarcastically . jason sighed , okay , you would say something like that . i thought in a mood like this you would be lessannoying . as soon as he finished his sentence , i wacked him as hard as i could . seth showed up after that , placed his bag on the ground , leaned on the statue next to me , and didnt say a word . we all stood there waiting for the dwarf to show up . right as i was about to give up and say we had the wrong place , he appeared . jason saw his blurry outline first and signaled us to enter the half-way . the wind whirled around me , and i walked over to the dwarf with the others . the dwarf was breathing heavily , trying to catch his breath . all four of us stood there waiting and when he got his breath back , he spoke . i am glad that you accepted my message , he said to seth and me . then he turned to emily and jason and said , ah , its great to meet the other two . hi , emily said , looking a little freaked out ."
50,20,"so now that youre here , are we going to get a move on or what ? he shuffled off and disappeared behind the statue . as soon as i was on the other side , i gasped at what i saw . two entwined hooks were mounted on the top . each side was twisted metal that ended in the ground . in the center , two pieces spun together and ended holding a pulsing , black crystal . you should have been able to look right through the archway but there seemed to be a sheet of transparent black glass in the way . this is the door to igneeria , the dwarf pronounced proudly . this , he motioned to the dark archway , ca n't be described by one word . the old seth seemed to be coming back , which was great . i was getting really tired of quiet , watching seth . then how about the coolest thing on earth ? boys , i still dont know how they find this interesting . she pointed to jason and seth , who were continuing to guess random names to describe the arch . yes , completely , i said and fought a laugh . dont try to understand or youll get lost in the complicated labyrinths that are their brains . i think this is the most thinking the two have ever done , emily said with a sigh and shook her head , making her pink curls dance . i was about to say something else when the dwarf gave a loud cough . jason and seth fell silent , outlined by the eerie glow of the arch . you must know a few things before you enter , the dwarf said , pacing back and forth ."
51,20,"he reminded me of a teacher instructing a class . first of all , once you enter , there is a chance that you wont be able to leave for a while . second , igneeria is wild and offers little protection . you might get seriously injured , or you might almost die . anyway , the dwarf said quickly , obviously seeing our surprised faces , i think all of you can deal with that . the answer to that question doesnt really matter . the dwarf held his hand out , shall we go then ? the dwarf gave me an annoyed look and walked towards the arch . i expected him to go right through but he disappeared in a swirl of black mist . is going to a different world supposed to be vacation-relaxing-in-the-sun easy ? you implied it , i said , with a roll of my eyes . he sighed and pushed me into the doorway , the dark , swirling mist swallowing me up . i felt his hands leave my back for a second and then they were back . the chilly feeling welcomed me , like a long lost friend . as soon as the mist cleared , i was standing in a forest clearing . the sky was hazy and dreary , making me want to run back to earth . but when i turned around , the door was gone . emily looked terrified , her eyes bigger than the eerie moon above . jason was frozen next to her , eyes darting around at the shadows . the dwarf stood perfectly calm in front of us ."
52,20,"no one spoke because there was nothing to say . i heard rustling in the trees and dozens of creatures came thundering out . i noticed thrashers , frost beasts , swamp trolls and many others i have never seen . they lumbered towards us , teeth flashing in the moon light . the dwarf 's eyes widened in alarm , i swear , sir , that i knew nothing of this ! i warned you that you must be prepared for anything . seth , i said slowly , placing a hand on his shoulder , do n't attack him , we need him to help us get through igneeria . i felt his shoulder muscle tense under my fingers but he lowered his blade . he did n't sheath it though , because he would need it in the fight . he glowered at the dwarf , do n't think that i trust you , dwarf , he said angrily . you 're only alive because jazell makes a good point . but if i find that you are lying to us , he sliced the air , you 're going to have a lot more problems than you think . i gripped seth 's shoulder and he turned around to face me . i saw distrust flash in his eyes but he gave me a weak smile . we turned to face the monsters heading for us . seth charged ahead , slicing thrashers and frost beasts . it soared into a swamp toll 's head , making it shout out in agony . seth spun around and plunged his sword into the troll 's side . it gave a screech and fell to the floor , dead . emily raised her hands and vines shot from the ground and wrapped around a troll that had tried to crush seth ."
53,20,"i aimed an arrow at its chest and the troll fell to the ground next to the others . the last beast fell , dead from jason 's knife , and we all took in a deep breath . seth sheathed his sword and i slung my bow back on my back . emily sat on the ground next to jason , seth and me as the dwarf stood in front of us . sadly , he started , i can not be with you all anymore . i protested and stepped in front of him . do n't you dare think about killing him . he got us here- and he 's leaving us here in some random place when we have no clue what to do or where we 're going , seth interrupted me . i 'm very sorry , sir , but her majesty told me to bring you here and then to report back . i must tell her about the ambush , someone knew i was bringing you here . no , she will see you when she believes you are ready , he turned around and disappeared into the woods . wait , jazell , seth called after me and i heard him follow . the trees parted and the dwarf stood in front of me . i turned around to see her smiling at me . if he does n't want to help us then it 's his fault if we do n't get where we need to go . we should find somewhere to stay for the night , jason suggested . seth nodded and we followed him deeper into the dark woods . i walked beside emily as the trees passed us . things seemed to watch us from the shadows and i felt like some poor little kid who was afraid to be a victim of a halloween jump-out-of-the-bush scare trick . a little flame of fire flickered to life in her palm ."
54,20,"ah , i know what you mean , she said and hugged me . but do n't worry , they , she motioned to the boys , do n't have to know . they 'll find out eventually , i mumbled . i bet they must have some kind of fear themselves . it 's like going throw the bogey-man 's home . he must not get a lot of visitors , emily commented . i 'm defiantly not coming over anytime soon . emily laughed and the boys stopped walking . the trees parted to reveal a rock ledge . i spotted a small cave , the entrance covered in thick , twisted bramble . the sky was getting even darker and more ominous when seth turned around to face us . we 'll head for the cave and stay there for the night , seth said . or maybe you 'd prefer to sleep in the open . uh i think i 'll stay with that plan , she said quickly . she pushed past him and headed the path to the cave . i followed emily , with jason and seth on my heels . when we reached the blocked cave entrance , seth drew his sword and sliced the vines apart . they fell to the ground and the cave was revealed . we walked inside the dimly lit space and i sighed in relief at some safety . the air smelled musty and i had a feeling no one had ever been here ."
55,20,"i sat on the floor next to emily and the boys sat on the opposite side of the floor . we should all get some rest , seth said with a yawn . we can figure out what to do next when we wake up . i nodded sleepily and laid down on the hard ground . i closed my eyes , feeling a strange tiredness come over me . i barely heard seth mumbled , i do n't like our situation at all . i was standing on a dark cliff , the eerie moon high in the sky . the wind whipped at my hair , causing me to see the green strands in front of my eyes . the cold nipped at my cheeks and nose , which i tried to rub back to warmth . i stood at the edge of the cliff and gasped when i looked down . underneath me , hundreds of monsters gathered around a fight . i couldnt see who was fighting inside because a swamp troll blocked my view , but i knew it was brutal the way they whooped at a screech of pain . i wanted to close my eyes and look away , but i was so curious to see what was going on , that i couldnt . the crowd parted to reveal the scariest and most hideous thing ive ever seen . it must have been some type of faery because i could see long , pointed ears sticking up from the sides of its head . long , black hair was stuck out in all directions on top of its head looking slimy and dirty . sharp , twisted horns sat on top of its head , gleaming in the dark . a long , billowing black cloak spiraled out behind it , completely covering the rest of its body . its eyes shined red and full of hate , although there was a terrible smile that danced on its face . the crowds of monsters roared in applause and excitement ."
56,20,"the trolls banged their clubs on the ground , on their chests , and even on each other . the howl of a frost beast rose into the night , making me feel even more chilled . i needed to find out what that thing was and what it had killed . i also had a horrible feeling , deep down that made me know that this wasnt a dream but some type of vision . this was happening in real life , right now in igneeria . that proved that igneeria had worse things to hide than what we thought was bad . the thing walked forward and the crowd parted to make it a path , falling silent . i find myself creeping back until i could barely see the scene below . then i got a glimpse of what it had killed and i had to hold back my tears . the poor body of the dwarf who had brought us here was lying in a contorted heap , limbs twisted in all directions . the scene was awful and i had to prevent myself from throwing up . then i knew why they beat and killed him . this dwarf must have betrayed kojas to bring information to whoever her majesty was and to help us into igneeria . i suddenly knew that this dwarf was much braver than we had given him credit for . i suddenly felt awful because i knew who the thing was . chapter 7 the little traitor thought he could fool us , kojas announced , but he was wrong . his death does not matter to me but what matters is what he could have said and done against us . he continued , his voice flowing with reassurance . i have knowledge that the half-lings have entered our world and our grasp . the dwarf may have done us a favor , bringing them here , without knowing it ."
57,20,"he will bring us to victory , the half-ling boy ! the crowd roared louder than ever , fueled by the thought of victory . anger rose inside me with every word kojas said . seth would not help them and the dwarf did n't make a mistake . the only one making the mistake was kojas . the crowd fell silent as he said , we will find them and kill them . my disbelief grew and a single howl sounded above all . i felt the ground disappear underneath me as i woke up to the safety of the cave . i opened my eyes and had to squint because the light was so strong . i sat up and leaned against the wall , looking around . the sun shone brightly through the cave 's entrance , making dirt particles appear in the air . seth was leaning on the wall , twirling his sword in the dirt , not appearing to notice that i was awake . emily and jason were sitting in the center of the cave , playing some kind of hand game . jason hit emily in the arm and she started yelling at . so , this is typical thing to wake up to . he looked up from the ground and saw my troubled face . i need to speak to you , i said in a low voice , alone . seth nodded in understanding and i followed him out of the cave . we stood off to the side near the edge of the cliff where emily and jason could n't see us . for a minute , i did n't say anything because i did n't know what to say ."
58,20,"i hesitated , but knew that if i told anyone about the dream , it would be seth . only it was n't really a dream , but more of a vision . i told him about the cliff and how kojas had killed the dwarf . i hesitated but told him what kojas said about him too , and i saw him stiffen . it 's not your fault that he said those things about me . i 'm happy you did n't try to keep it from me . well we know that the dwarf is dead and that kojas knows we 're here , seth said . we also know he 's going to be looking for all of us . we 'll just step up our game and do a little more running than we 're used to . ya , i said , feeling the fear creep up again . jazell , it 's okay to be scared , seth looked me in the eye . i 'll admit to you , only you , that i 'm scared too . hey smarty pants do n't be sarcastic with me . i laughed and shoved him back , do n't tell me what to do , bossy . well , he teased , at least i 'm not going around making fun of friends who are scared . i opened my mouth to say something smart when i heard a small , ahem , at the cave entrance . i looked over my shoulder to see emily standing there , leaning against the rock wall , smiling in a way that made you happy ... but scared . i mentally braced myself for whatever was coming from my eavesdropping friend . so , she said casually , what are you guys talking loudly about ? what 's wrong with two crazy , half-ling kids going outside in the morning because they 're both tired of listening to their other two friends bicker while they play hand games ?"
59,20,"well , you know it 's weird that you two are talking alone , without letting the rest of us know what it is , she shot back . unless you two are hiding something from us ? why would we hide anything from you two ? i do n't know , but you two are acting like you are hiding something . she stopped and gave me a wicked smile . unless you two were not talking- god no , emily ! no way , we were just trying to get away from you two because i just woke up and you guys are really loud first thing in the morning . fine , do n't bite my head off jazell , i was just asking a question . then she turned and disappeared back in the cave . i had the feeling that she knew we were hiding something . do you think we should tell them about my vision ? maybe we should , but not include the parts about me . seth , i said slowly hoping he did n't get mad at me , we should tell them what 's going on with you eventually . what if kojas comes for you and they have no clue why- no ! he said sharply , and the tone of his voice surprised me . i ca n't jazell , i would n't have told you if you had n't ran after me demanding to know what i was hiding . it 's a lot better than hiding this on my own . emily will find out eventually , and when she does , she 'll kill you for keeping a secret from her . let 's hope it is n't until you and i figure this thing out . i nodded and walked back into the cave ."
60,20,"emily and jason watched us enter and i swallowed nervously . seth gave me a small nod , signaling me to start telling them about my dream . listen guys , i had a dream , i said and repeated my dream again , minus the part about seth . emily and jason listened to every word i said . when i got to the part about kojas , emily 's mouth made a small o and jason 's eyes widened . my voice shook as i recalled the dwarf 's dead body . she hopped over and gave me a small embrace . uh ... thanks emily , i said and allowed myself to be hugged . she bounced back over to jason 's side and waited for me to continue but there was nothing else to say . i had told her everything i needed to tell her . did she somehow know that i was n't telling her the whole story ? i looked at seth out of the corner of my eye and saw him doing the same . we needed to talk longer and more in depth about the situation we were sharing . so , emily said and tapped her fingers on the cave wall , is that all ? well then , she looked us in the eyes , what are we waiting for ? let 's get a move on and leave this small , damp cave . the sky was lit but still had a gloomy feeling mixed in with the warmth . i felt a sense of dread as we entered the never-ending forest again . a few rays fought their way through the thick canopy of trees , making it possible to see what was around you . seth led the way as we followed a faint path through the unknown ."
61,20,"i was bringing up the rear of the line , emily in front of me . i watched her cloak swish around her ankles , the rhythm surprisingly soothing to me . the silence was unnatural , and i felt like there should be some kind of sound . out of nowhere i heard a single rattle . a feeling of unease rose inside of me but i kept walking . then another rattle that did n't end sounded , vibrating all around us . another seemed to join it , then another and another until the noise was unbearably loud . sick , quiet laughter sounded all around us . it giggled and laughed in amusement , shrieking at us . the laughter stopped , but the rattle did n't . but whatever it was , it surrounded us . i saw seth draw his sword and the rest of us readied our weapons . i gripped my bow so hard that i was afraid it might break in two . no challenge , something else piped up . the king under estimates our abilities . this was seriously starting to freak me out . it was like the dead were talking to me , and i shivered . they slithered from the shadows of the trees and bushes . there hundreds of them , each easily my height . they were covered in black , grey green scales that were each the size of my hand ."
62,20,"they were layered on its body like plated armor . their beady dark , red eyes sent shivers down my spine . i slung my bow back over my shoulder and grabbed my hunter 's knife from its sheath on my side . one stopped and raised its head up towards me . it opened its mouth to reveal rows of sharp , yellow fangs . what are you going to do with that , half-ling ? it said with a voice that sent needles into my skin . a knife wo n't do a thing against something like me . i almost listened to the thing and started to lower my weapon but i caught myself . so how are you going to save your friends ? i did n't know what it was talking about until i looked over . seth was stiff and frozen , his eyes following one of the snake creatures that was climbing its way up his leg . it twisted itself around his arm and brushed onto his neck . seth swung his sword at the back of the snake but there was a flash and it sliced his arm instead . the snake had wrapped around his neck and was squeezing . i gripped my knife but stopped when the creature snickered from the ground . i would n't do that if i were you , it said . if you have n't realized it yet , we change our shapes . your friend already hurt himself learning that . he was bent over and was grabbing at his neck ."
63,20,"i then realized that the snake was now a smaller brown colored snake and had its whole body wrapped completely around his neck . i had an awful feeling that i could n't help seth without hurting him . emily and jason were farther off fighting their own swarm . i could see from here that they were slowly losing too . emily continued to try to fry the creatures or knock them away with air , but it was n't really working . i kept seeing jason 's knives fly off into the woods , or sink into the ground , instead of hitting their mark . and now half-ling , it whispered with joy , you die . i had a sudden feeling inside and i stabbed at the creature . it tried to change forms to avoid the knife 's path but somehow my knife stabbed it anyway . i gasped as the body fell to the ground and even some of the creatures , around stopped . they murmured among each other , she killed a syphon ! so the awful creatures were called syphons ? i made a mental note to tell emily about this . that is , if all of us didnt die first . they screeched in anger and i felt their eyes on me . every single one was full of burning hatred . but i ignored the feeling and focused on seth . his eyes locked on mine as he wheezed and he sent me a clear message , help . not that i needed his permission anyway , it 's just seth never asked for help . i , again , suddenly knew the syphon 's weakness but i did n't know why or how ."
64,20,"i could sense some dark black area on the neck just like a target dot . i stabbed it and the creature gave a dying hiss , falling to the ground too . seth rubbed his neck and grabbed his sword . seth grinned , sure , jason is n't going to be happy about me saving his butt . well he can deal , i said and walked quickly towards emily and jason . i reached emily in a few , quick strides , stabbing some syphons that were trying to attack her . she looked up at me and opened her mouth to ask me how the heck i did that but i shook my head . jason spun around and began to stab them as i suggested . he ducked and i say their number start to drop because of his quick reflexes . the syphons were starting to look uneasy , hesitating before they flung themselves at us . they gave one more angry hiss at us and disappeared into the woods . the bushes and trees rattled and then the woods were silent . i could hear everyone 's heavy breaths as we turned to face each other . so , i said and wiped the sweat off my knife 's handle , that was something , was n't it ? jazell , how the heck did you know how to kill those things ? i do n't know how i knew where to stab them . seth shook his head and leaned against a tree . how come you get some random power when the rest of us do n't ? i leaned against the tree next to him and rammed my elbow into his side . but it did save our butts so i 'm happy , i magically gained it ."
65,20,"well i hope i get some cool power too , emily said and stretched . whatever , jason said and twirled a knife in his hand . he seemed to go back to say-a-few-words-and-then-say-nothing-which-drives-everyone-crazy . wow , thanks so much for the support , jason . her head shot up and she gave me a big smile . we should get moving and find somewhere else to stay . if we stay and argue in the forest , something worse is bound to find us . right , lead the way , i said and pushed off the tree . seth nodded and i walked beside him as he led us , once again , through the woods . emily and jason were talking quietly about something which gave us both the opportunity to talk . i mumbled to him and pushed a branch away . he looked at me from the corner of his eye . obviously , why else would they say that the 'king ' would underestimate them ? i lowered my voice so only he could hear me . i thought you said they would n't attack you . the syphon said he would be rewarded for grabbing me . i think he was n't trying to kill me but trying to knock me out . he nodded but he seemed somewhere else . he sighed and said , i hope they wo n't go too far to achieve that , or it 'll get harder to hide this from emily and jason . but you still refuse to let me- no , he said sternly ."
66,20,"fine , i said and threw my arms in the air . at least i tried but you 're just too stinking stubborn . ow , that hurts , he said and clutched his side . i laughed and felt the world brighten a bit . you just love to insult me , seth grinned . it will be if you keep annoying me , i fought the urge to punch him again . he really is the most annoying person i 've ever met besides emily and myself . wow , he was going to have us both beat . i 'm sorry to interrupt your playful banter , but are we actually looking for a place in particular or just some random cave ? emily 's annoyed voice asked us from behind . yes , just a random cave or a place to stay . well , she said , a cave wo n't be found in a forest , so should n't we be finding a way out of the forest ? i know that , emily , he said and pointed to the trees . i 'm hoping that we find a clearing soon . fine , she said and crossed her arms , i 'm sorry i interrupted your conversation . then she started talking to jason again . seth made a cat noise and clawed the air , someone 's a pussy cat today . be quiet seth or she 'll hurt you , i said and looked over my shoulder . emily seemed to have heard that and she winked at me . i would be , i said and had to fight another smile ."
67,20,"i could tell it was getting past noon because the air started to get cooler . i was suddenly really jealous of emily 's long robe . i also was getting hungry and wondered if there was any way to get food in igneeria . a huge rumble startled me and i looked up at the sky . we were in a clearing and i could see the sky clearly . dark clouds covered the sky and a rumble shook the air again . a single drop of water landed on my cheek . another drop landed on my forehead and then on my chin . then they started to pick up speed and i covered my face with my hands . the rain streaked through my hair , soaking it to my head . seth looked extremely annoyed as he stood there , his blue hair plastered to his face . his eyes were half covered by his hair and his eyes locked onto mine . jason had his arms over his head , trying to keep the rain off his red hair but i already saw dark spots all over it where the rain had escaped his arms . emily 's pink hair was dry and safely under a hood . we better find some shelter because the rest of us are getting soaked to the bone . i 'll take the lead , i said and ran in front of him . you 'll lead us into a dragon 's cave if you take the lead . i walked through the trees and took a right . found a cave , that was n't too hard seth , i said . i ran towards the cave , eager to get out of the rain and into somewhere dry ."
68,20,"emily , jason , and seth ran up behind me and we stared into the cave . i took a deep breath and started to enter the cave . all of a sudden , a roar made me freeze . two nostrils and eyes popped up from the cave . chapter 8 i stood , frozen in fear at the sight of the dragon . the piercing green eyes bore into mine and i was more scared than i had ever been in all 15 years of my life . seth yelled and pushed me behind him so hard , i almost fell over . i caught myself and pulled out my bow , notching an arrow . all of a sudden , emily walked towards the dragon . seth yelled at her to get back but she ignored him . she stood right in front of its head and opened her mouth , bizarre sounds started coming out . we all stood there mesmerized as she grunted , growled , snorted and hissed at the dragon . i expected it to just take a huge bite out of her , but it seemed as surprised as we were . i shouted to her and started to walk over . he shook his head and nodded over to the dragon . i looked and to my surprise it was bending down to let emily stroke its head . she patted its head and it curled up outside the cave . she bent down to whisper something in its ear and then stood up again . well , she said looking at us , what are you waiting for ? i glanced over at the dragon , which was now asleep and making small puffs of smoke in the rain ."
69,20,"i sat on the cold stone floor , shivering . i was soaked to the skin and my hair was completely plastered to my head . seth sat next to me and i could see he was shivering too . jason slid down the wall across from us with his eyes closed . i never want to walk again , he mumbled . we have a lot of walking left to do , seth said wearily . jason groaned and circled up against the wall . emily pulled her hood off and examined herself . she mumbled something and squeezed her sleeves . you 're freaking dryer than all of us and you got some awesome power , too . i hate even being a tad wet so i feel like complaining . jason scowled and closed his eyes again . i 'm sleeping and if anyone wakes me up and it 's not to kill something , i 'll stab them with my dagger . wow you 're just a sparkly rainbow today , i said . emily sat near the entrance of the cave . i heard jason 's breathing slow down which met he was sleeping . i found myself pressing my shoulder to seth 's , trying to find warmth . heat flowed into my shoulder but it was n't much . oh well , you ca n't always be satisfied . emily , how did you keep that dragon from attacking us ?"
70,20,"you were making funny sounds that made no sense to me . what do you mean , i was speaking english and so was the dragon . no you were n't , you were making grunting and growling sounds . that 's odd , i did n't think i was , she said . i told the dragon that we were four half-lings who needed shelter from the rain . then he asked if we were against kojas and i said yes , that he was hunting us . then he told me that he would let us use his cave because he was on our side . then i thanked him and here we are , inside the cave nice and dry . maybe that 's your power , you can speak to dragons , seth suggested . but i do n't understand how you two get powers and we do n't . yes , emily murmured and stifled a yawn . all right then , he said and leaned against the wall . yup sweet dreams to us , i said and closed my eyes . i drifted off , feeling surprising comfy against seth 's shoulder and hearing jason softy snore . i opened my eyes to see myself standing in the woods . the sky saw clearer and it was n't raining anymore . it was eerie quiet and as i stood there it felt like i had never left the woods . i heard a voice whispering one word over and over again . why do you have to repeat my name over and over again , it 's creepy . i stomped my foot in frustration and yelled , beware of what ?"
71,20,"i know how scary shadows are and i do n't need you to tell me that . jazell ... that 's it , i said angrily . i ran towards the voice , which was hard because it sounded like it was everywhere . a bright light flashed and i saw a ghost-like girl disappear in the darkness . my eyes widened as i saw seth and then darkness . but not before the voice said one more thing . *** i opened my eyes and shot up so fast my head collided with seth 's . seth stretched his arm to rub his eyes . i looked at the beads of sweat on his forehead . i 'm just hot because when someone sleeps on someone else , that person kind of gets hot . you fell asleep leaning against my arm . it 's not a problem , at least no one was cold , he said . i had another dream and i saw you in it . there was a voice calling my name , i said , remembering the creepy dream . it was saying to beware of the shadows . then i saw this ghost-like girl before i saw you . mine was calling my name too and said to beware of the shadows . then i saw a glimpse of you and then i woke up . i do n't know but i have a feeling that they were n't on kojas ' side , he replied . i glanced over at emily and jason , making sure they were still sleeping ."
72,20,"why do you think they were in our dreams ? was the 'beware of the shadows ' that important ? does any of this ever make sense to us ? she opened her eyes , squinting at the two of us . i asked , wondering if she had the same type of dream as we did . okay , she stood up and tip toed towards jason . now the best part , waking up the grump . she took in a deep breath and then yelled at the top of her lungs , pie ! jason jumped up so fast that emily had to jump back to avoid getting hit in the head . he almost fell backward but he steadied himself against the wall . one of his knives slid into his hand but by the time he realized what was going on , we were all laughing hard i was getting the hiccups . jason panted out each word , that ... is ... not ... funny ! he glared at emily so hard she must of thought that he had laser eyes . emily was holding herself and trying to stop laughing so she could speak . i 'm sorry jason ... but you were such a grouch yesterday ... we had to get you back ! i will get you back , jason said angrily . but you 're going to have to wait a while . dude that was hilarious , seth choked out and had a smile on his face the size of the cave . i 'm surprised you did n't scream like a little girl . i thought i 'd get some support from you , seth ."
73,20,"we all need a good laugh to keep our spirits up and if that means scaring the crap out of me , i 'm fine with it . so you 'll be fine with me dragging you outside while you were sleeping and leaving you in the rain ? you can do that if you feel like having me be grouchy all day . are we just going to sit here and talk or are we going to get a move on ? alright then , emily said and walked out of the cave . if you want to go in the dreary woods so bad , we 'll go . jason walked after her , shoulders hunched . i went to follow him when seth said , we should tell them about our dreams . we should , they need to know in case they have ones like ours . seth nodded and followed me as we joined everyone else outside . emily waited for us and then headed into the woods . she waved to the dragon and we disappeared once more . i stared off into the trees , waiting for seth 's cue to tell them about the ghost kids . seth raised his hand , signaling for us to stop . he put a finger to his lips and pointed in front of him . i crept up and peered at where he was pointing . a bunch of dwarves and tall , muscular men crowded around something . the men had double swords sheathed on their back , long ears , and long black hair . they were wearing some type of combat boots and thick coats . one of them moved and i saw a tied dragon staked to the ground ."
74,20,"it continued to try to stand but it seemed to weak and fell back down . i heard emily gasp in horror and i felt the same way . one of the men poked it in the side with the butt of his sword and the dragon grunted in pain . she looked like she was about to start crying any second . he shuffled forward and motioned for us to follow . we slid through the trees as quietly as we could . i kept my eye on the faery men , waiting for one of them to turn around and notice us hiding in the trees . i ducked behind a tree and looked over just in time to see emily trip and fall out of her bush . the faery and dwarves looked at her in surprise . i guess theyve never seen a teenage half-ling girl fall out of a bush before . the faery men drew their double swords and charged at her . i released an arrow and it buried itself in one of their necks . it fell backward and they turned to my hiding spot , searching for me . two knives flew and a dwarf and man collapsed on the ground . i saw jason hide behind his tree again . one dwarf got too close to emily and she raised her arms , dousing him in flames . he screeched and fell to the ground , withering and then went still . seth ran from the trees , brandishing his sword . he swung it around and clashed with one of the faery 's swords . the faery brought the other around and seth twisted to avoid it ."
75,20,"he grabbed the blade and flung it out of the man 's arms . he roared angrily and threw his sword down on seth , who raised his up to block it . seth pushed back , but i could see him shaking . right when i thought he was winning , my mouth dropped open . time seemed to slow as one of the other faery guys ran over to seth and the one he was locked with . the faery raised one of the hilts of his sword and brought it down on seth . it collided with his head and seth dropped his sword . he crumpled to ground and did n't move . he did n't move and one of the faery men reached down to grab him but i screeched , leave him alone ! and sent an arrow into the guy 's neck . i heard jason yell in rage and they started to drop like stones . emily raised her arms and the ground shook under a faery . roots twisted upward and wrapped around one of the five faery men that were left . the other four fell dead from my arrows and jason 's knives . i ran out from behind the tree and stormed over to the squirming faery man . or i should to call them faery jerks now . i grabbed his coat and forced him to look at me . he smirked and i could n't hold back the urge to slap him . i slapped my hand across his face so hard it left a mark on his cheek . who are you guys and what are you doing ?"
76,20,"we were sent to look for you half-lings . well i want you to know something , i said and got closer to his face . we will win this fight , mark my words . kojas is going down , way down if you know what i mean . well , he said , if you let me go i 'll give him your message . i rammed my knife into his stomach and pulled it out . the faery 's eyes rolled upward and he went still . i wiped my knife on my pants and sheathed it . i ran over to jason , who was crouched over the unconscious seth . jason looked up and i saw his face was full of concern . can you help emily , she 's trying to release the trapped dragon , i whispered to him . his eyes were closed and he looked dead . his blue hair was ruffled up in all directions . i was so sure that he might be dead that i placed a hand on his chest , feeling for a heartbeat . i felt the steady thump under my fingers and i sighed in relief . i removed my hand and looked over at emily . they had freed the dragon and they both were petting its head . it stretched its wings and they both had to duck to avoid being hit . seth , i whispered , this is what i meant when i said things would get bad if we did n't tell them . i looked back at my two friends , who were laughing ."
77,20,"i mean they are our friends , best buds , you get my drift . i understand that you 're scared and worried but so am i. i 'm scared that if i 'm the only one who knows about this , i wo n't be enough to help you . i 'm sorry i was such a jerk , i should have listened to you . i turned back around to see seth 's eyes watching me . he was clutching his head and groaning . i helped him sit up and handed him his sword . he laid it across his lap and looked at the ground . i 'm glad that you 're okay and that you 've finally through your stubbornness , i said and gave him a small smile . start in the beginning and do n't hold anything back . i think that if i try to stand up i 'll either pass out or throw up . our new dragon friend offered to fly us out of the woods region and towards more of the mountains . i said yes , of course , because i do n't want to walk the whole way there , she explained and walked towards the dragon . jason grabbed his shoulder to steady him . we can wait a minute if you need to rest , but seth shook his head . alright , boss , she said sarcastically . we walked over to her and the dragon with seth leaning on jason . the dragon was lying on the ground , watching us closely . its long , leathery wings were tucked neatly on each of its sides . it snorted as emily climbed onto its back . i stared at her , starting to think she was a little crazy ."
78,20,"she said and patted the dragon 's back . well , you are n't , so get on his back . i walked over and climbed onto the dragon 's back . jason half hauled seth on the dragon 's back , and seth almost fell on me . he grunted a sorry and pushed himself up in sitting position . jason hopped on last and gave emily two thumbs up . the dragon stretched up and i bounced around for a second . it opened its huge wings and launched itself into the air . if youre thinking of trying dragon riding as a hobby , i wouldnt . i fell backwards and landed on seth who snapped at me to get off . i couldnt move because we were still going up and if you paid attention in science class , this is usually when you cant move . the dragon righted itself and i scrambled back into sitting position . we were gliding high up in the eerie sky and the view was actually beautiful . the trees looked like an endless sea of lush green and the sun peeked out from behind the clouds . i felt the urge to hold my arms out like they do in those movies so i could feel the wind on my arms . it was already making my hair flap all over the place . he gave me a face and said , your hair keeps getting in my face . we turned in the air and i could see the mountains in the distance . they were small but were growing fast as we neared them . i could feel the dragons muscles pump underneath my legs ."
79,20,"small gusts of air rolled off the dragons wings that blew emilys hair in her face . i smiled as she raked the pink strands out of her mouth . we dipped down and i felt the stomach-in-your-chest feeling you usually get from rollercoasters . i closed my eyes and tried to ignore it but i couldnt . i hated this feeling just as much as i hated puking , and the chills that liked to run up my spine at random times . then all of a sudden , the dragon stopped . my eyes opened in horror as i saw the small trickle of blood fall from a hole in the right wing . chapter 9 i screamed so loud that my ears felt like they were going to pop . we plummeted to the ground , falling closer and closer oh man , i thought and closed my eyes . dont look , dont look , dont look really ! this brings new meaning to things cant get any worse ! i gripped furiously to the limp dragon . i was falling to my death : so this is how it was going to end . i never pictured it this way ; i thought i would die a little more heroically , not screaming like a little girl . how can i think , i screeched back , when the ground is rushed towards me at full speed ? i dont know jazell , just think if you want to live , she said quickly . i let out another scream as my body tipped towards the edge of the dragon . i felt someone wrap their arm around me and i gave a grunt as i was pulled upright . seth held me , his arm stiff and somewhat uncomfortable . i was frozen in fear , realizing that i hated falling ."
80,20,"this was worse than my fear of rollercoasters . youre not going to fall- what do you mean , seth ? emily looked at us and she tried to hide the fear in her face . the dragon is going to pull its wings around us to protect us from falling but its going to make us fall faster . make sure you hold on to something or get in the center . seth pressed himself against me and we leaned closer to the dragons back . jason tucked his arms under him and emily pressed next to him . then , as if on cue , the dragon tucked its great wings over us , blocking out the sky and we began to really fall . i screamed louder and sunk deeper into seth , trying to forget that we were falling at about 90 miles per hour without a parachute . i squeezed my eyes in an effort to make it all go away . make it stop , make it stop seth gave me a comforting squeeze but it didnt help . i tried to think of something else , like penguins or llamas . anything , i didnt care what i thought about , it could be underwear , as long as i wasnt thinking about what was actually happening to me right now . llamas are furry and they spit at you when theyre mad . theyre the joke of most middle school kids , theyre talli think . they tend to try to steal your dads hat at the zoo . i dont think there are pink or purple or green llamas out there unless you dye them . i saw a llama once when i was , six at the zoo , and it stole dads hat . they had to send a park ranger to get it back because dad really liked that hat a bone-shaking bang scattered my thoughts . we rolled over and i fell on top of seth and then we both landed on jason ."
81,20,"emily landed on us and we all tumbled onto hard ground . instead i stared at the sky trying to understand how i wasnt dead . i just was hurting all over and my back felt like i was run over by a car . i sat up and my back cried out in protest . i pushed myself into sitting position and crawled over to seth . he had his arms behind his head and was staring at the sky . you freaked out before , he asked , his voice full of concern . i nodded and answered shakily , you know that i hate falling . yes , i was , but i think i was more concerned that you would wake the dead with your screams and they would attack us too . i smacked him lightly on the arm and laid down next to him . well , our winged friend managed to get us out of the woods and near the mountains . he pointed off in the distance and i spotted the mountains towering above everything else . thats good , at least all of this wasnt for nothing . yes , i did n't lose my hearing for nothing , because i had to listen to you scream . nope , it 's going to haunt you for the rest of your life . wait , i said suddenly , were n't you going to tell emily and jason about you-know-what ? seth asked lazily and plucked at the grass . i 'm going to tell them if you are n't . please jazell , let me tell them myself , he begged . i waited for him to let go , but his grip stayed firm and strong ."
82,20,"i know , i promise i 'll tell them , he stood up , his grip still tight . i just do n't think now is the right time . after something like falling out of the sky , i do n't want to bring more bad news . seth stared at me , looked down at my arm and let go . he brushed his dirty hair away from his eyes and looked around . emily was running over with jason on her heels . jason slapped seth on the back and bent over to catch his breath . we were looking around to see if it was safe , emily said . we thought you two were doing the same . i looked over at seth , trying to catch his eye but he avoided my gaze . jason started talking to seth and the two whispered so we could n't hear . i asked and traced the dirt with my foot . maybe we can try to get somewhere without bad guys jumping out at us . we should move , before something does find us . whatever knocked us out of the sky is n't going to be friendly if they find us again , i pointed out . let 's move boys , we have a lot more walking to do . or maybe a motorcycle , i 'm even fine with a golf cart . because , i said and walked past him , not looking back , igneerians are n't lazy jason 's . i heard him huff and emily ran up beside me . i guess if that 's what you want to do ."
83,20,"thankfully , there were no trees anywhere except one . the ground was mostly dirt and rock , easier to walk on . the mountains loomed ahead of us and something tingled down my spine . something was going to happen in those mountains , i just knew . the sky was clearer here and also more windy . the wind tugged at my hair and clothes as i walked . i had to keep squinting to see through my hair . i felt a tap on my shoulder and i looked over . here jazell , use this to keep your hair out of your face , she opened her hand and dropped something in my palm . it was a thin , vine that was about a foot long . it felt like a ribbon to me and i shrugged . i do n't usually wear ribbons and bows ; that was emily 's style . i pulled my hair back and tied the vine . it kept my hair out of my face and acted like a rubber band . we should look for somewhere to stay for the night . i looked around , but everywhere was bare ground , hill after hill . we 'll just have to sleep in the open , she stated and pointed to a huge tree . seth , jason , we 're going to sleep over here . jason sighed in relief and we all gathered around the bottom of the tree . i stretched and leaned against the trunk of the tree , happy for the silence ."
84,20,"but , of course , that never lasts around here . we never got to finish it and see who would win . it does n't matter though ; seth and i would have won anyway . no we would win because we 're awesome ! this is going to go on and on and on and on ... unless you interrupt them and tell them about your secret , i said . maybe i 'll tell them in the morning when they are n't so crabby . you better , i snapped and stared at emily and jason . i felt something on my hand and i looked down . his touch was gentle and cool , kind of reassuring . let them bicker all they want ; we do n't have to be a part of it . my mind was still slow , trying to process why he was holding my hand . alright but if it starts getting crazy , wake me up . if it gets crazy , they 'll wake us up . i leaned my head against the tree and closed my eyes . the world seemed to fade around me , along with the bickering and seth 's hand , as i fell asleep . i opened my eyes to see that i was in a cave . i peered at the entrance of the cave to see that outside it was dark . i walked toward the entrance when something stopped me . do n't go into the shadows , jazell , a familiar voice said ."
85,20,"i whirled around in a circle , looking for the source of the voice . trust me like your shadow , the voice said again . but you said to beware of shadows , i said . you know your shadow , there is a difference , the voice said again . this is confusing , why do n't you understand that ? all the annoying riddles but that 's the way it 's supposed to be . then the voice said stronger , look behind you . i turned back around to see the inside of the cave . a girl was walking towards me , the same one i saw last time . she didnt like it because i was staring at her , but i could n't help it . you 're not supposed to see me yet , she said and sighed . oh well , i never was one to follow the rules . that 's one rule i 'm not going to break . i opened my mouth but she shook her head . do n't ask what my name is or why i 'm talking to you , because i ca n't answer either of those questions . i can tell you that i 'm not an enemy , she said . i can also tell you to be careful about kojas ; he 's tricky and will use your emotions against you . he 'll find a way to get you to come to him instead of him coming to you . let 's just say i know what i 'm talking about . be careful and keep your friends close ."
86,20,"the four of you were chosen because of your unbreakable bond , but even that can be broken . you are strongest when you are together , so dont let yourselves be separated . would n't it be called 'an breakable bond ' , then ? we all know that we picked the right four , but it would be a shame if something happened to all of you before you could complete your goal . i 've said too much already , she said and backed up . *** i opened my eyes and the cold of the morning bit at my cheeks . seth was fast asleep next to me , his blue hair covering half his face . emily was curled up a few feet away from me . jason turned in his sleep , mumbling something unintelligent . i needed to talk to someone , but everyone was sleeping . i pushed seth over and his eyes flew open . his hand went to his sword but he saw me and he relaxed . what was the point of pushing me over , jazell ? well , it seemed better than punching you in the side . just a bunch of nonsense i do n't even remember . it was with the same voice that was in my last dream . only this time , i talked to the ghost girl . she hinted that she knew who made us this way and who attacked us that day , i said . she also said that kojas would use our emotions against us and try to get us to come to him . she also said that we were chosen because of our strong bond , but she said , not to test it , i continued ."
87,20,"she also told me not to go into the shadows . anyway , do you have any information to offer here ? we were getting a long pretty well last night , let 's keep it that way . i felt my face flush when i remembered last night . i was eager to change the subject so i said , are you going to tell them when they wake up ? i heard a loud yawn and emily stretched her arms in the air . she stood up and walked the couple of feet over to me and stopped . i pushed myself up and leaned against the tree . you seem to be in a good mood today , i mused and watched her twirl . she stopped and her face crinkled up in thought . i think it 's because i did n't wake up to be in a never-ending forest . plus , last night jason got so sick of arguing with me he just gave up . that 's only because i was too tired to keep arguing with you , jason said and he sat down next to seth . if it was morning , it would have been different . listen guys , seth said , i have something to tell you . i 've been hiding this from you for a long time , seth began . only jazell knew what it was because she found out that i was hiding something , and demanded to know what it was . so i told her , and ever since i did she 's been bugging me to tell you too . but i did n't want to , i was afraid that i would get you worried about nothing . so far it has n't turned out to be nothing ."
88,20,"the incident with the faery guard showed that clearly . i walked over to him and sat at his other side . the faery could have easily stabbed me through the heart but he did n't because he wanted me alive ; to give to kojas . he 's saying that i 'm going to be his key to success , in taking over igneeria and earth . he wants to use me , i do n't know how yet . they 're going to do whatever they can to bring me to him ; i 'm going to have to be extra careful . i do n't know- seth , jason interrupted him . seth , jason repeated , you are n't alone . kojas is n't going to get a chance to use you because he 's going to have to get through me first . i stood up and faced seth with emily and jason . and he 's going to have to get through me too . i do n't know whether i should be mad at you for not telling us or be happy that we 're all on the same page , emily said thoughtfully . but you better not keep anything else from us or kojas wo n't be your problem . she winked at him and set off with jason on her heels . i think they were going to start arguing about the water war . his eyes seemed to widen in surprise but he did n't tell me to get off . i pulled away , blushed , and started to follow emily 's tracks . seth followed behind me and there seemed to be a new spring to his step . i could n't even keep the smile off my face . at the top of the hill , emily and jason were waiting for us ."
89,20,"a shadow formed behind them and i screamed for them to turn around . chapter 10 emily and jason dashed back to our sides as the shadow became a body . it was bigger than the dragon we had rode . it had the body of a huge cockroach but its tail was a giant stinger . large , bat wings were holding it up in the air . i turned to emily and said , emily , you know anything about this creature ? it 's saying , 'kill half-lings , kill and eat . ' well , you better tell it that it 's going to have to starve this time because it 's not going to be eating anything , seth said confidently and held his sword out . there is no way that i 'm going to say that . i squinted at the creature , and saw a dark circle under its belly . it 's under its belly , but you have to get by the stinger first . no problem , seth replied and swung his sword in an ark . seth its not that simple i said but he ignored me . jason , try to hit its face , he instructed . jazell , youll aim for the belly while we hold it off . if you cant get an arrow in before i can cut off the stinger , then ill have to do it myself . seth ducked and charged the creature , his sword held out behind him . jason flicked some knives into his wrist and flung them at the creature . some hit their mark , which was signaled by the creature roaring out in pain , others fell into the dirt . emily danced close to it , spinning fire from her fingertips ."
90,20,"the creature raised a leg and swatted at her but she just twirled away . the stinger narrowly missed seth , and i saw him stumble back in surprise . it sliced through and the creature screeched so loud i was afraid everyone would hear it . the stinger fell on the ground and dark blood oozed from the cut . i notched an arrow and took aim at the thrashing belly . i pulled the string back and released it . the arrow whizzed through the air and sunk into the creatures belly . seth ran from underneath it right before it crushed him . then there was a horrible sound , like ripping metal . the belly of the creature seemed to open up and winds picked up . seth threw down his sword as the wind sucked at him . he tried to keep himself from being pulled in . i ran up to him with emily and jason right behind me . the winds were so powerful i started to slide toward the body , before i was even close enough . seths knuckles were white in the effort to hold himself down . get back or well all- he didnt get to finish his sentence because his sword came loose and we all were sucked into the black void of the creature . *** i hit the ground so hard my breath was knocked out . i laid there , sucking in painful breaths and staring at the sky . there was something different about it , even though it was gloomy . there was more than gloom and sadness in the air this time , it was something cold , like death ."
91,20,"i shivered because the ground was so cold and hard that it chilled me to the bone . i rubbed my sore back and looked around , taking in the dead looking trees and shadows . the creature must have been a setup to bring us here , he replied . it doesnt take a rocket scientist to figure that out , seth , i pointed out . we had always been a group of four and now it was just the two of us . you are strongest when you are together , but dont let yourselves be separated . kojas had separated us because he already knew that . she had known that kojas was going to try to split us up into groups so that we would be weak . i watched seth pace back and forth , nervously running his fingers through his hair and drumming the hilt of his sword . the girl had told us more than we had thought . maybe kojas thought we would both imagine that he did something to the other two so that we would come running to him . i had a feeling that emily and jason were okay and just as confused as us . that also meant that kojas knew as much , and maybe more than us . *** emily pushed herself into sitting position , ignoring the sharp pains in her elbows and knees . jason was leaning against a tree nearby , tossing a knife from hand to hand . she saw a deep , red scratch on his left cheek and the way he winced every time he moved his right arm , she could tell she must have injured it . emily paced back and forth , trying to think . when emily doesnt know , the world ends . do you wish now that you were at home , curled up with a book ? *** seth , i said , calm down and think ."
92,20,"we cant stay here forever , and pace.seth didnt stop and he started mumbling under his breath . kojas did this on purpose , hes trying to weaken us by splitting us up . i know what hes trying to do , its driving me crazy . calling him guy makes it sound like hes just a normal human . i want to find out where we are and where the others are . were going to find them and i swear by the bible , if kojas hurt them , im going to kill him myself . its too late now jazell , i just swore by the bible . kojas means business and if he wants this to be a war , ill give him a war . then he stormed into the trees and disappeared . seth where the- a hand clamped down on my mouth and i spun around , knife in hand . seth dropped his hand and pushed past me . stop yelling my name , jazell , or youll tell the whole world that im here . my arm dropped and i slid the knife back in its sheath . this time there were less of them and the only ones that around us looked half dead . the bark was peeling off and i could see the tree branches leaning towards the ground . the air was cold and heavy , like a mound of snow on your shoulders . we walked up to the edge and the wind whipped at my face . i knew where we were because i had been here before . seth , i was here in my dream , the one with kojas and the dwarf , i said . his eyes widened and he looked down at the ground below , obviously trying to imagine what it had looked like ."
93,20,"i had seen it and i was seriously scarred for my life . you know that this means that kojas was here , so he cant be too far away . i saw him once and i have no intention of being near him anytime soon . he sat on the edge , the wind tossing around his hair . it was going to be seriously wind-blown later . i sat down next to him and i was trying to forget the dwarfs mangled body . i just shrugged and squeezed my eyes shut . i saw kojas glowing eyes and sword , the dwarf , his armies , the ghost girl , the dark woods and her haunting voice . it all crashed down on me , the weight of the whole situation . oh boy , this is what happen when i think things out . dont deny it ; youre shaking like a leaf . wait i dont like that analogy , youre shaking like a mole rat . he rolled his eyes and wrapped an arm around my shoulder . we sat there in silence and i leaned on his shoulder . we both stopped shivering as we stared at the sky . nothing will go wrong , he said fiercely . i keep seeing what happened that night . this is too awkward and i dont like the silence . this feels like those weird movies where the boy puts his arm around the girl and then something comes out of nowhere and eats them both . i smiled and twirled a leaf in one of my hands ."
94,20,"maybe everything was going to be okay after all . jason walked the rest of the way up the hill and bent over to catch his breath . we 've been walking all day and you 're not tired ? well , i have artist muscles and those are in my hands . she climbed into a small tree that was near the cliff she had spotted . she leaned back and let out a sigh of relief . her legs were killing her but she was n't going to tell jason that . he got up and sat at the base of the tree . there are plenty of trees to pick from jason . he mumbled something and closed his eyes . emily stared at the sky and then she knew what he had said . she looked down to say something but jason was fast asleep . he had said he was n't going to leave her alone . *** jazell , maybe we should try to go down there , seth said and nodded to the ground below . plus , if jason and emily see it too , they might go down . i brushed the dirt off my pants and followed seth , who was walking off to the side . he went down to the left of the ledge and followed a steep path . i walked behind him and had to dig my heels in to avoid from slipping down . the path ended and seth had to jump down to reach the bottom . he landed gracefully but almost tripped ."
95,20,"i walked up to the edge of the path and jumped off . seth grinned at my clumsiness and waited for me to walk up to him . i wacked his head with the back of my hand , making his hair stick up . he smoothed it down and we walked across the flat ground . the ground had spots of grass sticking out of sand and rock . luckily , there was no wind down here to toss up the sand and dirt . i think i passed the spot where the kojas had stood in my dream . i threw the thoughts out of my head and tried to think of something else . like , where this flat plain of flatness ended . i could see the curved end of his lip , which met he was smiling . she kept closing her eyes but it did n't seem like a time to sleep . she wanted to do something , just to occupy her busy mind . she watched a strange creature fly over to her tree and hook itself on a branch near her . it looked like a butterfly with only one set of wings , which were transparent and seemed to glow . it had a tail and curled around the branch so it could rest its middle . emily watched it and its beauty ; she did n't think that something this pretty could be found in a place so dark and full of death . well you ca n't be a faery because you do n't have the ears and you ca n't be a pixie because they 're always giggling around . i do n't know , it 's this new power i have . the augothas uncurled its tail and took off in the air . it took off into the sky and emily could n't see it anymore ."
96,20,"*** the sky had turned gray and the sun , which was still hiding behind the clouds , seemed to drop . i was still walking and walking and walking and walking and walking ... you get my point . i was so sick of walking i could n't explain it in words . maybe in a song , here i go : lalalala ! that 's how much i was sick of walking ; i was making a freaking song up in my head . but i guess my mind was tired of seeing the same thing over and over again . oh , it was going to get really interesting . the ground rumbled and we both stopped dead . i looked at the earth and cracks appeared . i screeched as the ground gave way under me . *** emily , jason said , i heard something . emily 's head jerked up and then she remembered that jason was below her and she looked down . jason was staring at the plains below the edge . emily climbed down the tree and ran over to him . she could see a puff of dirt that was tossed up in the distance . seth yelled , but his voice was muffled by the dirt flying everywhere . i grabbed at something , anything , but there was no hold . i thought that he said something but , i could n't hear him . all i could hear was the blood pounding in my ear and my racing heartbeat . dirt fell into my mouth and i coughed , trying to get rid of it ."
97,20,"i closed my eyes as i fell into darkness . *** seth opened his eyes and curled up , retching . he took in deep , shaky breaths and laid back , staring up . he narrowed his eyes and saw a small spot of light . he groaned and sat up , his back throbbing . his head was pounding so hard he had to close his eyes to keep from passing out . he felt worse than he did when the stupid faery smashed his sword into his head . he looked around the dimly lit cavern and spotted jazell , sprawled out on the floor . *** i couched and gagged , turning over . dirt fell to the ground from my dry mouth . i looked over to see seth fall back on the ground , breathing heavily . i looked around the room and up at the sky , but i could n't really see it . i think we 're in some underground cave . when the ground collapsed , it must have carried us here . not unless you know a way to grow wings with nothing but dirt . i stood up and tried to rake the dirt out of my hair . seth sighed in frustration and brushed his blue hair . he fluffed it up but the dirt was still stuck in globs . there seemed to be some kind of sign or symbol . it was two circles with a sword through the center of both ."
98,20,"he came over and bent down , tracing the sign with his finger . i waited and finally said , well , do you know what it is ? well , i want to go this way , i said and pointed to the entrance . if something like that is on the entrance , i want to know where this goes . i agree but are n't we supposed to be trying to find emily and jason ? i have an idea , i said and pulled my bow off my back . i removed one of my arrows and put my bow on the ground . i walked over to seth and pulled his sword out of its sheath . he grabbed for it but i already had it in my hands . i put the tip against the arrow and carved the same sign as the one on the wall . then i tossed seth 's sword back at him , which he caught without a problem , and picked up my bow . i notched the carved arrow and released it . there , now they 'll know how to find us . he gripped his sword and walked through the tunnel . when you tell someone to follow you , it usually means that you know where you 're going . not this time , he said over his shoulder . the tunnel ended and opened up to the sky . for a second i thought we were back on the plain , but we were n't . the sky was blood red and a crescent moon was rising up . from the feeling of the air i knew we were n't underground anymore but i did n't know where we were ."
99,20,"skeleton trees were scattered to the sides . there were long hills ahead , the grass a light gray . this place looks like its from a book about hell , seth said . you really got to stop asking that question . i walked up behind him , my leg muscles cramping . when we got to the top , i fell on my knees and breathed heavily . seth looked over his shoulder , his eyes twinkling in amusement . the hill was pretty high and i could see better . the land was hill after hill , tree after tree . hey , im king of the hill , seth joked and reached for the sky . he fell backward on his butt and i laughed . what do you have that would make me jealous . i dont know , thats what you usually say in this type of situation . seth whipped out his leg and tripped me . i landed with an oof , and got dead grass all over me . he chuckled as i gave him a deadly glare . youre jealous because im not covered in grass . not yet , i said , my voice dripping with sarcasm . i lunged at him and he rolled to the side . i kicked dirt at his face and he spit it out ."
100,20,"i kicked at his legs but he moved , and i kicked his arm instead . the whole time we were laughing like two crazy six year olds . who knew that you could have fun in a place like this ? jason and her had run the whole length of the plain and found a giant hole in the ground on the way . it sounded crazy to emily but her eyes didnt lie . and what made it worse was jason found one of jazells arrows sticking out of the ground . an arrow without its shooter was never a good sign . emily twirled the arrow in her fingers while jason paced back and forth . emily had offered to be the one who paced but jason had waved away her offer and started pacing . so all emily could do was sit there and twirl the arrow in fear because right now it wasnt looking good for jazell and seth . what i dont get , jason said , is how the arrow managed to stay in perfect shape when the ground collapsed . the arrow should be broken and not sticking out of the ground a few feet away . maybe she shot it after , emily suggested , because that meant that she was alive . jazell and seth were always too stubborn to die anyway . maybe she wanted to show us that she was alive , emily said . a sign , jason muttered and snapped his fingers . jazell likes to leave clues , check the arrow . emily turned the arrow and saw a sloppy line drawn through two squiggly circles . she squinted closer and saw that jazell had tried to make the line some sort of sword but epically failed . now we have to figure out what it means ."
101,20,"emily walked up to the edge of the hole and looked down . i have a feeling that we have to go down there . because , he said and sat on the side , we dont have a rope . *** life is good when you dont have to worry about anything and everything is calm and peaceful . my life isnt peaceful by any standards . it involves lots of smart remarks and bad decisions involving life or death . it also involves a bad choice of a place where you roll around pretending like your life could be normal for a second . yeah seth sat up quickly and looked around . the ground rumbled in the distance and i didnt know if it was an earthquake or a stampede of elephants . seth crawled back to the edge and i joined him . we peered over and i spotted a bunch of monsters stomping their way across the hills . seriously , do these guys know how to walk ? he rolled his eyes and shifted his gaze back to the monsters . yup , we just follow a bunch of monsters that would like to smash us to pulp and serve us for dinner , seth said and started to slide down the side of the hill . i followed him down , feeling the grass and dirt scrape the bottom of my leg . my pants started to scrunch up causing this slide to be very annoying . i decided to ignore it because i had my bow in my hands and had more important things to worry about . we crouched behind a rock and watched the group walk off . seth started to stand up and signaled me to wait for him . he jumped over and ran out into the open ."
102,20,"he leaned forward and narrowed his eyes , probably trying to see the disappearing bunch . he held his hand out , signaling me to wait . then someone tapped me on the shoulder . i bit back a scream and whipped out my knife . but i dropped it in surprise as i spotted emily standing over me , rocking back and forth on her heels . jason was limping over with a grim expression on his face . seth walked over and patted jason on his back . tell you what , when we defeat kojas , ill give you a hug . uh , fine dude , jason said and whispered in seths ear . seths eyes widened and he smacked jason on the head . dude , youre crazy , he said as jason rubbed and smoothed his hair back down . i shook my head and said , anyway , emily how come you two didnt destroy each other ? hey youre right , she replied and her brow furrowed . jazell , we better move or well lose them , seth reminded me and started to walk up the hill . we dashed up the hill in the direction the monsters were going . when we reached the top , seth stopped and stared down . emily and jason looked confused but joined us . we looked down at the ground and i gasped as i saw all the monsters gather around in a semi-circle , waiting . oh course ; being ourselves , we dont have any luck at all . the sky darkened even more , not that i thought that was possible ."
103,20,"the mist swirled and a cold chill that ran shivers down my spine ascended on us . and out of the mist stepped a dark figure . kojas red eyes gleamed in the darkness and his cloak snapped at the wind . he looked up and his red eyes stared at me . me of all people in this horrible world . seth stared stone faced at kojas as he slowly walked towards us . with every step , seths hand inched closer to his sword . emily cracked her knuckles quietly and held them stiff at her sides . her face was determined , but i saw her eyes flicker . jason flicked out his knives and held them so tightly that his knuckles were white . if he gripped any harder , i was afraid he would snap his fingers off . i pulled an arrow out faster than you could say oh-my-god-theres-a-hideous-monster-coming-to-whip-our-butts . the arrow shot at kojas , speeding through the air . he whipped out his sword and slashed the arrow in half right before it hit him . i stared at the cracked pieces of my arrow and my flare of determination went out with a poof . nice try , seth whispered and i think he really meant it . his laugh was like a bunch of spiders running down my back . you think your sword will do any more than the pathetic archer girls arrow ? hey , i shouted , im not a pathetic archer girl ! i swear the air sizzled with the tension between kojas and seth ."
104,20,"seth stood ridged and i was pretty sure that it was taking all of his will power not to jump at kojas , sword flying . i believe it will , seth said through gritted teeth . kojas laughed again but i dont think any of us saw what was so funny . i think you were right , when you said that i wouldnt want to meet kojas . uh-huh , i said but didnt really pay attention . i would like to see you try with that sword of yours , kojas said and smiled wickedly at seth . you cant trick me into fighting you , kojas . yeah , were not stupid , i said and stepped next to seth with my hands on my hips . i mean , if youre so smart , than why is your name so stupid . kojas sounds like toe jazz , whatever that is . i heard emily laugh and jason say , burn ! kojas eyes flamed but he formed a tight smile . let me inform you , jazell , that you are outnumbered five to one ? um , well weare cooler than you , i stumbled . well , you come up with something to top that and well see how well you do . seriously , was this faery guy crazy or something ? i am cooler than you because i hold all the cards . then he turned to the army and yelled , attack ! chapter 12 the monsters surged up the hill , blocking out kojas delirious laughter . seth shouted , stay together , dont get separated !"
105,20,"a troll charged at me and i jumped to the side . i looked up and saw that emily , jason , and seth had been swallowed by the rushing creatures . i twisted around so that the troll charged past me . i turned and plunged my knife into its back before it could respond and it fell to the ground . i felt pain flare in my right foot and looked down to see a frost beast with its teeth in my leg . when i tried to pull away , in bit down harder . i slashed downward and the frost beast let go of my leg . it zipped between my legs and launched itself at my left leg . i stepped to the side and slammed my foot on the beasts back . i raced through the crowds , jumping and ducking . i looked over my shoulder and up the hill , wishing i could escape all the bodies that were pressed together in combat . i fell on my butt and blinked as jason picked himself off the ground . watch where youre going jazell , look out ! i dove onto the ground and felt the monster brush past me . i looked up to see jason rolling on the ground before jumping on the faery jerks back . he yelled at jason right before i saw the knife disappear somewhere in his neck . the faerys yells turned to screams and then nothing . he fell to the ground and jason brushed himself off . at least you can use sarcasm in a time like this , he said and started to fight his way through the crowd . i had no desire to become separated again ."
106,20,"he didnt reply to me because he had spotted emily . she was slowly backing up with her palms out . fire danced from her fingertips and twisted towards the troll and frost beast . the beast breathed and ice sprayed from its mouth . emily moved her hand over and the ice evaporated into mist . she was holding up fine but i didnt know how much longer . it pierced the frost beasts pelt and it fell to the ground . emily turned to me with huge , confused eyes . jason threw his knife at the troll and it landed in its leg . the troll collapsed on the ground and emily raised her hands in the air . the ground rumbled and the troll disappeared in the dirt . yes , its just hard work to use my magic . we all ducked behind a half-dead tree to escape from the swarms of monsters . i leaned my head against the trees cold bark , wanting to disappear from it all . what do you mean , you havent found him yet ? i crashed into jazell , who was doing , like , forty , jason pointed to me . then we both found you fighting beasts with your fiery fingertips of death . hey , he shrugged , jazells sarcasm is contagious . anyway , we better find seth before he gets into some serious trouble , i said , and walked off . i went farther down the hill and the fighting spread out more ."
107,20,"i tripped on a dead root and cursed as i stood back up . the slope started to even out more and the trees popped up again . the voice whispered as faintly as the breeze . im sick and tired of your riddles , whoever you are . just give me a straight answer or i cant do anything . it didnt reply to me again , so i continued to walk down the hill . why wasnt i allowed a straight answer in this stupid world ? i walked faster and with ever step the noise got louder . when the ground became completely flat , i stopped at the scene in front of me . seth spun around , bringing his sword up to block kojas swords . kojas pulled his swords back and slashed through the air . seth ducked and stabbed at his opponents middle . kojas brought his sword down and swiped seths . it twisted out of seths grip and fell to the ground . seth dashed to his sword , hand out stretched . then kojas raised a hand and something dark shot out of it . it slammed into seths side and he fell to the ground . i saw seth squirm as kojas walked towards him . seth groaned and grabbed at his sword , but kojas kicked it away . then he slashed his sword across seths face ."
108,20,"i saw the thin blue line well up on his cheek . you cant beat me ; you can never be safe . seth pushed himself up and dove for his sword , which was off to the side . kojas flicked his sword down and i saw seth flinch . he looked at his arm in amazement where a deep cut had sliced through his clothes . he pressed his fingers on his arm to stop the blood and continued to scoot towards the sword . kojas stepped to the side and blocked his path . seth gazed up at him and i saw his eyes blaze in hate . the faery chuckled and i saw his greasy hair bounce up and down . you seriously think that i assumed you would walk away with me ? oh , i had no intention of it being this simple . i knew what he meant , and i yanked my bow off . i pulled my arrow out and notched it , aiming it at kojas back . i didnt turn around as emily and jason skidded to a halt behind me . its an understatement to say all hell broke loose . in my opinion , it was way crazier than that . kojas sidestepped my arrow and it disappeared somewhere in the trees . emily raised her hands and roots twisted upward , trying to encase kojas but he kept slashing them away . jason attempted to distract him by running around throwing knives at him but i think jason was too busy ducking the black stuff that shot out of kojas hands . i ran right past all of them and towards seth ."
109,20,"i knelt down and smacked him across his good cheek . i dont have enough bruises for your liking ? thats for being a jerk and not telling us you were going to fight kojas on your own , i said angrily . i opened my mouth to say something smart , but i hear emily scream . i turned around to see jason crash into a tree and not move . seth jumped up and grabbed his sword from the ground . kojas turned around and looked like a kid on christmas morning . he raised his sword to block seths blow . seth pulled back and parried kojas swing . i turned back around to see kojas slash seth across the stomach . seth fell to his knees , holding his midsection . his sword fell out of his grip and to the ground . kojas grinned in triumph and kicked seth to the ground . i looked up the hill to see a bunch of faery jerks running down the hill towards us . emily stood in front of jason and raised her hands . dust kicked up everywhere as i aimed blindly . i shot another and another , anger burning through me . i turned around and saw seths body through the dust . he looked up at me and mouthed , jazell . then the dust and darkness swallowed him up until i couldnt see him at all ."
110,20,"epilogue i padded silently through the long , dark halls . emily and jason walked wordlessly by my side . no one spoke because there was nothing to say , and so much to say , at the same time . it had been almost a day since seth disappeared . i had told him , when he had first said that kojas wanted to use him that he didnt have to worry . i should have known that kojas would do anything to get him , and now seth was gone . after he had been taken and jason had awakened , the faery jerks had scattered . then a light pixie had showed up , the same one who had saved my life a while ago , and led us all the way to her majestys place . she was apparently the queen but she was nothing like a stuck up royal leader . she was more like a warrior who lead igneeria in the good times . she was really nice but when we had met her , i was in an awful mood . no one blamed me ; i had just watched one of my best friends get beat up and taken right before my eyes . her majesty said to return in the morning when i would hopefully be in a better mood . so jason , emily and i walked to her throne room . emily pushed open the door and queen crystalla turned to us . she wasnt someone who youd expect to be named crystalla . crystalla was dressed in a hunting jacket with a dark blue top underneath . she had dark green pants with simple brown boots . a gleaming sword was slung on her back . my heart ached because she somewhat resembled seth ."
111,20,"yup were happy too , emily said with a sigh . its a shame the other one couldnt be here right now . she looked upset but she wiped it away with a small smile . we went outside and past some light pixies that were milling around the very small garden . one waved to me and i raised my hand in greeting . crystalla walked into a small , dark building and i followed . it opened into a room with a high , glass ceiling . ahead of us were four doors , each with a symbol i couldnt see from here . uh , jason raised his hand sheepishly , how do we know which symbol is ours ? she motioned for us to move up to the doors . i walked slowly and leaned forward to see the symbol . amazingly , i walked right up to the one with an arrow on it . i looked to the left and saw a door with a sword on it . the small room also had glass ceilings but they were dimmer . the room was dark and cold , with dust in the air . i was wondering when you would get here , a familiar voice said . i jumped and looked into one of the corners . the girl from my dreams walked out , shimmering . she smiled and i then noticed the bow hanging on her back with a quiver of arrows . you know how you asked for my name before ?"
112,20,"my name is june and like you , i was once a full human . i was a half-ling. , june corrected me . but i can still speak to you because you have to complete the job i did before with my friends . wow , back up a second , i said quickly . do you know how long ago i defeated kojas ? it must have been over one hundred years ago . wow , that was a long time ago , i said . mackenzie , david , mark and i beat kojas the first time he appeared . it wasnt easy ; let me tell you that right now . mark died of a wound after we beat kojas . david and i died in an ambush of what was left of kojas army . mackenzie died from a fatal fall , i dont remember how . i dont want to be rude , but do you need to tell me anything else ? i have to try to come up with a few explanations for back home . june walked towards me until she was standing right in front . i could almost see through her body , which was really starting to freak me out . you have to get back seth , she whispered . i know david was supposed to see him right now and i know hes disappointed . you cant beat kojas without the four of you . you cant unleash the nights circle without all of you ."
113,20,"and without the nights circle , you can not destroy kojas forever . i started to shake with the intensity of it all . if the nights circle destroys kojas forever , why is he still here ? we think that our nights circle wasnt strong enough because mark was seriously injured . but no problem , you guys have to destroy him now . she must have seen me shaking because she added , no pressure . you just put the fate of both worlds on my shoulders . no , she said , i put the fate of both worlds on all four of your shoulders . june nodded and i turned to open the door . i was just about to turn the handle when she said , jazell , dont be scared to bring out your emotions . i looked over my shoulder to see june standing stiffly . i opened the door and saw that emily and jason were also coming out of their rooms . emily looked a little shaken but she gave me a thumbs-up . good luck , junes voice whispered one more time . seth , im coming , i thought , and i meant it . dont miss book two in the fall of igneeria series ! the sky shone sapphire behind the lacy branches , and the only other life along this back road were two tawny cows grazing in the silver white grass of the ditch . behind them ran the same crumbling adobe wall the boy saw every day as he walked this way out of town for the afternoon session at the christian school his parents sent him to . today was tuesday , and that meant bible class . in one coffee-colored hand , the boy clutched his fat black bible with gilded letters , a present from his parents on his last birthday , fourteen ."
114,20,"he shuffled slowly along the road , feeling the bible burn into his fingertips , trying not to free the furious tears scalding the back of his eyes . he should leave the bible here in the ditch by the cows . because now the boy knew : none of it really mattered . oh , he was quite sure there was justice and virtue in the world , and he intended to find it . not in this book , and not in anything that his parents had ever taught him about it . he had finally told them what had happened and they did n't care . the boy 's hazel eyes narrowed and his lower lip quivered like a baby 's . what in the world was he supposed to do now ? and then he saw the blackened fingers rising from the silky grass in the ditch . the boy 's mouth opened in slow motion and his whole world congealed to frozen ; then he lurched forward towards the horrible sight , heard his heavy bible thump to the dirt . the fingers were a child 's , even darker than his own , blackened by dirt . the boy fell to his knees on the sharp stones of the road and flung the grass aside , shaking so badly he could hardly breathe . another boy was sprawled face-up in the ditch , face bloodied and swollen , unmistakably dead . the fingers had n't belonged to a small child , but to someone the boy 's own age , dressed in torn navy sweat pants and lying here dead in the ditch on the road to the christian school . oceans of bile rose up in the boy 's throat and he collapsed into the white grass , emptying his stomach into the weeds until he felt himself heave , insides scraped dry . the boy forced himself to stand up , tears dripping off his chin and onto the embroidered gold cross of his white school uniform . his friend was dead , and he had n't been able to stop this . wiping his chin on one sleeve , the boy began to march back towards town , stepping over the muddy , crumpled bible . he would take his stuff from his parents ' house and leave . if he never saw them again , that would be just fine ."
115,20,"1 purple bolivia 2017 when pastor martir mentioned that the quechua bible conference was a ways out in the bolivian countryside , he certainly had n't been kidding . by her calculations , eight hours had gone by since they left the vibrant garden city of cochabamba , climbing higher and higher into the clouds . wara cadogan slit her eyes open and squinted around the darkened interior of the jeep . the windowpanes had frosted now that the sun hid behind the jagged peaks of the andes . an elbow jabbed her side and wara heard her friend nazaret martir yawn , a squeaky , muffled sound that caused her father , pastor martir , to glance at both girls in the rearview mirror . `` we 'll be there any second , '' he told them , much too chipper after being cooped up in the jeep all day . `` i know it 's freezing now , but soon we 'll get you warmed up . wara stuffed her numb hands into the sleeves of her alpaca sweater and bit her lip . why had she let herself be talked into this ? she loved the martirs , and their large family had basically adopted wara during the six years she 'd been a missionary here in bolivia . as a linguistics major , wara usually jumped at any chance to travel out into the countryside and practice speaking quechua . so when pastor martir said he needed her to translate from spanish to quechua at this conference in potosi , wara had enthusiastically answered , `` why not ? '' pastor martir steered the jeep into a cavernous rut , and wara felt her jaw snap at the impact . the turquoise knit cap she wore slid over one eye . she pushed the hat back into position as a low moan came from the back seat . if she were n't so stressed , wara would have grinned . her best guy friend noah was waking up from his perch back with the luggage . `` this place looks like the twilight zone . '' one long arm brushed wara 's ear as he reached up to clear frost from her window . not a single light outside , and the murky sky tossed off thick shadows ."
116,20,"the skeletal remains of a tree rose up out of the gravel path , beckoning the jeep forward . noah was right : it looked downright freaky out there . pushing back her nervousness about the whole bible conference thing , wara turned towards the back seat . despite the rough ride , noah was looking content , emerald green eyes glinting in the moonlight . his sandy , shoulder-length hair was littered with straw and the poor guy really had to hunch over to fit his frame in the tight space on top of the luggage . at first glance , noah hearst might give off the aura of surfer dude , but he was n't really full of muscle . plus , there were n't really a lot of surfers in ohio , where noah was from . `` did you have a nice nap back there with the potatoes ? '' noah tried to stretch , then grimaced and gave up . he glanced around the car , took in pastor martir and two skinny quechua-speaking bible school students in the front , wara and nazaret in the middle seat . `` i guess i 'll be the one carrying this stuff up to the conference for our lunch . seriously , that 's about all i 'll be good for . nazaret 's dad must be thrilled he got you to translate , though . word on the street is you speak quechua like a native . '' despite the cold , wara felt her armpits prick . the first year wara lived in bolivia , she worked teaching bible lessons to ladies in quechua and helped at a ton of children 's bible clubs around the city . she left the country for four months to try to get things together , and when she came back she was teaching literacy classes to quechua women . and volunteering at the home for children with aids that the martir family ran . she did n't teach about the bible anymore , because that would just make her a hypocrite . and noah , good friend that he was , never asked ."
117,20,"`` i can never get over how lucky you are , '' noah was going on . `` sounding so bolivian , and looking it too . can you imagine anyone ever mixing me up with a bolivian ? '' wara raised an eyebrow and him and stifled a smile . `` i would be seriously worried about anybody who thought you were bolivian . '' in addition to being tall and blond with skin that crisped red in the strong cochabamba sun , noah had studied spanish in spain . whenever the guy spoke spanish , it came out with a lisp that , to bolivians , sounded really silly . noah had good reason to be jealous of wara . besides teaching her quechua from the time she was a baby , wara 's quechua grandmother from peru had passed along some of her color . wara 's skin was a light tan that bronzed in the sun . behind trendy maroon glasses , her eyes were honey brown . and her brown hair , now sporting an uneven cut with burgundy highlights , let her fit right in with her bolivian friends . `` i think i 'm getting a cold , '' nazaret announced smally from wara 's side . wara turned back to her and took in her friend 's pale , heart-shaped face framed in dyed blond ringlets . she was sheathed in a puffy pink coat , mounds of pink scarves , and a snow white knit hat with pale pink sparkles . the jeep hit another hard rut just as nazaret sneezed , a cute , shrill little sound that was all but muffled in tiny pink alpaca mittens . `` i hov i can still help you wif de kids , '' she sniffled , bleary hazel eyes turned on noah , who patted her on the white knit cap with a few encouraging words . they all jerked to attention as the jeep braked to a halt in a sudden spray of gravel . when the group piled out of the car , they discovered the air outside the car was even colder than inside . even though it would look ridiculous , wara almost wished she was wearing snow pants , just like when she was little growing up in montana ."
118,20,"the frayed jeans and hippie tunic she had on under the alpaca sweater were not doing anything to keep her warm . frozen fingers brushed lazily over her cheeks from the hulking mountains all around them . off in the distance , something howled . nazaret covered her nose with one mitten to muffle another sharp sneeze and it echoed off the mountains in the night . noah cheerfully pushed past wara , carting a gigantic burlap sack of potatoes . `` coming through , '' nazaret 's father followed him , hauling a second bag of something edible . wara huddled next to nazaret for a minute , watching as the guys hefted the food and sleeping bags onto a haggle of scrawny burros . a few quechua guys in black jackets and slacks had materialized from an adobe hut and were helping to arrange everything on the donkeys by the light of a shimmering bonfire . pastor martir , who came every year to preach at this rural bible conference in potosi , said that it was best to climb the mountain at night , when it was cooler . right now , wara really hoped he knew what he was talking about . they still had a seven-hour hike ahead of them , up the forested granite . she stifled a heavy yawn and fixed her gaze on the diamond stars . in the morning , she woke up to scruffy feathers and a beak . a chicken scratched through the pebbles right outside the crumbling adobe wall of the community school house where she and the others had crashed for a few hours after the hike . the local christians had gone to all the trouble of fixing up wooden pallets with woolen blankets here at the school , so their guests could have a private place to stay . wara knew they had gone to a lot of trouble and hated to admit that it honestly had n't been worth going to sleep . a well-organized army of fleas had taken up residence in the wool blankets long before she had , and she , noah , and nazaret had scratched and grumbled for a few hours before pastor martir coated their beds with raid . maybe that was why now , with daylight streaming through the holes in the schoolhouse wall , it was so darn hard to move . wara kicked off the sleeping bag , grabbed her glasses from the dirt floor , and pulled herself to sitting . pastor martir was already gone , probably outside at some morning prayer vigil with the quechua christians ."
119,20,"nazaret curled on her plank bed , still snoring . noah 's long legs stuck out the end of his unzipped sleeping bag , leaving his filthy socked feet sprawled in the dirt near giant maroon nike tennis shoes . when she moved to stand up , the powdery remains of dried up fleas shifted on the navy fleece of the sleeping bag . wara had to grin at the sight of those dried bugs . she dusted her bare feet off on the edge of her jeans and stuffed her sockless feet into doc marten boots , hoping to find someplace outside to use the bathroom before everyone else got up . a waist-high cluster of boulders overlooking the valley below turned out to be the best option for privacy . she brushed her teeth with water from a dented bottle of pura vida and spit off into the deserted valley . trailing wisps of clouds slithered around boulders below . the only structures visible were the schoolhouse where she had slept and two sturdy adobe houses a little way down the rounded path . a quechua lady with a huge smile was waiting in the school with a breakfast of sweet purple corn drink and boiled eggs . she wore a knee-length circle skirt called a pollera , this one a soft sage green . despite the morning chill , her mahogany legs were bare and she wore scuffed black plastic ballet flats . she did have on a warm cardigan over the lacy white blouse quechua ladies always wore . the lady bringing breakfast introduced herself as doa petronia and patted wara on the forearm in greeting , telling her how happy she was that god had brought wara to this conference . wara smiled back wanly , even though it was a lot of fun to be speaking quechua up in the mountains again . she still did n't feel good about the idea of her being part of this bible conference , acting like she was all sweet and good here with pastor martir , noah and the bible school students . still queasy , she mumbled something appropriate and tried to get down the purple api and an egg . they assigned her to help noah , who was in charge of the kids while their parents attended bible classes . wara had already seen him in action many times during the five years they 'd been friends , teaching bible stories to kids at the martirs ' aids center or hanging out with a little homeless kid in downtown cochabamba . within minutes , noah had the group of kids sitting on a grassy knoll and captivated by bible songs with actions ."
120,20,"then he made wara come stand next to him to translate a story into quechua , one about jesus calming the stormy sea . she grew up in church and could rattle off this story by heart , in english , spanish , or quechua . but there was no way she could keep a group of kids glued to her every word the way noah did . she ignored the sick feeling in her stomach and stood next to noah , feeling little and insignificant at five foot five next to his six foot three . all she had to do was tell noah 's story to the kids in quechua . her own failings could n't ruin the moment for the kids . when the story was over , she could see in the kids ' eyes that they had imagined every peal of thunder , felt the shuddering of the splintered wooden boat on the open sea . noah asked the kids to come up and stand at his side , one by one , to tell him what they were afraid of . `` that we wo n't have enough to eat if hail destroys the crops , '' mumbled one almond-eyed little boy in a jade chullu cap . `` i 'm afraid of the terrible goat that lives down the hill . '' several muffled giggles scattered across the group . one short boy in a tattered soccer jersey trudged to the front when it was his turn and recited gravely , `` i 'm scared that my other brothers will become one of the missing , like my brother antonio . '' she had never heard anyone refer to someone who died as `` the missing '' before in quechua , but maybe it was a regional idiom . she was going to have to ask around later to figure out if that was really how that phrase should be used . she blinked away thoughts of quechua grammar and brought her attention back to noah , who was beaming at the children , then her , waiting for her to translate . `` you know , when i was little , '' he told the kids , `` there was this dog that lived a few houses away from mine , and he had really , really big teeth . '' suddenly , strangely , noah slung an arm over wara 's shoulders , leaving the two of them facing the children together . `` i want you to know kids , if jesus is with you , you do n't have to be scared of anything . he 's stronger than anything in this world . '' just as mesmerized by noah 's words as the kids , wara felt herself leaning into his side ."
121,20,"`` thanks for translating , '' noah told her , then dropped his arm and smiled . wara felt her heart do a very weird pitter-patter and she stared after him as he jogged off to chase some of the kids in a game of tag . that 's just because noah is your friend . you would never think of noah as anything more than a friend . wara blinked , then squinted at noah , who was grabbing a giggling little kid around the shoulders and swinging him in the air . she would be crazy to let herself think of noah as anything other than a friend . he was much too goofy for anything else . wara was always studying and was sometimes really grouchy . noah was always so happy-go-lucky and watched way too many cartoons . wara shook herself back to reality and headed back down towards the house , thinking she should probably help the ladies fix lunch . the cloud-covered valley writhed with mist , licking the emerald grass at her feet . in the rocky dirt outside the main house she found a circle of quechua women squatting in their wide velvet pollera skirts around a plastic tub of potatoes . the ladies skillfully attacked the miniscule purple and yellow-veined potatoes with paring knives , leaving the spuds without peel in seconds . wara hunkered down next to the smiling lady from breakfast this morning , doa petronia . wara had tried so hard to learn to peel potatoes like a respectable quechua woman should , but she usually ended up desecrating the potato , scraping half of it off into the scrap pile . she fiddled around a little with the knife and a bumpy yellow potato , then decided to put her grammar question out there . `` i was wondering about something one of the kids said . if you say that your family member is the missing , does that mean that person died ? '' doa petronia 's long blade faltered mid-peel and she reached up with one work-roughed hand to flip a braid behind her back . `` you must have heard my son edgar talking , '' she finally nodded ."
122,20,"`` he 's only six but he is so worried about his older brother . '' `` or maybe it was my juan marco talking about his older brother , '' interjected a more portly woman in a royal purple pollera . a thick layer of fat rolled out of the waist of her skirt , blanketed with the silky white undershirt the ladies wore under their short lace blouses . she jerked her chin towards doa petronia . `` she and i both have older sons , teenagers . three months ago , the boys both went away , never to be heard from again . '' doa petronia looked wara directly in the eye . `` the boys went into llallagua to sell some potatoes , but on completely different days . we do not know where they could have gone . that is why we call them and the other boys 'the missing ' . '' `` from all over the mountains , many different communities . how could these women 's sons , and boys from other communities too , just be gone ? the pain in the women 's black eyes was evident , and wara felt horrible . how many of the people here at the bible conference had a son or brother who had just disappeared ? i am really glad nazaret is still off teaching somewhere . i hope she has n't already heard about this . the martirs were a busy household of six kids , but once upon a time there had been seven . wara knew nazaret 's older brother had run away when he was a teenager , and she knew the serious , skinny oldest martir only from his faded photograph in a frame on nazaret 's dresser . talking about missing kids was always enough to start nazaret weeping . wara really hoped her friend would n't hear about this ."
123,20,"it would only make her think of her brother , the missing boy who was probably never going to come home . she could identify a little with that kid in the picture , because sometimes , when she thought too much about things , wara just wanted to run away from here and start over . noah was running up the hill panting , with a hundred screaming quechua kids close on his heels . even if she wanted to be with noah , she would never deserve him . there were some things that even time could n't erase . 2 gaudy gold peshawar , pakistan 2017 alejo perched above the ancient labyrinth that was old city peshawar , counting down the seconds until he would take a man 's life . the tri-colored apartment complex where he waited soared to the cloudless sky , cream , cinnamon , and pistachio . a giant block of neapolitan ice cream , sizzling under the peshawar heat . in a dusty courtyard with solid walls below , the three men who marched between grave pakistani police were mere specks to alejo . gabriel was at the scope , reporting the details of the scene below ; benjamin lay prone as alejo did , both of them one with the black rifles propped on sandbags . `` so , they just entered the courtyard , '' gabriel said softly . sweat poured down his pale face from the tightly-wrapped black turban . they were alone on the cement rooftop high over peshawar , and abandoned the pashto language for their native spanish . they 've all got bullet-proof vests . '' gabriel 's bony fingers tightened on the scope and his voice rose with excitement . the u.s. army would n't want any crazy talibs to take out their precious little prisoners before they get to `` justice '' now , would they ? but how many years would the young soldiers get for murdering afghan children across the border and posting bloody trophy pictures on the internet ? three years in a comfy cell with three meals a day ? that was more than most afghan children could dream of . security was tight around that little compound with the courtyard , as the whole surrounding area would like to see the american soldiers in pakistani custody mutilated and dead ."
124,20,"but no one would expect a shot to come from this distance . a cacophony of horns blasted from the matchbox cars snaking along below . the sound would cover the shot perfectly . alejo shifted one leg , ever so slightly , letting blood flow back into one of his thighs that had been riding a rock for the past half-hour . `` targets are moving towards the mark , '' gabriel said calmly . he rolled into place in the line of three men on their stomachs and positioned his gun on the sandbag . the three of them gazed through the gun scopes now at the american prisoners , blond and thin inside their bullet-proof vests . alejo evened his breathing and willed his weak arm still . he drew a slow lungful of air , then held it , finger exact and deathly-still on the trigger . he heard each beat of his heart echo in his ear , steady and slow . he waited until one heartbeat had just drummed , then murmured in the space between , `` now . '' below in the old city , the timing was perfect . an ornately-painted bus lumbering around the corner of the compound honked and belched black smoke , just as alejo 's bullet entered the medulla oblongata at the base of the middle soldier 's skull and he slumped to the dirt in a crimson mist . the other two collapsed on top of him , the part of their brains that controls involuntary movements effectively destroyed . it took a full five seconds for all hell to break loose in the courtyard as mustachioed policemen and high-up american officials all turned up dust diving for cover . alejo could tell there was no need to take a second shot . he felt cold , and lowered the rifle from his eyes , staring at the dim outline of the mountains encircling the city . still lying low , he pulled a small gray cell phone from his pocket and punched a button . ishmael khan , recruiter from the prism and alejo 's handler , would be pacing the floor in his mansion until he heard the soldiers were dead . alejo set his jaw , then motioned to benjamin and gabriel ."
125,20,"they slunk into the tri-color apartment building and into a room filled with grimy shalwar kameezs , ammunition , and cigarette butts . this was the kind of hole taliban fighters always frequented , and whoever one day discovered this place alejo had set up would not be surprised to see a slew of rifles on the kitchen table next to the moldering rice and half-eaten naan bread . slick with sweat and fine concrete dust , the three men dumped their soiled shalwar kameezs with the rest of the filthy clothes on the bathroom floor and pulled on jeans and t-shirts , the clothes of upper-class pakistani students . with bronze skin , wavy black hair , and perfect pashto , alejo never had problems passing as a pakistani on his many trips to the country . the other two guys on his team were also from bolivia , a little lighter-skinned than alejo but they still passed as pakistani or afghani . `` death to the infidels , '' gabriel grinned , stuffing wads of tattered rupee bills into a bag around his thin chest . gabriel flashed merry eyes at them and winked . the throbbing wail of a siren cut through the heat outside the apartment building , racing towards the murdered americans . the white orb of midday sun still blazed through the murky haze of pollution over the city . and less than twenty blocks away , three lives had just been extinguished . the three of them would walk through this entire maze of a city , get to the khan 's house , and report a successful mission . alejo tried to tell himself he should be happy . that night , the feast at ishmael khan 's house was bounteous . alejo and his team sat on burgundy and ivory carpets , faced with silver platters of seared roti bread and lamb curry . milky tea simmered in bone white porcelain , rich with sugar crystals and cardamom . the rest of his team was having the time of their life in the marble hall of the khan 's mansion , but alejo needed to get out of there . he made his excuses to the entire clan of khan relatives and navigated peshawar 's labyrinth streets back to the apartment that was always waiting for him here in pakistan . alejo slammed and locked the heavy wooden door and pulled a couple of guns from under his clothes . he tossed them onto the red silk bedspread , next to the heavy religious book with ornate golden swirls . for a second the image shocked him , and he blanched , turning to scan the familiar studio-style apartment ."
126,20,"he was caged in by ornate , gold-painted furniture in the seventeenth century style , including a giant gilded wardrobe that could have doubled as a coffin for king tut . feeling sick and angry , alejo collected the two weapons and the gilded arabic book and stuffed them in his black suitcase in the corner . the suitcase was basically empty , ready to head back to bolivia after the trip to pakistan 's tribal area khan had insisted on the day after tomorrow . peshawar 's bazaar was full of beautiful things , but alejo 's suitcase was empty because , honestly , there was no one to bring anything home to . in the morning his team would meet here early . it was time to plan the next job after pakistan , something that called from alejo 's native bolivia and refused to be laid to rest . he really hoped that killing salazar after so many years would give him some kind of peace . alejo tossed himself onto the silk bedspread fully dressed and forced his eyes closed in the darkness , fully expecting a reunion with nightmares . the first stabs of light through the golden curtains were a welcome relief . alejo could always sleep through anything , a habit you learned fast when you spent your time doing the things he did . he dumped a bucket of cold water over his head in the shower , then exercised for a couple hours til his team arrived . by the time the knock came on the apartment door , alejo felt like he 'd been awake forever . `` asalaam alaikum , '' the guys greeted him in the traditional muslim way one by one , pushing past him into the apartment in pale cotton shalwar kameezs . they were all muslims , having converted at different times in their lives : high school , university , graduate school . benjamin , a doctor in bolivia , greeted alejo now with a droll smile and watchful eyes behind wire glasses . he wore a little brown goatee , some kind of homage to the muslim tradition of big thick beards . alejo never even tried to grow a beard , because the scattered stubble that appeared on his chin when he did n't shave for a week was really , really pathetic . gabriel ambled into the apartment , grinned , and gave alejo one of those manly , back-clapping hugs just inside the door , the kind only latin guys can share . gabriel was the skinny , fair-skinned guy who could make something from anything , a regular macgyver . only twenty-three years old , he came from an arabic-background family in bolivia ."
127,20,"lzaro strode in next , wearing a deep blue shalwar kameez and a wool irish cap . he was the newest guy on alejo 's team and had been sent over from puerto rico . lzaro was one of those guys with a permanent tan from hours of camping and rock climbing and starting fires with nothing but sticks . last came stalin , wheezing like a badger in the hazy peshawar pollution . stalin was pasty , with round glasses and straggly lion-colored hair parted down the middle . the guy was a phd in philosophy and comparative religions , so he came in handy , instructing new recruits in religion . and yes , stalin 's parents , student revolutionaries , had actually named their infant son stalin lenin gomez . the organization was called the prism , because they wanted to bring god 's light to the world . like a prism scattered light into different colors , everyone in the organization had different talents , brought the light in different ways . by the time alejo closed the door , his team was already making themselves comfortable . the ghastly hue that hung over the golden room after the nightmares was no match for the aroma of the expensive colombian coffee gabriel was dumping into the coffeemaker . benjamin produced fresh roti bread and goat cheese from a paper sack , and stalin was already stretching his legs out on the bed . those socks looked like they had seen a good week of adventure in peshawar without a wash . alejo felt a grin coming on , and he plopped down at the table , pushing aside an ugly vase of melon-colored , gold-coated roses . `` the coffee smells strong today , '' gabriel nodded proudly . benjamin was quietly spreading goat cheese on a piece of bread , leaning his chair up against the wall next to alejo . `` you seem to be in an especially good mood today , gabo . have n't seen ambrin again , have you ? '' gabriel 's green eyes took on saucer form and steaming coffee sloshed over the edge of his cup , wetting the top of his sandal on the way down . stalin frowned and stopped stuffing grapes into his mouth from yet another sack of food the guys had carried in ."
128,20,"you know he does n't like to be teased about ambrin . '' gabriel had by now managed to get a grip on his coffee , but his usually-pale neck was now stained scarlet . `` yeah you guys , we should n't even be talking about her . you know i ca n't see her ? it would n't be right . she knows i did n't mean to see her without a veil that one time . '' `` but that 's when you fell in love , is n't it ? '' benjamin commented without looking up from the cheese . walking in the garden at the khan 's mansion one day , gabriel had run into ishmael 's niece , ambrin ? without a veil . all the guys knew the story by now : sapphire eyes , and gabriel was instantly in love . he was trying to get up the nerve to ask for her hand in marriage . alejo let them go on about it for a while , because he really was dreading the thing he was about to bring up . stalin , mouth still full of food , beat him to it . `` so , '' he asked , polishing his little glasses on the tail of his long kameez shirt and spewing crumbs , `` who 's up to be the next speaker at our retreat ? '' lzaro , who always seemed to have an opinion about everything , set his feet apart on the floor and leaned forward to eye them all intensely . `` i would nominate the southern baptist mission house back in cochabamba . the world could n't be a much worse place without them , right ? '' a grin stretched his tanned face and benjamin seemed to agree with him . he 'd only known lzaro for six months , and had already overdosed on the guy 's hatred for americans . word on the street was that lzaro had dated a cute missionary girl who later dumped him , thus the dislike of anything missionary or american . alejo thought that lzaro just wanted an excuse to do whatever he wanted ."
129,20,"`` i 've already lined up the next speaker , '' alejo shook his head . he tried to sit up straight but felt the three cups of coffee he 'd just downed settling in his gut like cool acid . sweat trickled down his ribs and he saw blackened fingers through tall white grass , fought the urge to gag . `` well whoever it is , i think it would be a lot more beneficial to get rid of all those missionaries preaching pie-in-the-sky while letting the world we live in go to hell . '' `` it 's franco salazar , '' alejo said , cutting them off . everybody seems to like him back in bolivia . he 's fashionable , drives a swell red sports car , and , they say , even has gold teeth . '' his chipper grin died away at the look on alejo 's face . `` tell us about him , '' benjamin pushed away the plate of bread and cheese . `` guys , alejo knows what he 's talking about . '' benjamin always respected him ; they had been friends for years , since they were both recruited into the prism together while getting masters degrees in london . alejo knew his expression had morphed into something pained , but he could n't control it . he felt the sun baking his neck again , like it had that day , while the breeze whistled through the tall white grass . the smell of death threatened to engulf him here , fifteen years later . i do know what i 'm talking about , but i would give anything not to know . alejo did his best to focus , felt his face darken . and when i 'm done , you 'll know why salazar has to die . '' his team leaned forward and , stuffing the nausea that came whenever he thought about ruben , alejo told them . when alejo was finished , benjamin 's face burned . stalin chewed on his lip , and gabriel looked ready to vomit ."
130,20,"`` he 's our next speaker , '' lzaro managed to croak . 3 electric blue the city sat in the bowl of the andes , climbing up the foothills to the lavender peaks beyond . cochabamba was sunny and bustling , infused with a rainbow of flowers and the smell of smog . this city was her home for six years , and wara cadogan loved it . back in downtown cochabamba a week after the trip to the mountains , wara entered caf amara wearing a green hippy dress over jeans and beat-up leather sandals . the air was infused with coffee and cinnamon and vanilla icing and noah was already up front , tuning his honey-colored taylor guitar . every friday he and a group of friends did live music at the downtown coffee shop his church owned . noah threw wara a wave and she plopped down into a chair , ready to drink lots of coffee and rest after long day at the aids center with nazaret and her mom , noly . a swish of fabric drew her attention to the tiny quechua lady at her side , holding a tray of empanadas . wara 's mouth started to water at the sight of browned pastries , perfectly crimped edges embracing a center of melted cheese . `` doa filomena , you know i ca n't resist empanadas , '' she told the older lady in quechua . doa filomena had a bent back and wrinkled skin that crinkled like parchment , especially around the eyes . wara had never seen her without two thin gray braids twisted into a bun at the back of her head , and filomena always wore a thick navy blue cardigan over her lacy white blouse . she was always thrilled to talk with a foreigner in her native quechua . filomena patted wara on the shoulder , grasped her forearm delicately , and then patted again in the traditional quechua greeting . `` i tell you , the lord is healing me of my arthritis . i just pray , i 'm always praying , and i know that the lord is helping me feel better every day . '' but she knew about the gigantic megachurch doa filomena was a part of , and all the speaking in tongues and mad tambourine playing that went on in that place honestly freaked wara out . the older lady nodded with smiling , crinkly eyes and headed back towards the kitchen . just as tiago pushed his way through the caf door , sending little chimes dinging ."
131,20,"tiago was a guy of maybe nineteen with a boyish smile and black baggy jeans with chains . he was skinny as a rail and wara wondered when the kid ever ate . the reason she knew tiago was because he was usually found smoking with a boyfriend outside the door of the neighboring coffee shop , caf paris , known for catering to homosexuals . he grinned at her when he saw her , showing off the metal stud in his tongue . another guy wara had never seen before was trailing tiago into caf amara , and the two of them stopped in front of wara 's table . `` hey , there , '' tiago drew out the greeting with a sly smile . noah meandered over to say hi to the guys too , still carrying his taylor guitar . `` this is my new friend rudolf , from germany , '' tiago grinned . `` he 's over here studying spanish , and i told him you guys were nice . tiago shook noah 's hand and wara took in the new guy . rudolf had a very clean-shaven german jaw and wore a preppy gray sweater and dark jeans . he also shook noah and wara 's hands with a grin , going on about what a great city cochabamba was . `` and one of the coolest coffee shops here is where you 're standing right now , my friend , '' tiago jumped in . she is always making me up free food from the kitchen . nachos , little pizzas ? her quesadillas rock . '' he punched wara in the shoulder , then turned his attention to noah . `` so , we 're hanging out next door , but we thought we 'd come over and see if you wanted to have a drink with us . you 're not singing til later , right ? '' alarm bells were going on in wara 's heard . noah 's eyes were friendly and clueless , and he probably would n't be able to tell if someone was flirting with him to save his life ."
132,20,"`` i 'll come with you , '' she offered , trying not to grit her teeth . noah smiled at her so warmly her knees actually went weak . but then she caught herself and angrily kicked herself into reality . noah thought she was a nice girl , just another missionary with a pure heart for serving the lord . she could never be with someone like him . `` yeah , i 'll definitely come with you guys , '' she repeated morosely as she followed them out the door . for a moment the relative silence of the darkened street shocked wara as the door to caf amara thudded closed behind them . she crossed the pavement with the guys , towards the blue-toned beehive that was caf paris next door . just inside the door , the throbbing techno music reverberated inside her chest and the dim lighting confused her . noah leaned back and spoke into her ear . `` we 'll just stay a little while , be friendly , go back . `` no problem , '' wara hissed back , rolling her eyes . some of the guys scooted over to make room for them on the electric blue barstools , and wara noticed that rudolf somehow switched seats with another guy next to him , ending up next to noah . wara had never actually been inside this caf before , and she took in the antique plaster ceiling with low-hanging bulbs covered in blue glass squares , sending an eerie , ghostly light around the long room . the bar , sporting neon signs for mostly european beers , was by far the busiest area of the caf . `` oh , '' she twisted around , realizing that the bartender was asking her what she wanted , `` i want a taquia . '' she plopped down on the empty barstool next to noah , who turned away from rudolf as he heard her order for bolivian beer . `` hardly ever do , '' wara answered coolly , flushing as she heard the solid clink of her glass mug of taquia hit the bar . she knew this was going to be a bad idea , just knew it . but she had n't had a beer in five years , and if there ever was a time for it , it might be now ."
133,20,"`` i 'll get it , '' rudolf jumped in , offering to pay for noah 's drink . wara hoped her grimace was discreet , and she tried to hide it by downing a good half of her beer , quickly followed by the other half . noah , rudolf , and the other guys were talking away , covering everything from rudolf 's spanish studies here in cochabamba to what kind of music noah liked . i have got to get noah out of here , wara thought as she ordered a cuba libre . she already felt the effects of the alcohol as the rum with coke went down , but all in all , she felt pretty good . if noah was n't in danger of being picked up , this would actually be kind of fun . another fifteen minutes went by , which wara filled with another cuba libre and a whole lot of moody thoughts . i 'm not ? i just came here to hang out . '' she whirled around to see rudolf leaning way , way too close . noah 's neck had turned absolutely crimson , and his fingers twitched on the edge of the bar stool . she shot up from her seat and slid onto noah 's lap , wrapping her fingers around the back of his neck . `` that 's right , '' she snapped , facing the other guys and then meeting noah 's eyes . `` i think you 're a little confused about my noah here . '' she pulled him closer , feeling the hot flush of her friend 's face . noah 's face was just inches from hers . she kissed him , and maybe it was the shock , but noah did n't pull away . then she broke away and looked rudolph right in the eye . silence dropped around the bar like chloroform , and then tiago cleared his throat , cheeks splotched maroon . did n't know you , uh ? were with her . '' tiago let his eyes shoot to wara , who slid away from noah 's body onto one of his knees and was eyeing the guys with one eyebrow raised ."
134,20,"`` i just thought , i mean , you knew we were gay and you were so nice to us and no one ever is so ? '' `` i did n't know why you were always talking to us and stuff . everyone else that is n't ... you know ? always treats us like trash . '' tiago swore and took a deep breath , smiling nervously . `` anyway , i 'm sure you wo n't want to hang out with us anymore . '' noah unexpectedly burst into laugher and ran his fingers through his hair . just so you know not to try to , you know , hook me up . noah jerked his chin over wara 's way , `` i 'll let you know so you can introduce me to any eligible sisters you may have . c'mon , i think it 's time for us to be going for today , '' noah announced to wara , a little too loudly . he threw tiago and company one last red-faced smile and headed for the door . noah remembered to hold the door open for her , and then they began a brisk walk towards the closest major street . it was obvious that neither of them felt like going back into caf amara . the cool night air hit wara full in the face and the fire rose from her belly to scald her cheeks as she realized what she had done . noah was quiet for nearly a block , and wara nearly suffocated with shame . i am the worst missionary in the world ! just one more thing to add to her list of awful indiscretions . she jerked her head around to look at him , still not quite meeting his eye . the cobblestones shimmered a little in front of her , and wara was starting to feel a little queasy . `` well , wara , that was a little unconventional , '' noah nodded , `` but you really saved me there . i do n't know what else to say , so i 'll just say , 'thank you . ' ''"
135,20,"`` that was really dumb , '' wara mumbled . noah was silent a minute more , and then he put a hand on wara 's shoulder . `` sure , fine , '' she answered too hurriedly . she plopped down on a bench in the plaza they had been passing through , in the shadow of a darkened colonial cathedral that was hidden away in the heart of downtown . she crossed her arms tightly across her chest and waited to hear whatever noah had to say . the quiet continued as noah sat down a comfortable distance away on the bench , and stared off towards the stone pillars at the plaza 's center . she could n't help glancing over at him to see if he was serious . the way his lashes were lowered , that twist of his lips ? wara suddenly realized she knew noah too well . memories flooded her heart , unwelcome , and she swatted them away in anger . but sitting here watching noah , she could tell that he still cared for her as a friend , even though she 'd totally humiliated herself . even if she really loved him , noah would never , ever , be able to be with someone like her , not with her past and his ? his first kiss ? `` look , this was a huge mistake , '' wara groaned out loud . `` i just felt bad and wanted to help you ? and i did n't think . '' oh yeah , and i 'm drunk , she thought angrily . `` i think i should go home and you should go ? back to the coffee shop . and just please , do n't tell anybody . '' wara felt the slow burn spread across the bridge of her nose . `` i wo n't tell anyone , '' noah promised her . `` and really , while tonight has been a little ? weird , i think it worked really well to save me from rudolf . i do n't know what i would have done without you . ''"
136,20,"wara sighed and blew her bangs out of her eye as she stood up , tottering unsteadily . `` i 'm not letting you go home by yourself ! he stood up and held out his arms to steady her , just as nausea surged and the night began to spin around in circles . `` i 'll take you home , send the guys a text that they can sing without me . and do n't worry , '' he said seriously , kindly . 4 mocha after deciding how franco salazar would die , alejo 's team took the rest of the day off . alejo spent most of the time wandering the crooked lanes of the peshawar bazaar , staring at gold jewelry to die for and reams of cloth embroidered with a river of color . if he were gabriel and in love with a girl with amazing sapphire eyes , would he buy her that one gold necklace with wreaths of fairy-tale leaves and bottomless blue stones ? alejo blinked at the shop window , realizing he had no idea what he would do . during high school back in bolivia , the girls were more interested in his whiter , richer friends . since then he 'd been too busy trying to save the world . stalin found him sweltering under the sun in front of the jewelry shop , clapped him on the shoulder and steered him towards a coffee shop , one of the few modern one in this city . `` do n't tell me , i can already see it in your eyes , '' stalin said when they 'd taken a seat on the sleek red benches . `` you 've been reading that book again . and that means questions , big life and death questions . i am an expert on the document in question , after all . '' alejo glanced behind them , checking that they were still alone here in the corner . a young couple sat at the opposite extreme of the coffee shop , he wearing jeans and she a short white kameez top , wide-bottom black pants , and a leopard print veil . they both giggled at each other and sipped something fruity from glasses with paper-maiche umbrellas . the drinks stalin had ordered for them arrived , something with a ridiculous amount of whipped cream and caramel on top ."
137,20,"alejo frowned at the stuff suspiciously . could n't be worse than that luke-warm fermented mare 's milk he 'd choked down on assignment in uzbekistan a few years ago . `` i do n't think i do have more questions , '' alejo narrowed his eyes at stalin . we both know you love to be right , and i 'm giving this one to you . your arguments convinced me : the texts are authentic . and if i believe that , i ca n't be muslim anymore . '' alejo felt his brow lower saying it out loud . stalin swore under his breath across the table . a bead of sweat popped out of his forehead and he slurped caramel and cream . `` this time , i 'm not sure if i should have allowed my extreme intellect to be so convincing . '' `` i do , '' alejo crossed his legs and leaned back . `` and that means you ca n't be a muslim anymore , '' stalin conceded glumly . if gabriel finds out , he 's going to have a cow . '' yeah , gabriel was really religious , more than anyone else on alejo 's team . but the one alejo really dreaded telling was ishmael khan . the khan loved alejo like a son , and in the pashto culture that kind of love should never be broken . he was going to take it hard that alejo had to leave islam ? and the prism , besides . `` but it 's just not right for me to stay where i am , '' alejo told stalin , `` if i 'm not a muslim . alejo felt relieved it was all decided . but stalin 's eyes had gone all buggy behind his tiny round glasses ."
138,20,"he chewed on one chapped lip and stirred the mess of coffee and cream left in his cup with the straw . `` alejo , i do n't think you can just tell them , '' he said worriedly . stalin licked a film of whipped cream off his upper lip and sighed . `` do n't you remember what happened to marco ? '' marco , until a year ago , was the prism leader for colombia and venezuela . the poor guy was murdered in a horrible break-in , along with his sister and some young nieces ; the whole thing had been really hard for alejo and his team . stalin was watching the memory cross alejo 's face and he nodded grimly . i mean , alejo , you are the best of us , always busy exercising , studying other languages . but the lazier of us have time to sit around and listen to rumors . marco leaves the prism to take up agriculture . then weeks later , he 's murdered , along with his entire family . the scary thing is , the 964 did n't seem the least bit surprised . '' the 964 was the group of incredibly wealthy people who financed the prism . and why would n't the 964 be surprised ? because they were behind the whole thing , that 's why . frost crept into alejo 's veins as it all came together . the picture shoved under the door of his house in bolivia , a bunch of little kids arriving home from school in uniforms and overstuffed backpacks . a house number clearly visible over the door . stalin had also gotten a really weird picture of his parents wearing matching lime green t-shirts at a rally for world peace . alejo had been so obsessed with salazar he 'd paid no attention to the prism funders ' reaction to marco 's death ."
139,20,"he 'd felt the surprise at seeing that picture show up but never figured out the hint . `` they 're telling us they know where our families are , '' he stated the obvious . `` if we leave , people we care about die . '' four o'clock came early the next morning , when the khan came to pick him up for the trip to the countryside tribal area . a sleek black hummer glided to a stop in front of the apartment , purring in the early morning chill . a man in a shalwar kameez that was cotton candy pink held the hummer 's rear door for alejo : mateen , an employee of the khan that a guy would be wise not to mess with , despite the pink clothes . mateen nodded wordlessly at alejo and deferentially closed the hummer door behind him . alejo crossed his arms across his chest and greeted two of the khan 's burly body guards , wearing the round woolen caps that were traditional pashto garb . each held a well-cared for automatic weapon very comfortably between their knees . `` asalaam aleikum , '' they grinned back at him over thick , unkempt beards . `` ishmael , '' alejo nodded at his boss , who , eerily , was impeccably dressed even at this ungodly hour of the morning . ishmael khan was a philanthropist , giving away a lot of his wealth to build hospitals and schools here in pakistan as well as in bolivia . the broken hand of two-year old jamila was what ishmael khan fought for . this was what alejo 's handler saw every time he heard about another child killed by the americans in afghanistan : the tiny , coffee-colored hand of his niece , protruding from the rubble of her home in the mountains . she 'd been crushed by a stray american missile back in 2008 , massacred in the same day as her five siblings . now ishmael khan was alejo 's handler in the prism , this muslim organization dedicated to fighting against injustice for allah . alejo was the prism leader for all of south america , excluding colombia and venezuela , where marco 's replacement now worked . the chill from his conversation with stalin yesterday still sat in alejo 's bones . the khan was a strict muslim , but would he really react so strongly to alejo 's moving on as stalin had implied ? maybe only the 964 really cared , because they were the ones who invested all the money in training alejo ."
140,20,"or maybe stalin and alejo were just painting themselves scary pictures from nothing , like campfire ghost stories under the moon . gabriel cleared his throat from the third row of seats behind alejo . the rest of alejo 's team had stayed behind in peshawar . `` i thought we might have to drag your butt out of bed , '' he chuckled . you were looking pretty down yesterday . '' they did n't know why he personally hated salazar so much . to them he was just another scumbag who was about to be offed . and , except for stalin , they absolutely did n't know a thing about the decision alejo was trying to make . the roads outside of peshawar were cut into dry , dusty mountain faces , and incredibly sheer drop-offs framed their narrow edges . eventually the hummer left the peaks and jolted across a stony field where the rutted tracks were barely visible in the weak light of dawn . everywhere , mud-brick houses sprung up out of the rocky dust ; most were shattered from missiles , empty shells of the family life that must once have filled them . small children sometimes lined the road , staring with huge , kohl-lined eyes as the impressive hummer roared past , clouding their ragged bodies in billows of thick dust . sometime around noon , the armored hummer arrived at a run-down village , consisting of a cluster of houses around a stone well . mangy , skeletal donkeys wandered about , tethered to fraying ropes . scrawny chickens had free range of the dusty central courtyard . a baby cried franticly from inside one of the single-room homes . a piece of burlap hung over the small window stirred , a dark form peered out , and the baby was immediately hushed . somewhere in the near distance , the dull echo of a missile launcher pounded against the surrounding mountains . alejo started , and realized they were near the current battle zone . with a cool hiss , the metallic doors of the hummer unlocked and opened ."
141,20,"mateen took a long drink from a two-liter bottle of luke-warm coca-cola . the pashtun guards leapt out of the car , weapons gripped tightly in their rough hands . `` settle down , settle down , '' the khan barked in pashto , appearing amused . `` there 's nothing to be afraid of right here , in this village . our commander is in constant contact with me , by sat phone . '' ishmael patted the pocket of his gray wool jacket from a posh london shop . `` you all stay here and guard the car , '' ishmael instructed his guards and driver . `` keeping a sharp eye out towards us , of course , as a precaution . '' the khan cleared his throat , spit a wad of hashish on the ground and turned towards alejo , all smiles . `` and as for you , your hour has come . did i not tell you i had a surprise for you ? well , i have a little something i want to show you , and i think you will be very surprised . alejo hid his displeasure behind a passive mask . what could be here , so near the battle zone , that the khan wanted him to see ? there was nothing here but run-down huts . `` come on , alejo , '' the khan was saying , heading towards a larger , low-slung mud building that was on the close side of the courtyard . alejo 's leather sandals sucked at the mud as he followed ishmael . a thin plume of smoke snaked from the chimney of the building into the slate gray of the sky . alejo halted impatiently outside the splintered wooden door as the khan called into the building in pashto , a curt answer came back to him , and the khan motioned happily for alejo to open the door . features impassive , alejo pushed his way cautiously into the darkened building and found , more or less , what he had expected : a room tightly packed with mud-caked , exhausted mujahedeen , taking an early-morning snooze by the fire before heading out to fight the enemy combatants ."
142,20,"most wore grimy shalwar kameezs and the traditional pashtun hats , with a ring around the bottom , bulging like a wool muffin on the top . the men looked thin and under-fed and much too young to be here . many had body parts wrapped up in dirt-encrusted , ratty bandages mottled with dried blood . around one hundred pairs of brown , battle-weary eyes stared back at alejo as his vision adjusted to the dim lighting . he felt the khan push past him , forcing him further inside the room . alejo was confused , but did n't let it show , only cocking an eyebrow at ishmael . he was n't interested in radical fighters and all their petty battles over slight differences in religion or generational blood feuds . ishmael greeted the men enthusiastically , and they , obviously knowing who he was , made an effort to sit up straighter with respect and returned the pashto greeting . `` this is the man i told you about , the man i told your commander i would bring to you . '' the khan motioned widely towards alejo , as pleased as a kindergartner presenting his newest coloring page to his favorite teacher . alejo was perplexed to see grins spreading across the chapped faces of many of the men in the room . an unexplained feeling of dread crept across his chest as he watched them . and then the men opened their mouths and spoke . 5 aquamarine pakistan if gabriel shara were any happier , he might just die . gabriel had never thought it would all happen so soon . but while alejo was chatting with the mujahedeen warriors in that town with the mangy donkey , ishmael khan had pulled gabriel aside and said the best words of the century : `` gabriel my son , i 've heard you have noticed my niece . '' it was all going to be arranged , next year when ambrin finished nursing school . and though marrying ambrin was about the most awesome news gabriel could imagine , the khan had n't been finished . there was a client , a super-important client , hiring for a super-important mission . and the khan wanted gabriel to take the job !"
143,20,"`` you 're the one , gabriel shara , '' ishmael had smiled warmly outside under the blazing pakistani sun . but gabriel did n't need to think about it . he 'd pretend to for a few days , just to negotiate the price a little . this mission was a dream come true , a gigantic victory in the cause of justice . for goodness sakes , he should just do it for free ! gabriel 's brain was doing cartwheels by the time they stopped for a bite to eat in a one-horse town along the road back to peshawar . absolutely everyone along the village 's single road stopped to gawk as mateen pulled the black hummer over next to a ditch of raw sewage , then ducked after the khan into the village 's only eating establishment . the bodyguards were talking loudly about some tv show , but alejo was lost in a world of his own , ever since they had left the tribal area . gabriel had found if you just left him alone , he would come out of the funk before you knew it . he tried to catch alejo 's eye with a smile as they entered the restaurant . grimy aquamarine walls dominated the small eating place with their shocking color , and cheap plastic mats spread across the floor . several groups of men were already eating their lunch , one leg folded up to support their right arm , the other bent cross-legged on the woven mat . with their right hand , the pashtun men scooped up cooked spinach with torn pieces of oven-roasted naan bread . along one wall lay a scattered pile of black plastic sandals in varying states of muddiness . several of the men 's blackened , bare feet twitched only a few inches away from the food . before digging in , gabriel slipped his cell phone out of one pocket to check the time . around twenty other men in the room began to unroll tattered prayer mats from a special corner of the restaurant , working as one man to spread them out in rows in the middle of the uneven concrete floor , facing mecca . the town 's mosque must have been very near by , judging by the volume of the haunting call to prayer that suddenly cut through the air over a loudspeaker . the customers who were already here for lunch would simply pray together here . a small spigot of water just outside the door in a concrete courtyard provided a place for the men to perform wudu , ritual washing for prayers ."
144,20,"gabriel waited his turn at the trickle of water and began to focus his mind on allah as he washed all the parts required by the prophet . alejo took gabriel 's place at the faucet and began washing , quiet and morose . gabriel 's bare , wet feet made a sucking sound as he padded back inside across the now muddy concrete , his large , moist footprints mingling with the others to create a mosaic of darkened patches on the restaurant floor . frigid rivulets of water formed crystal drops like sweat down gabriel 's face , from his wet , spiky hair to his chin . kneeling down next to alejo , gabriel prostrated himself on his mat and began to pray to the one who , alone , could reward him with eternal life . he had to wait another week , but gabriel finally got some time off . the rest of his team had flown back to bolivia the day after that legendary trip to the tribal area , the one where gabriel 's dreams of ambrin began to come true . since then , gabriel had been back , training a new group of recruits in the tribal area . he knew how to make stuff : molotov cocktails , pretty good bombs , electronic bugs for picking up conversations . he 'd had to learn this stuff when hezbollah trained him in iran , along with alejo , benjamin , stalin , and a bunch of other guys . he 'd gotten a scholarship in bolivia to go to university in iran , and been recruited into the prism there . and now gabriel was just passing it all on . hard work , but today i get a reminder that in the end it all pays off . sitting in the middle of one of the khan 's gilded apartments , gabriel flushed , glancing at the fat pile of cash gripped tightly in his hand . it was all about doing what allah wanted . a knock thudded against the apartment door , and gabriel opened to find ishmael 's employee mateen . the huge pashtun guard was clad in a cotton candy pink shalwar kameez , but the muscles bulging under mateen 's shirt convinced gabriel that the color somehow did n't make the man look any less respectable . `` mr. khan sent me to tell you i will pick you up at eight for a little good-bye dinner , '' mateen announced . a smile twitched above mateen 's bushy black beard and he bowed deferentially , then glided back towards the silver bmw idling outside the door . you mean at ten , gabriel raised an eyebrow at the departing guard ."
145,20,"people accused bolivians of always being tardy to everything , but really , they had no idea . seeing the beard reminded gabriel of his own pathetic attempt to grow a beard in order to be a good muslim . the few inches of reddish , peachy fuzz dusting his chin at least showed that he had made the effort to be pious . i will never be able to wear a pink shalwar kameez like mateen , gabriel thought . the door to the apartment pounded shut , and he sighed as he was left alone . a shiny , distorted image of himself glimmered back at him from a mirror in the golden wardrobe on the opposite wall , and gabriel scowled at his measly beard pack . them maybe i can settle down and watch a sermon from one of the mullahs on tv . his trusty hiker backpack was propped up next to the bed , and gabriel opened the huge gold wardrobe and pulled out a stack of folded shalwar kameezs , sweaters and jeans . first , he carefully lifted his favorite quran , inside its black leather quran case , from its position of respect on the highest table in the room and gently placed it inside the backpack . then came the hard shelled black case from under the bed . gabriel fondly clicked the case open , revealing the smooth , honey wood of his violin . this guy had been with him since his parents had given it to him for his sixteenth birthday , and the violin always came with gabriel to anywhere he went that was important . he carefully placed the small case inside his backpack . now that the violin is here , wherever we go i 'll be home . he understood the reasons , but sometimes really wished his boss did n't have to pay him in cash . debit cards existed for a reason , did n't they ? gabriel decided to deposit all this cash in the bank , one of the many banks close to the apartment where he had an account . he pulled a fraying gray sweater over his long shalwar kameez and headed to the bank . thirty minutes later , having disposed of the cash , gabriel strolled lazily down one of peshawar 's main thoroughfares under a thick haze of ochre smog and pollution . bordering the sidewalk , heavy buses painted like kaleidoscopes rumbled by next to wooden donkey carts ."
146,20,"two female shapes , heavily-shrouded in black veils that fell to the ground , glided in front of gabriel and began to weave their way across the street . though modestly covered , the girls ' huge dark eyes were exposed and gabriel could tell they must be young , maybe about his age . then he realized what he was thinking , and his face began a slow burn . here i 've been offered this great mission , and i 'm so unworthy . still praying , he ducked past a street vendor and a sizzling vat of curry into a winding alleyway , already shadowy in the approaching night . a crunching sensation of angst in his belly came at the same moment as gabriel 's eyes told him he had erred and let his mind wander away from his surroundings . he barely registered the shadowy shapes of three men who had suddenly surged from behind into his peripheral vision , then came the flash of adrenaline . the force of their bodies propelled gabriel face first against the coarse concrete wall . feeling true panic , gabriel swore in spanish . two of the men gripped his arms tightly behind his back , while the third tore off gabriel 's cap , threw it on the ground , and grabbed his hair so that he could not turn his face toward either side . maybe they had mistaken him for someone else . with his light skin , he did look a lot like an afghani . yelled one of the men in a voice that sounded like a traffic accident . they yanked gabriel 's head back by the hair , exposing his neck and scraping his nose and chin painfully across the pock-marked wall . and then he felt the prick of a very wicked knife pressed against his throat . gabriel stammered , hating himself for not being able to control the tremor . if i were alejo i would fight these guys ? something hot and tangy oozed off gabriel 's bloodied lip onto his tongue . the taste of his own blood made him want to gag . `` give us all the money you got from the bank . ''"
147,20,"the demand came from one of the men , shadowy in the darkness of the back alley-way . `` or we 'll cut your throat , dirty afghan . '' gabriel swallowed hard and took a steadying breath . i have the money right here in my pocket . all my money is there , in my wallet . '' a hand thrust violently into the left pocket of gabriel 's long kameez , causing him to totter and the knife at his neck to bite into his flesh . gabriel gasped and told the men , `` but i did n't get any money at the bank . one of them yelled , twisting gabriel 's arm so hard behind his back that his eyes watered from the pain . if you 're hiding the money , we 'll slaughter you like a pig . '' how could you get so lost in your thoughts ? gabriel swallowed hard , felt his adam 's apple rub raw across the concrete wall . you can see that i left a deposit there in the bank . all the money i have now is there in my wallet . '' sweat ran down gabriel 's face , along with the blood . he knew that there were only around two hundred rupees in his wallet , a paltry sum , enough to buy some potato chips and a coke . thank god he had nothing in his wallet to identify him as a westerner , as usual . there was only his afghan identity card , thanks to the khans . a snarl and several pashto curses told gabriel that , indeed , the thieves were not pleased with the pittance in his wallet or the rumpled slip that told them twenty thousand euros had been deposited before their victim left the bank and they began to follow him . the man holding the blade at gabriel 's throat swore violently in his ear . someone else pulled on his hair , forcing gabriel 's face towards the sky ."
148,20,"the knife slashed his throat like the sting of a thousand wasps and his eyes rolled back into his head . everything hazed over midnight , and the world was black before gabriel shara even crumpled at the thieves ' feet next to the graffiti-covered wall . it was terribly strange to be aware that the world was passing by around you , but yet to feel yourself immobile as a stone , limbs heavy as petrified wood . drifting in and out of awareness , gabriel finally reached a point of realizing that he could move his lips and try to speak , and what he tried to say was , `` help . '' he was in a dirty room filled with ivs , a few cots , and a chess board on a little table , pieces paused mid-game . gabriel felt his heart beat slow and cold . this could n't possibly be some kind of freaky afterlife filled with rusting metal cots and eternal games of chess ? gabriel attempted to roll over to one side , morbid curiosity winning out over sluggishness . something stabbed through his neck and chest with the movement , and he yelled , suddenly remembering the alley and the thieves and the knife slitting his throat . and then he saw alejo , materializing in this strange room , followed by a short little doctor in a dirty lab coat . `` take it easy , gabo , '' alejo said hoarsely . gabriel forced himself to relax back into the pillow , weak with relief at the sight of his friend . `` they had to sew you up pretty quickly , '' alejo said , then cleared his throat . if he held really still , the pain of talking was manageable . the doctor had moved to the side of the bed and was checking stitches on gabriel 's neck . stitches he really did n't even want to imagine . `` you must realize , my friend , how lucky you are , '' the short doctor clucked at gabriel . `` it is truly a miracle you are still here . and you have such a good friend , this man who flew here all the way from the americas when he heard what happened . '' he was trying to pretend it was just a piece of dust he had to scrub from one eye , but the ruse was n't working very well ."
149,20,"gabriel felt his face spread into a grin . a very sad-looking , lopsided grin , but a happy one nonetheless . `` allah has chosen you , my friend , '' the doctor patted gabriel on the shoulder . that was supposed to be comforting , was n't it ? but gabriel felt the smile drain from his lips . 6 emerald coroico , bolivia wara shifted positions against the worn gray upholstery of the minibus , managing to win an extra half-inch or so for her left leg . she hooked one dusty converse tennis shoe through the straps of her purple backpack , a habit she had developed to be able to drift off to sleep while traveling without the possibility of someone sneaking off with her bag . nazaret was fast asleep next to her , blond curls plastered to wara 's shoulder . on wara 's other side , through the window , soaring peaks of emerald contrasted with sheer drop-offs , mere inches from the edge of the dirt-caked road . nazaret and wara were on their way to coroico , sleepy tropical tourist town in the mountains , for a four-day weekend vacation . this was the first time pastor martir had let his daughter go away for so long , even though nazaret was the same age as wara , twenty-seven . latino fathers tended to be extra-protective of their daughters , more so than american dads . the bennesons from wara 's mission had let her take some time off from helping at the aids center , and her literacy classes for quechua women were only twice a week anyway . as the distance between wara and cochabamba grew , she allowed herself to think of that disastrous night she 'd been trying to forget for the past month : the electric blue glow of caf paris , several drinks too many , kissing noah next to the bar . even now , wara felt her cheeks flame at the memory of that really ill-advised kiss . in the plaza outside the caf that night , while still feeling the effects of the alcohol , wara had felt crushed with the realization that noah would never be able to love her . a dilemma that never would have bothered her before . but since sobering up , wara found that her feelings of dismay over the situation with noah had n't changed . of course , she felt ridiculous for having embarrassed herself in front of him . that night she had seen how noah still looked at her with kindness after that stupid moment in the bar ."
150,20,"she knew , now , that she really did love him . wara closed her eyes against the smooth glass , heart sinking all the way down to her toes . a jolt from underneath the minibus began at the flimsy metal seat and rode up wara 's spine , rattling her cheek against the glass . she opened her eyes and felt the bus brake solidly , pebbles exploding along the pavement . the rear end of the vehicle fishtailed towards the sheer cliff at the edge of the road . soft shrieks and muted curses rose from the other bus passengers , and wara 's heart flew to her throat as nazaret jerked wide awake . a skidding bus anywhere near the edge of this mountain road was ample cause for alarm . the road that led down from la paz to coroico was no ordinary road ; it was booked in most tour guides as the road of death , the most dangerous road in the world . cut at unbelievable angles into the emerald heart of the andes , the road boasted drop-offs of 1800 feet at some points . nazaret gasped loudly at wara 's side , clutching her little rolling suitcase covered in pink poodles and eiffel towers . then the minibus drew to a halt , engulfed in a fine mist of pewter-colored dirt . they were still on the road , but wara 's knees were shaking . five seconds later , the dust glided away , leaving the bus passengers a view of metal debris and a gutted , blown-out tire splayed over the pavement . wara took a deep breath and knit her shaking fingers together in her lap . a plump quechua woman on the other side of nazaret answered loudly , `` it 's the accident from two days ago . old accident or not , the bus passengers were curious . the door of the minivan slid open with a hollow whine and everyone spilled out , cautiously tiptoeing over to the cliff . a humid breeze whipped at their hair from across the ravine and the sunshine seared their shoulders . `` the road of death , living up to its name , '' a woman muttered . a chorus of gasps rose upon viewing what was once a large , sleek tour bus , belly up in a tangle of trees a thousand feet below ."
151,20,"horrified , wara could make out the tiny stick forms of what appeared to be bodies sprawled on the way down to the crash . `` good heavens , '' an elderly man stammered . `` they 're just going to leave them here ? '' `` the rescue teams have been working since the accident , '' replied a skinny kid in a hoodie . `` they find the survivors first , then bring up the bodies . as wara stared wide-eyed down the precipice , the magnitude of rappelling down that sheer cliff to attempt a rescue effort hit her . her head spun and she backed away , hurrying to the minibus where the driver was ordering them all to return . nazaret never made it back to sleep during the remaining hour ride to coroico , and wara did her best to focus on the primitive beauty of the living mountains and not the valley below . the first tinges of dusk were just beginning to paint the expanse over the mountains when coroico came into view , all coral-tiled roofs jutting out over an emerald mass of vegetation , like a man riding a foaming wave into the thin air over a precipice that dropped into the valley below . the bus followed winding roads and soon arrived at coroico 's main plaza , a square affair surrounded by touristy restaurants and tour guide offices . the rubber wheels of nazaret 's suitcase bounced over cobblestones as she and wara walked towards their hotel . the hotel bella vista was four blocks from the plaza , and wara sagged with relief as she entered its cream-colored hall and spotless wood parquet floor . a beautiful brick fountain gurgled in the atrium , splashing water across smooth pebbles . `` it 's good to be back , '' she muttered , heading towards the room she always reserved at the back of the hotel . it was really good to be anywhere , after seeing the fate of that bus down in the valley . inside the room she and nazaret had reserved , a giant plate-glass window was framed by crimson and gold curtains . though the sun had sunk a little more behind the mountains , the amazing spread of the valley below was still visible in muted tones , proving why this hotel was called the beautiful view . beyond the crimson curtains , tangled tropical life stretched out far below them as far as the eye could see , blanketing the soaring mountains in emerald array . a winding river cut through the middle of the valley , and wet salmon-colored clouds clung to the tops of the mountains that were still lower than the town of coroico . wara and nazaret fell asleep right after dinner from a tiny pizza restaurant , and did n't move again til morning ."
152,20,"she and nazaret spent the next day exploring the tiny tourist town : horseback riding over the emerald mountains , lunch at the little german caf , then a walk over towards casa bonita for homemade organic ice cream . crashing for a while in coroico 's main plaza under the stars seemed to be the perfect ending . wara and nazaret collapsed on a bench and stretched their legs out next to a tinkling stone fountain . groups of fair-skinned tourists , wearing khaki shorts with hiking sandals and socks , sat around the plaza laughing too loudly and munching pringles and snickers bars that the local stores kept on hand for the healthy flow of foreigners brought to their town by the adventure tourism industry . a young bolivian couple strolled by with their son and a pair of mickey mouse balloons , munching hamburgers wrapped in plastic sacks . and near the tinkling fountain , a group of women in dark islamic robes stood quietly , passing out pieces of paper to anyone interested . `` looks like islam is growing here , too . '' nazaret had also noticed the muslim girls , trying to share their faith here in coroico with people passing by . next year they finish that huge mosque in cochabamba , you know . '' wara did know that ; during the last decade , bolivia and iran had become close friends . with more muslims coming to bolivia for business or study , some bolivians were converting to islam . and the iranians had built many hospitals and schools in needy parts of the country . there was probably one here outside of coroico . wara nearly jumped out of her skin as two rough hands covered her eyes , blinding her . she panicked and tried to lean forward but could n't break away . she felt a body come over the back of her bench into the space between her and nazaret as the hands disappeared . annoyed , wara realized that the bony shoulder pressing into hers belonged to tobin , the wiry , blond australian friend of noah 's . she paused , frowning , wondering what tobin was doing here . wara leaned around tobin and saw that eduardo sejas , the good-looking bolivian who sang with noah at the cafe , was sitting on the edge of the bench next to nazaret , wearing cargo pants , a dirty t-shirt , and a heavy-duty backpack . nazaret 's lips were turned up into a smile , and wara followed her gaze to see tobias , the other australian , and noah ."
153,20,"standing in front of her bench , smiling down at her . `` aww , we 're sorry we scared you guys ! '' a quick glance over at eduardo showed white teeth flashing against his tan jaw . `` we did n't know it would freak you out . '' he paused and waved his hand as if to erase the past . tobin kissed a still-frozen wara on the cheek , and the other guys leaned in to give greetings . noah was wearing khaki shorts with leather hiking sandals , and his tanned legs were covered in powdery dirt . a t-shirt with cut-off sleeves left the tattoo of blue celtic symbols around his upper arm clearly visible . wara dared to meet his eyes and saw no sign that he was thinking of the last time they 'd hung out , in caf paris . noah leaned forward to give her a bolivian cheek-smooch , and wara felt her face go hot . how could we have ended up coming to the same place for weekends away ? i never heard noah or any of the guys talking about this ! `` well , '' tobin said cheerfully in his lovely accent , `` we 've been planning this for quite a while , right guys ? today and tomorrow we are doing 'adventure tourism ' here around coroico , and then monday we are heading out for the hike to the cotapata nature reserve . what is it , eduardo , a 24-hour hike ? '' eduardo confirmed , and noah sat down on the concrete edge of the fountain , stretching out his legs . `` awesome surprise to find you guys here , too , '' noah smiled at wara and nazaret . the surprise of having him show up here in the plaza in coroico , just like that , had still not worn off . she had to think of something normal to say . `` i remember ? last week your parents were supposed to come , right ? ''"
154,20,"the last time wara ran into noah at the martirs , he had mentioned his parents were going to come to bolivia . his parents were wealthy and did not believe in god . they were really not happy their son had decided to study social work and come to one of the poorest countries in the western hemisphere . hurt glinted in noah 's eyes when he told her they were thinking of stopping by cochabamba . on their way to a beach resort in brazil . now , noah set his jaw and looked away . hotels here are n't up to their sky high standards . '' `` we 're going to rent a jeep to drive us down to the waterfalls tomorrow . noah should despise her after how she 'd acted the other day , but he was still smiling . could it really just be a coincidence that she and noah had both showed up here , at the same place , at the same time ? maybe there was a chance noah could love her . she knew nazaret would n't be thrilled about hanging out with the guys all day tomorrow ; noah was already like a brother to her , always over at the martirs ' wrestling with her little siblings or mowing the lawn . and wara did n't think she was ready to hang out with noah yet . to squash the hope that right now was blooming to life . but we should just let you guys have guy time , '' wara said . `` yeah , tomorrow wara and i were going to spend some time alone , '' nazaret grinned at them . `` suit yourselves , '' tobias waved them away , pretending to be offended . you miss seeing us without our t-shirts in the waterfall . '' wara could barely compose herself enough to cheek-smooch all the guys goodbye and make it back to the hotel . there must be some reason god was doing this ."
155,20,"7 white plaster alejo shut the metal door of the orange three-story house he shared with gabriel and benjamin and stepped out onto the lazy peaceful street only a thursday morning in coroico could deliver . and only in coroico could one have a view such as alejo and the guys had every time they stepped out their front door . their front steps lowered to a street with a steep downward slope , rushing down the mountain and leaving a breath-taking view of jade mountains peaks and scarlet flowering trees in the distance . their street was just a narrow lane of stone stairs , really , used only for foot traffic . a corridor of tangerine and violet flowers grew wild in the dirt , forming a living rainbow along the center of the staircase . gabriel sat on the second step from the top , elbows propped on his knees , staring at the clouds misting up over the trees in the distance . he wore a turtleneck , as he had every day since the attack in pakistan a month ago . his pale green eyes reflected the weak rays of the early morning sun , glazed , vacant , and bleak . alejo sighed and covered the few steps to slide down onto the cool concrete step next to him . `` 'morning , '' alejo croaked , then cleared his throat . `` i think we 're late to breakfast . '' gabriel half-turned towards him and parted his lips , tried to think of something to say , then gave up . his gaze went back to the mist in the distance . `` you sure you want to come along this weekend ? '' `` you can take more time off , you know . '' after alejo got the call from ishmael in peshawar , the twenty hour trip from here to gabriel had seemed to take forever . gabriel had recovered well since that day , but the playfulness seemed to be gone from his eyes . most of his free time was spent praying or playing really melancholy music on the violin his parents gave him . he swatted at a mosquito that was whining its way around his ear . `` i rested a lot last week though , at mom 's house ."
156,20,"she about had a heart attack when you called her and told her about the skiing accident in france . stupid person who installed barbed wire on the slopes . '' his mouth twitched and some of the old sparkle glowed in gabriel 's eyes . `` i mean , what a freak accident , right ? running into wire at neck level while skiing ? '' that 's where gabriel 's family thought he went when he disappeared with his friends for weeks at time : skiing in france . gabriel seemed happy thinking about his mom , and the week at her house had fattened him up a bit . `` it 's just , i feel weird , you know , '' gabriel sighed , still batting at the stupid mosquito . i mean , i see how pretty everything is here in coroico , and i am so happy to be alive . one of his hands drifted to his throat and gabriel 's adam 's apple bobbed . `` god gave me back my life , but now i feel that my life has to totally belong to him , you know ? gabriel paused , and wrinkled his nose . `` god would n't save your life just so you can feel all tortured about it , '' alejo frowned . `` he saved you because he loves you , not so you can be his slave the rest of your life . '' gabriel looked at alejo , one sandy eyebrow raised . `` yeah , but imagine how ticked off he 'll be if after he saved my measly little life i sit around living for myself instead of doing everything i can to serve him . '' `` did ishmael talk to you about all this ? '' alejo asked , suddenly feeling cold as he remembered the trip with the khan to the tribal area . `` he 's not trying to tell you to go spend the rest of your redeemed life as a taliban fighter or something , right ? '' gabriel actually smiled now and stood up , dusting off his sweat pants ."
157,20,"`` can you see me with all those tough guys , wearing a turban ? alejo had to laugh at the image of gabriel wielding an ak-47 and smoking opium in the middle of the desert . gabriel put his hands on both hips , and stretched a little , leaning to one side . `` whatever allah has for me might even be good . '' `` and it might even include ambrin . '' gabriel scoffed , but seemed quite pleased by the thought . `` let 's go over to the caf , '' he grinned . gabriel and alejo joined the rest of the team in the caf attached to the side of the modest kory tours office , which at present was sealed shut by a padlocked , roll-down metal door until office hours began . the tour agency was their cover here in coroico , keeping them all employed in the eyes of this lazy tropical town . benjamin also worked as a doctor in a little clinic sponsored by the government of iran . stalin spent his mornings at the local elementary school , teaching , of all things , morality and ethics class . the two of them now sat at one of the caf 's small tables , leisurely spreading jam and margarine onto fresh bread from the corner store . lzaro hummed behind the counter in the food prep space , sporting a white apron and pouring steaming organic espresso from coroico into glazed ceramic mugs . he kicked the mini refrigerator door closed after replacing the milk . fresh marraqueta bread , and i 'm letting you all have some of my brownies . '' alejo grinned and he and gabriel scraped some chairs over to the tiny table with the others . lzaro had learned to make awesome brownies and cheesecake from his mom back in puerto rico , and his desserts made the caf really popular with tourists . `` sure , i think i could choke down one of your brownies today . '' gabriel casually nodded his thanks as lzaro plopped down a mug of strong creamy coffee in front of him . depends on how much i think you need to have your self-esteem improved today by me eating your food so you wo n't , you know , think it 's gross or anything ."
158,20,"a stale circle of bread flew through the air from where lzaro had returned behind the counter and thumped gabriel in the side of the head . gabriel rubbed his head in mock pain as alejo jerked crossly towards lzaro . alejo knew that the worst of gabriel 's injury was healed , but he still felt protective , maybe guilty that something so awful had happened to a member of his team and he had n't been able to stop it . `` so , '' stalin mumbled around a large mouthful of bread smothered in jelly , `` we 're gon na meet our clients half way up the trail , right ? '' alejo made a face at the sight of crumbs spewing across the table . `` yeah , all eight of the paraguayans are going to meet us up there . '' they would meet on the trail up to uchumachi , the mountain top where kory tours led the wilderness survival tours that were completely booked every other week by prism trainees . everyone down here in coroico thought the kory tour guys were up there teaching survival skills to tourists from all over south america . uchumachi was isolated , perfect for alejo and his team to train others . this weekend would be extra busy , because there would be a special guest : ishmael khan , all the way from pakistan . it had been a year since the khan had attended one of their trainings , but he claimed that it was long overdue , that he had missed bolivia and missed them all . alejo suspected that he mainly wanted to check on gabriel , his `` nephew '' , who had given him quite a scare . as the junior member of the leadership team , lzaro was staying behind to man the caf and kory tours . lzaro did n't mind terribly much , well aware that the gringa girls who came to the caf for organic coffee thought he looked hot in the irish tweed hat he always wore and that white apron . the caf would n't have any business without his brownies , anyway , so it was a logical choice . `` so , we 'll be back on monday afternoon , then . '' alejo clasped hands briefly with lzaro , and swung one of the streamlined north face backpacks full of supplies they had prepared last night onto his back . `` tuesday we 'll start getting everything ready for the crusade . '' alejo and his team had already picked the spot for the operation against salazar , a greasy sandwich kiosk in cochabamba 's market where the man met his old college buddy every second friday of the month . the street was packed and hemmed in by tall buildings ."
159,20,"no one would ever know where the sniper 's bullet had come from . `` call me with any news , '' alejo instructed half-way out the door , then turned back to snatch another brownie off the table . lzaro called , tipping the brim of his hat to them all . as they left , alejo could have sworn he saw lzaro checking his reflection in the bamboo-framed mirror along the wall , flicking off stray bread crumbs with a satisfied smile . it was 8:30 in the morning on sunday when alejo 's sat phone buzzed with a call . the group had just finished a discussion called `` ethical questions related to justice '' and were now lounging around debating and munching granola bars for breakfast . he pulled the phone out of the leg pocket of his pants , glancing at the screen for id . alejo wandered from the clearing and entered the relative coolness of the forest at the top of the uchumachi mountain . a thick cloud of mist still hung over the tops of the tangled foliage , not yet burned away by the mid-morning tropical sun . lzaro 's voice twitched with excitement . `` the speaker for the crusade we 've been planning ? .he 's down here . alejo blinked , suddenly at a loss for words . it appears the guy is some kind of amateur sculptor and he entered that contest here in coroico this weekend . i saw the guy walk by on the sidewalk this morning , when i was setting up the caf . he 's with five staff members , and i followed them over to henrich 's for breakfast . i got a table close to theirs out on the porch and heard , like , everything they said . '' `` he 's going to thailand again , '' lzaro said . `` after her leaves coroico , the day after tomorrow . '' `` ok , i 'm not sure you really want to hear the rest , '' lzaro rambled on , `` but you 're going to anyway . '' gabriel appeared next to alejo and alejo punched the sat phone 's speaker button since they were away from the others and a thousand feet above coroico ."
160,20,"lzaro 's voice blared distorted out of the phone 's miniature speakers . `` after they finished breakfast , i took a little stroll through the plaza to check out the sculpture exhibition , which i had not done since i 've been so darn busy at work this weekend . i found , unfortunately , the statue that s ? that the speaker entered in the exhibition and i am just sad that i 'm the one who had to see it and be here describing it to you . '' `` i 'm getting there , '' lzaro insisted crossly . `` so the guy made this humongous statue out of white plaster or something . i think it 's supposed to be himself as some great benefactor . he 's got himself sitting on a chair , and then around him are four little boys on the ground , looking at him . there 's an older boy , like maybe twelve , sitting on the guy 's lap . there 's a lot of detail in this thing , so i go closer and see that all the kids have either a little notebook or backpack with their name engraved on it . alejo rubbed his temple and spoke before allowing himself to think . there was a long pause , and then lzaro said , cautiously , `` now that 's freaky . alejo 's head reeled but he managed to focus , fingers digging into the phone . rage filled him , and he let it , anything to keep away the tears he really did n't want gabriel seeing . gabriel leaned against a fat banana plant , visually disturbed . alejo flipped the phone shut and jammed it into his pocket . he and gabriel stared at each other for a moment , and then alejo whirled around and began to pace . fallen eucalyptus leaves perfumed the air as his sandals crushed them into the ground . `` we have to move the crusade up , '' he told gabriel , still pacing . we have to do it before the trip to thailand . '' alejo slammed a fist into the trunk of the banana plant , swearing loudly ."
161,20,"to think that after all this time , salazar still remembered , was still gloating . no one cared , no one was going to make him pay . no , god is justice , and his eyes are always on the earth , to reward the righteous and punish the wicked . god help me if i just sit here and watch without doing something . `` listen , che , i 've got all the equipment we need at boris ' house . i can hike into town and find a new spot . i do n't need a lot of time to do calculations . '' alejo narrowed his eyes at gabriel , feeling possessed . he tried to concentrate , running through the same arguments he had had with himself on too many occasions . are you really thinking of killing the guy ? yeah ? but so is allowing the innocent to be hurt or killed . let the national authorities punish him according to the law ... that really had n't gone so well in the past . salazar and anyone with the power to do anything were constantly scratching each others ' backs . a total indifference to his activities had only made salazar more bold in breaking the law , knowing no one would care . alejo stopped in his tracks and held up one hand . `` in cochabamba the sniper could easily get away . `` coroico is too small , '' alejo continued , `` too nosy . everyone sees everything , and the population here is too small for us to avoid suspicion in the investigation . tell me honestly if you can do this . '' he explained his idea to gabriel , whose lips twitched into a smile , then broadened into a genuine grin as he received the challenge to put his considerable talents into action-now ."
162,20,"gabriel let out a low whistle and looked at alejo . `` sounds great , but there 's always the possibility of more people being onsite besides just the speaker . the staff , for sure , would be collateral . '' gabriel 's eyes were shining again , and he pounded alejo on the shoulder before turning back towards the clearing . `` i 'll get some stuff from boris ' place . then , i 'm going to mail a package . '' gabriel marched happily back towards the khan and the other guys , probably to share the good news that they would get to be part of the operation as a bonus to the weekend . alejo slowly slid down against the trunk of the sleek banana plant and buried his face into his arms . 8 scarlet this would never , ever happen back in ohio . noah stood on the edge of a jagged black boulder , wet from bare feet to shoulder with icy spray from a nearby sixty-foot waterfall . two sapphire butterflies slowly flapped their powdery wings as they rested on noah 's right bicep , inhaling droplets of water from his exposed skin with their thin black tube mouths . a dozen more butterflies soared through the spray near him , dodging clouds of crystalline mist tossed off the roaring waterfall . they formed a living rainbow of jade , coral , buttercup yellow , and scarlet , flitting in circles around noah 's body , landing on tobin 's and tobias ' legs . lzaro from kory tours , who was working even late sunday afternoon , waited for them down below next to a basket full of fresh picked mangos and oranges for a snack before they headed back to coroico . it was may , nearly winter in bolivia , but here the earth was still full of butterflies and tangled flowers . if noah were home in ohio , he would probably be sprawled on the couch in sweats , watching american idol reruns and eating doritos . this waterfall was the third noah and the guys had visited this afternoon with lzaro in the hired kory tours pick-up truck . noah now stood next to the foaming pool that formed the base of the waterfall . the climb around the edge of the pool , grabbing frigid rocks for support , had been awesome ; making it to the back of the roaring waterfall , staring through the rushing water from the darkened cave behind it , had been unbelievable . now the sun was beginning to drop behind the forested mountains , and the chill of wet clothes caused noah to sigh and admit that it was time to change and head back to town ."
163,20,"with all the hiking and rock-climbing they had done today , he felt that tonight he would eat like a horse . eduardo had worked his way back from behind the falls and now stood ankle-deep in swirling water next to noah . he leaned close to be heard over the pounding of water upon water . `` sure , ok , '' noah mouthed , and gently flicked the blue butterflies off his arm , sorry to see them go . the two australians had already begun to climb down the wet , slippery rocks high above the truck , baseball caps dripping water down their sun-burned faces . noah slipped into the cold water , feeling the push of the uneven pebbles at the pool 's bottom against his feet . being tall was an advantage in this case , and he did n't find it too difficult to discover all the handholds and make it safely back to the flat ground close to the road . all of the guys pulled on the t-shirts that they had left strewn across some scrubby plants near the truck , and then sat on dry boulders in silence , eating juicy mangos , letting their soaked shorts and legs dry a little in the sun . it was good they had brought kory tour 's truck instead of the jeep . at least now they would n't have to get the seats of the jeep wet and squishy with their behinds . noah smiled to himself , wiped his sticky fingers on the sides of his shorts , then got up and followed the guys to the truck . they made sure everyone had their cameras , phones , and was wearing shoes , then swung themselves up into the bed of the rusted white pickup , sitting on the sides . tobias went up front to keep lzaro company , and as soon as he had slammed the pickup door , they bumped their way back onto the road , headed to coroico . lzaro turned around to look at them through the open back window of the truck 's cab , hands casually gripping the wheel . the guy 's english had a funky british accent going on ; lzaro told them he had gotten his masters in england . `` oh my gosh , yeah , '' tobin said , practically yelling to be heard over the noise created by speeding over the uneven road . `` that was the most fun i 've had in a long time . kayaking yesterday was cool though , too . '' `` this guy taught me everything i know about camping . '' noah and eduardo had come to coroico before and spent the day kayaking with lzaro as their guide last year ."
164,20,"it was great that lzaro had been available this year , because the guy was a lot of fun and knew everything about the great outdoors . he even had a workshop in town where he brought people in from little villages around coroico and taught them how to promote the cool things in nature right in their towns for when the tourists came . `` so you guys are going to cotapata tomorrow , right ? '' lzaro asked , adjusting a pair of dark shades over his eyes and pulling his wool irish cap down against the glare of the setting sun . his pearly teeth shone against his tan as he grinned at them in the rearview mirror . `` we 're really pumped for this hike . '' cotapata national park was going to be amazing . a diverse ecosystem , filled with species that ranged from the giant condor to the spider monkey . lzaro let up on the gas a little bit now , as coroico was getting closer and a higher speed could be risky with more vehicles on the road . spiky bushes laden with tiny red coffee beans lined the road , and behind them glossy banana plants sprouted , bundles of ripening violet bananas clustering from their stalks . the citric aroma of the three oranges noah had eaten wafted to his nostrils , still on his skin , and he inhaled deeply . the pickup slowed down even more as they rounded a curve in the gravel and came across a girl walking along the edge of the road . the long indian skirt and maroon bandana tied over her hair caused noah to stare for a second before he realized they were familiar because he was looking at wara , walking back into coroico . he called to lzaro , leaning forward to bang on the outside of the cab . tiny pebbles skidded as lzaro calmly slid the truck to a stop , still to wara 's back . noah leaned over the side of the truck . he called out in his most booming voice . eduardo , also realizing it was wara , crossed his arms and looked down at the ground , laughing . wara whipped her head around with startled eyes , then her face spread into a smile when she saw who was in the back of the truck . i was taking a walk , but i 've been gone for a long time now and it 's staring to get dark . ''"
165,20,"she walked over to the truck and climbed up into the back before tobias could even get out of the front to offer her the more comfortable seat . eduardo smiled at her , motioning for tobias to be a gentleman . `` it 's fine , '' wara waved away his concern . eduardo and tobin were taking up most of the space on one of the small pickup 's sides , so wara came and sat down next to noah , tucking the fabric of her pretty skirt between her knees . noah called to lzaro , and the truck zoomed to life , sending gusts of wind flowing around their bodies again . little strands of wara 's dark hair were tickling her face , and noah leaned forward to kiss her on the cheek and say , `` hola ! '' she said back , seeming a little nervous . wara 's probably not used to riding in the back of pickups . i should have made tobias get out of the front . `` so , what have you been doing today ? '' he asked her , casually balancing one of his arms on the side of the truck close to her back in case they hit a bump . `` oh , well , mostly just exploring , enjoying time by myself since nazaret left this morning . the martirs came to pick her up on the way to another bible conference in caranavi . i just came from that really cool restaurant , villa bella . `` that place run by the hippy lady and her family . wara smiled , apparently distracted from fears of falling out of the truck enough to look into noah 's eyes . `` i had pineapple ice cream , and then , '' a dramatic pause , `` i got some henna tattoos . just because i 'm too much of a chicken to get a real one . '' her eyes twinkled , and noah realized she was n't wearing her glasses today . the thought struck him that wara cadogan really was beautiful ."
166,20,"tobin asked loudly , then flushed and cleared his throat . `` i mean , depending of course on where you have them ? ok , never mind . '' wara raised one eyebrow , seeming to enjoy tobin putting his foot in his mouth . `` they 're just on my hands and feet . '' wara shook her head and held out a hand and a sandaled foot for viewing . `` that 's where henna tattoos work the best . '' before noah 's eyes could focus on the designs wara had on her feet , lzaro 's voice came from the front of the truck : `` wara cadogan ? '' noah glanced over to see his tour guide/friend staring at them in the rearview mirror , jaw hanging , eyes still hidden behind the glasses . waiting for wara to answer to her name , noah turned back to her , about to say something-until he saw her face . she looked as if she had just seen a phantom appear at the foot of her bed at midnight , while wide awake . lzaro kept driving , but turned around to see wara himself , staring longer than was healthy when at the wheel . lzaro slid off his shades , and noah heard wara gasp , audibly . lzaro sounded unnaturally cheerful , and his eyes were glued to wara in the mirror . his gaze flitted to noah , and then to noah 's arm behind wara on the truck bed wall . lzaro 's face blanched , and then , after a long pause , noah heard him say , `` well , dude , i 'm not sure if i should congratulate you on your choice in women . i did n't know you two were together or i could have warned you about her . not quite the good little missionary girl you might expect. `` noah felt his neck begin to burn , shocked by the words coming from lzaro 's mouth . he whipped around towards wara and saw her cheeks painted scarlet . `` she 's pretty though , is n't she , noah ? ''"
167,20,"he winked into the mirror and then slid his dark glasses back on . wara 's hoarse voice broke into noah 's pounding head , just in time to see that they were about to pass the hotel bella vista , where the girls were staying . the brakes slammed to a halt in a billow of dust and lzaro muttered , `` fine . '' wara was out of the back of the truck before noah could even process what had just happened . she jogged into the hotel without even looking back . noah called after her , absolutely furious , shivering with anger . lzaro had already hit the gas , but noah stood up just as the truck jerked into action and he vaulted over the side onto the gravel . the momentum threw him down onto one knee with a skid , and he leaped up and raced after wara into the hotel . how could he ? what is lzaro 's problem ? noah saw her disappearing down a hallway at the back of the hotel , and he slid on the tile past a fountain and managed to stop just outside the door to her room , which slammed shut in his face . muffled , gasping sobs came from inside the door , and noah froze . trying to compose himself , he knocked loudly on the door . wara wailed from inside , voice muffled through the thick wooden door . but i 'm not letting her get on some bus or taxi alone , like this . noah glanced around the empty hallway , dripping all over the hotel 's wooden parquet floor and staring at the turquoise grout in between the red tiles on the wall . i do n't need to go to cotapata with the guys . wara was n't going to be in the mood to discuss this at the moment ; in fact , noah could imagine her inside the hotel room , angrily throwing clothes into her purple backpack , ready to leave this place forever . breaking into a run , noah bounded down the hotel 's steps three at a time and spun out onto the street . he sprinted across the plaza towards his hostel to get his stuff , face still burning , images of his fist connecting with lzaro 's jawbone flashing through his mind . he had better be done dropping the guys off by the time i get to the hostel , or i may have to do time in a bolivian jail for assault , noah raged ."
168,20,"i thought lzaro was a nice guy , and suddenly he turned into a lying idiot . bolivian jail was n't on the menu today ; the white pickup truck was nowhere in sight when noah burst through the door of his hostel , panting like some rabid tourist from the wild . he jammed the key into the lock of his room and stuffed his few clothes , in various states of muddiness , into his backpack . pulling on his last pair of dry pants , noah slammed the door of their room shut and half-ran down the hall again , while dialing eduardo 's number on his cell . eduardo , and the australians in the background , protested from the mexican restaurant where they had been dropped off that noah should n't miss out on their trip to cotapata just because lzaro had suddenly become a moron . `` thanks guys , but i 've got to go with her , ok ? noah flipped the phone shut just as he rounded the corner into the plaza , right on the street where all the buses parked before they took off for la paz . wara would need to get to la paz first , then take another bus to cochabamba . at the moment , the street was dark and empty under the glowing street lamps . the pharmacy where he knew they sometimes sold bus tickets when the agency was closed on sundays still had its door open , and noah could see that a man in a white lab coat was rearranging bottles behind the counter . he jogged over and burst in , gasping , `` buenas noches ! are there any buses to la paz tonight ? '' `` no , no buses tonight , '' the elderly man answered his inquiry . the scent of mint pomade and syrupy orange made noah 's head buzz . `` the agencies do n't want to take passengers out this late , you know . `` but buses do leave at night sometimes , do n't they ? '' noah really hoped he could help wara out . `` i think i rode a bus to la paz after dark one time . '' `` there is that one bus , parked down there by the store . '' when noah looked lost , the man came around the glass display counter and walked with noah over to the door , pointing a block to the north ."
169,20,"`` that 's a chartered bus that some group is going back to la paz in tonight . the driver is over there , smoking , just outside the door . noah shook the man 's leathery hand , and backed out of the pharmacy , destination medium-sized bus near the store . just like the pharmacy guy said , the driver was sitting on a rubber step of the bus , smoking , wearing a cheap brown sweater and scuffed leather shoes . noah asked him , trying not to appear crazed and breathless after so much running around . the man took a drag of his cigarette and sized noah up . this bus was hired to take a certain group of people back to la paz tonight . but the tickets would be expensive , so we do n't have many other passengers . '' `` that 's fine , '' noah said , willing to shell out the few dollars more . he could n't forget wara 's white face when lzaro had said all that crap . `` eighty bolivianos , '' the driver said , after a pause . noah peeled the bills out of an outer pocket of his backpack that was still dry . he realized he should have asked first . `` right now , '' the man said , though no one else seemed to be around . the bus driver shuffled up the stairs into the bus and reappeared with a ticket book , where he made noah print the two passengers ' names and identification numbers . he scribbled his passport number , and then totally made up a number for wara , since he had no idea what her passport number was and at the moment really did n't care . en punto , '' the driver said , carefully ripping the tickets off and passing them to noah . `` sure , '' noah replied distractedly , wondering if wara would show up by then . he should get back to the plaza so he would n't miss her . noah walked back to the plaza , ignoring the tempting aroma of frying hamburgers from a silver food cart on the corner ."
170,20,"a group of well-dressed people , laughing together in muted tones , passed him , headed towards the bus . what if the last bus out tonight left without them ? right then , like magic , wara came towards him across the plaza , nearly flying . she was wearing jeans instead of that beautiful skirt and noah would have recognized that light blue alpaca sweater anywhere . how long had wara had it , three , four years ? noah slid down onto an empty bench right in her path , feet planted on the ground , really hoping she would n't be angry . `` hey , '' he said , as wara stopped cold in front of him . she looked devastated , red eyes visible even in the dim lighting of the plaza . `` please do n't be mad , but i got some bus tickets for us . it was n't easy , cause , like , no buses were going out tonight , but i found a special one that i think will be really nice . wara 's mouth opened and then snapped shut . she stared at the two tickets noah clutched in his hand . `` i 'm gon na go back to cochabamba with you , '' he added , just in case he had forgotten to mention that part of his plan . `` i just did n't want you to go all alone . '' he paused , noticing her lip was quivering . wara burst into tears , and then tried to hide it by taking a deep breath . he got up and held out his hand for wara to hand him her backpack . `` c'mon , i think i saw the guys who hired this bus heading over there , so we 'd better hurry up . '' amazingly , wara allowed herself to be led over to the bus , whose engine was now purring lustily , and they climbed up the steps into the darkened interior . inside , the bus was only about a third full , most of the people sitting towards the back in a group , settling in for a nap on the way back to the capital ."
171,20,"the men wore slick jackets with dress shirts , and most of the women seemed to be wearing pantsuits of some kind . probably the group who chartered the bus . not very comfortable clothes for traveling . noah squinted at their tickets , and then found the seat numbers on the right side , pretty near the front . he put wara 's purple backpack under the seat by the window , and then he waited , a little nervously , for wara to get into her seat first . of course she 's mad -- -the stuff lzaro said ! why would he spout off like that about wara ? noah felt his face get hot again as he slid into his spot next to the aisle and he wondered how wara could be so quiet . he heard wara 's broken voice echo in his brain , and he leaned back into his seat with a sigh . oh god , i really need some help right now , cause i 'm really angry . help me to love my enemy-that 's who our psychopathic tour guide has suddenly morphed into-and make this sudden turn of events work according to your plan . noah turned his eyes to wara , and saw , with a twist of his heart , that she had leaned forward to rest her forehead against the velvet seat back in front of her , tears sliding silently down her cheeks and dripping onto the floor . 9 silver never before had wara truely understood the expression `` i wanted to crawl into a hole and die . '' noah sat next to her , and she wanted to die , just die . nothing was ever going to be ok between them ever again . she barely noticed as the last of the passengers filed onto the bus , sitting somewhere behind her and noah . her eyes were so bloodshot and swollen from sobbing in the hotel room that she could n't even pretend to be civil to anyone in the mood to talk . wara stared out the window , nervously winding her foot up in the strap of her backpack under the seat , again feeling her eyes sting . not the good little missionary girl you may imagine ? enjoy ! '' his voice ran through her head without her permission , and wara blinked away the tears , truly wishing for that dark hole and covers to pull over her head and hide -- -forever ."
172,20,"with a soft hiss , the bus door closed and the vehicle rumbled to life . she sat in a daze as the bus began to crawl its way along the narrow , darkened streets , leaving coroico behind . the hum of the highway enveloped them and wara slumped forward against the seat back , miserable . she knew he was there and was going to say something eventually , but she actually jumped when noah 's voice broke the silence . `` i ca n't believe lzaro would just make up all that stuff about you , '' he spat . she glanced at him for a millisecond and saw that his jaw was squared , eyes stormy . this is the second time we used his tour group to do stuff here in coroico , and i thought the guy was cool . the look on wara 's face must have cut him off . her heart broke then and she felt herself staring at him , pale in the moonlight streaming through the window . you should have stayed ? do you want to go back ? now she was blubbering , but the memory of everything was taking over : the things lzaro said . things that had happened that first year . there 's no way i 'm letting you stay on this bus yourself . '' noah still seemed a little stunned by what she had just said . this breath , this space in the universe she now occupied next to noah , who she loved and had to confess these things to , was without question the worst moment in her life . if she could just say what had happened , she might curl into the seat and die in peace , next to noah . `` so one night , '' she mumbled , `` i had too much to drink . '' for a little while , wara had totally forgotten about that lovely scene at caf paris . her hands twisted the hem of her sweater into a pulp . that night was the last time i saw him ? because i could n't handle seeing him after what happened . ''"
173,20,"she was telling all this to the velvet pattern on the back of the seat , terrified to look at noah and see his disgust . he was n't looking at the girl he thought he knew , and now he realized the truth about her . `` wara , '' he started , but she cut him off , laughing breathlessly . the morning after it happened , we were supposed to fly to puerto rico together for his brother 's wedding . he made such a big deal about it , because he said he 'd never had a 'nice ' girlfriend before to take home to meet his family and he knew his mom was going to be all proud of him . lzaro 's parents even paid for our tickets . '' wara felt dizzy , and she squeezed her eyes shut . she 'd spent so long trying not to think about it , pretending she was the kind of person who would never act this way . she licked her lips , determined to finish the story . `` so , the last night i saw lzaro , he gave me five thousand dollars for the trip , just to keep for him because in the morning he had to stop in the market and get a present for his mom and he did n't want to get robbed there on the way to the airport . and ? he also gave me the diamond wedding ring for his brother 's wife . she had him buy it in bolivia , because it was cheaper than in puerto rico . but later , i felt so horrible about everything that i never showed up to go to puerto rico in the morning . i went to montana for four months and never talked to him again . when i came back to cochabamba he was gone . i just ran away from him , because it was easier to just not think about it . never gave him back the money and the ring . there was a giant split somewhere inside her heart : this adventurous girl who loved languages and jesus and living here in bolivia . and then , on the dark side , this liar who had slept with a guy while working as a missionary and never had the guts to face him afterwards . she felt like she had just turned herself inside out , here on this bus in front of noah : the rotten inside she always kept hidden from the world was now revealed , stinking up this bus , her entire life ."
174,20,"noah was speaking , but focusing on his voice was a struggle . the tone was a statement , not a question . noah pulled wara 's chin up with one finger , until her face was tilted towards his . wara tried , but abject humiliation would n't let her eyes connect with his . `` in that story jesus told , '' he said , `` the father took his son back after he spent everything in wild living , like we all do . '' noah took both of wara 's hands in his and leaned in closer . `` but when the son came back , the father did n't just let him slave away as a servant . noah 's adam 's apple bobbed and he paused , gazing out the window behind wara , seemingly lost in thought . a moment later his eyes rounded and he jerked his gaze back to her . `` i have something to give you , '' he finally said , releasing her hands hastily and digging around in his pocket . wara 's gaze spiraled to the floor , still dizzy with shame in spite of noah 's reminder that she was forgiven . god could forgive , but how could he ever feel same about her , seeing what she had done ? it was one thing to not punish her for her sins , and quite another to still like her , to want to spend time with her . he could still be nice , but he would never look at her without thinking about ? that . her heart was aching when she felt noah slide closer , wrapping one long arm around her shoulder . wara inhaled sharply and met his eyes , completely confused . he sat like that in silence for a full minute , eyes flickering , obviously running through something in his head . then he slid his arm from her shoulder and scooted back to his own seat , fist tightly closed around something in his left hand . `` i have something to ? to ask you , '' he announced , and the goofy grin that began to spread across his face caused wara to blink . but we 've known each other for a really long time now , so i just ? ''"
175,20,"noah 's voice faltered and wara sniffed , completely mystified . he better not be about to ask me advice about some sin problem he has , now that we 're on the subject and he happens to have a friend here who is quite familiar with sinfulness ! `` ? i just have this ? for you , '' noah was going on . `` feel free to laugh at me , as long as it makes you feel better . '' wara 's eyes focused blankly on a silver ring engraved with arabic letters that noah was holding out towards her , glimmering in the faint light from the front of the bus . noah shot her a lopsided smile and murmured to himself , `` you 're doing this all wrong . '' he leaped to his feet , almost banging his head on the bus 's dark ceiling , and managed to get down on one knee in the aisle . wara 's eyes popped and flashed between the silver ring and noah . `` ok , now i 'm sweating , '' noah said , rubbing a hand across his face and sucking in a deep breath . this ring is something i got in egypt when i studied there for a semester when i was twenty . i kept it for a while , to give to the unlucky girl i will attempt to trick into dating and then marrying me . it says , '' noah held the ring out towards wara again , on one shaking palm , `` 'my beloved is mine and i am his ' . i wanted to ask you if you would consider thinking of me like that ? if you would like to be with me ? get to know me ? think about marrying me someday ! if you did n't get sick of me while we 're dating , you know . '' noah 's hands were shaking , though he tried to smile , and he actually seemed on the verge of tears . wara 's jaw went slack as noah quickly added , `` i mean , you do n't have to decide right now , but i would like us to get to know each other . wara tried in vain to think of something to say , jerking around in her seat as scattered applause broke out from the back of the bus . it 's not a joke-he 's sweating and waiting for me to answer ! he looks like he really ? still likes me ? in reality , noah 's eyes said that he still loved her ."
176,20,"`` of course , i love you , '' wara blurted . noah hauled himself out of his scrunched up position in the aisle , laughing but looking stricken . noah sat down next to her again , and wara gaped at him , dumbstruck . for a moment no one spoke , and wara 's heart pounded in her ears like a tom-tom . `` we , my dear , have a lot to talk about . let 's just rest , ok. come here ? just rest . '' noah put his arm around her tentatively , watching her to make sure it as ok. as he pulled her close , he slid the silver ring on her finger and squeezed her hand . all wara could do was lean against him in an amazed stupor , thinking this could not be real . `` everyone in the world is desperate for grace . '' the quote from a book wara had read this year exploded in her mind like sparkling firecrackers . `` this is what 's unique about christianity : grace . no other religion has a god who gives grace . '' her heart was thudding against her ribs , but her eyelids drooped . wara leaned back against the seat , noah 's arm around her , and her heart slowed until she finally fell asleep . she came to consciousness as if in a dream . a roaring heat swallowed her and something solid and icy smacked her in the head . wara 's eyes flew open as wide as they had ever opened in her life , and what she saw was a mountain of writhing silver flames . she tried to grab on to something , but it was like a nightmare catapult flung her into space . the flames spiraled overhead again and she opened her mouth to scream , hearing only a sickening crunch of metal and glass shattering around her like crystal rain . the flaming bus lifted off the ground over her head and hurdled away with a whoosh of fire and wara realized she had fallen out of the window of the bus onto her back ."
177,20,"just like that , there was nothing but the star-studded sky overhead and the most awful sound wara had ever heard in her life : metal punching against boulders as the bus rolled down the ravine . screams echoed for a few seconds , and then another explosion battered the ground and all was deathly quiet . she did n't know if she was dying , but this had to be what dying felt like . there had been an accident , and ? where was noah ? she had to see if she could get up , because noah had been right beside her , and he had to be right beside her still . she tried to roll onto one side and was terrified to feel her head weighed about a hundred pounds . gasping for breath , wara forced her eyes to the drop-off where the entire bus had disappeared . to her left was an expanse of flat ground and spiky , clumped grass . she struggled to turn her head to the right and laid her cheek against the cold gravel . shadowy trees bent over the ravine , dipping low in the wind towards death below . wara sprawled on the edge of the cliff , eyes unseeing , until everything faded into darkness . 10 midnight blue alejo was stretched out on the floor of the tent on his stomach , trying to ignore stalin 's noisy snoring , eyes boring into the darkness and having absolutely no success at sleep . the sat phone 's glowing display said it was nearly midnight , and the clearing that held their tents buzzed with cicadas and singing frogs and the forest 's pulsating hum . a snap cracked above the quiet chorus , and alejo jerked his head up . he recognized the raucous voices that floated into the clearing as belonging to the paraguayans and bolted to his feet . he unlatched the opening to the tent and jogged across the darkened clearing towards the group who was just exiting the forest . gabriel and some of the guys had made the hike down towards the spot where the bus should have gone over , anxious to see the results of the hastily-planned operation . it was too early for any news on the radio they had stashed with the supplies ; the heavy tropical growth down the sides of the mountain was so thick that no one passing by would even notice the bus had crashed , unless the explosion had left a pile of debris next to the highway . gabriel had n't wanted any tell-tale signs left over that the accident had n't really been accidental , and so had moved in to check the scene . alejo made out gabriel 's pale face at the front of the line ."
178,20,"he was relived to see that his friend seemed pleased . `` two questions : is he dead , and does it look like an accident ? '' `` 99.9 % probability , and yes , check , '' gabriel said merrily . some of the others , william and marco , drew up next to gabriel , laughing too loudly , and snickering something to the guys behind them . alejo finally made out the dark forms of christian , daniel , and osmar strolling casually out of the forest , hauling something between them . something that had the shape of a human . frowning sharply , alejo opened his mouth just as they dropped their burden to the dewy grass . the person rolled over , moaning , and a head with long tresses turned to one side , revealing a white face streaked with blood . alejo swore , immediately understanding what was going on . he glared at all of them , including gabriel . `` what were you thinking , bringing her here ? `` yeah , she was on the bus , '' gabriel explained , happiness slightly subdued . alejo noticed gabriel was carrying a purple backpack that obviously did n't belong to him , which he carelessly slung to the ground . the girl moaned again and then her eyes slit open . she thrashed one way and then the other , then flew up to a sitting position with a loud gasp and yelled , `` noah ! '' `` she 's american , '' christian grinned , crooked teeth visible in the darkness . william continued the jittery prattling from alejo 's left . `` we just thought you might want to share in the spoils of victory . '' a few lewd comments rumbled from around the circle of men , and the american girl looked up sharply , terrified . `` i w-w-was in a bus accident , '' she managed to say , in perfect spanish ."
179,20,"my friend was also on the bus-did you see anyone else ? '' she looked around frantically , trying to get up but obviously lightheaded . `` you were n't in no bus accident , sweetheart , '' william drawled , reaching out to touch her dark hair . alejo snapped , pushing william back hard . alejo clenched his fist and fought the urge to knock william out . they should have left any survivors on the road , so they could get to help . now , instead , the girl was here , in the hands of some very unsafe men , himself included . alejo 's plans had n't included this possibility . how could anyone have survived the explosion ? this girl did n't even seem to be burned . stalin , long hair fuzzy around his very sleepy face , had by now joined the rest of the guys , who stood leering and making savage jokes . he rubbed his eyes , then slowly grinned , offering a hand to help the girl up from the dirt . `` come on , '' he said , helping her stand up by his side . `` you guys should n't talk that way around a lady . it 's not her fault she ended up here with all of us . we thought we might as well bring her up to join us for the party in honor of our last night in coroico . '' there were n't supposed to be other people on the bus . but you did n't know that for sure , did you ? there could have been children on that bus . your own family could have been on there ."
180,20,"acid scalded alejo 's stomach and he took a deep breath . the girl was on the point of tears , looking all around , trying to find something . alejo 's mind cleared and he decided what he was going to do . marching over towards stalin , alejo motioned for him to move out of the way . he looped an arm under the girl 's arms and dragged her smoothly to her feet , anchoring her back against his chest . her weight sagged against him , so weak she could barely protest . with his free hand , alejo forced the girl 's face to tip backwards so he could see her . he could feel her lower jaw trembling in his palm , and large honey-colored eyes with thick lashes met his , runny with tears . alejo allowed himself to grin wolfishly . then he glared at the guys who were still leering at their prisoner . `` if anyone 's having any fun here tonight , it 's me . sadly for all of you , i am in charge , and unless you want to have your salaries cut off by the khan himself i need all of you to get your rears back to your tents and sleep-now . alejo felt the girl 's rapid breathing as he set his jaw and pulled her back tighter against his chest . a chorus of complaints arose around him , which he ignored , turning towards gabriel with a wink . gabriel was staring at alejo slack-jawed as the rest of the guys gave up and whirled around to head towards their tents , muttering bitterly . alejo motioned towards the purple backpack with his chin , and said , `` pass me that , will you , gabo ? gabriel picked up the backpack and passed it over . `` sorry , '' gabriel barely whispered as he leaned closer . alejo winked again and then said a little louder , `` you did it . `` thanks , '' gabriel said , glowing expression admitting he enjoyed the praise ."
181,20,"the girl began to squirm feebly against alejo . please , my friend might still be around and i have to go back ? ! '' alejo plugged the girl 's mouth tightly with his hand and started towards his tent , dragging her in front of him and really hoping she would n't bite . he called to gabriel , then raised his voice as he approached the tent . get your butt out here with your sleeping bag . bad news -- -you 're going over to bunk with benjamin . '' alejo ripped open the entrance to his large tent as he heard a low moan and `` awww , man ! grumbling , stalin gathered up his sleeping bag and pillow , then grabbed his bottle of antacids and the ridiculous stuffed snoopy that he insisted on bringing along on every trip . alejo and the girl ducked inside his tent , which was lit by a camping lantern perched on a box they always left up here in the clearing . still keeping her tightly in his grip , he cautiously slid his hand off her mouth , waiting for stalin to leave . she sucked in air with a shudder , still sagging against alejo . stalin passed by them on his way to the door . he managed to free one hand from his mass of possessions and held it out to the surviving girl , rather sadly . `` the guys say your passport says you 're a missionary , senorita . i admire the way you missionaries share what you believe , far away from home . '' stalin sighed dramatically and then ran a finger down the girl 's bloodied cheek , almost guiltily . `` i do n't think you 'll be here much longer , but if anyone ever deserved to go through those heavenly gates , i think it would be you . '' wara tried to reach after stalin as he darted out the door . she screamed again , and alejo clamped his hand over her mouth and growled lowly into her ear . i need everyone else in their tents , where they wo n't be paying any attention to you . ''"
182,20,"he removed his hand from her mouth , then scooped her up and carried her , kicking and struggling , towards his rumpled sleeping bag . he insisted , inwardly kicking himself because he knew he was scaring her to death . i 've got to see how badly you 're hurt . you probably have a concussion , so you need to hold still . '' he tried to keep his tone calm , because the usual way he barked out orders was probably not going to make this girl stop kicking . she stiffened , then curled up on the sleeping bag , eyes squeezed shut . in the light of the tent 's lamp , alejo took in his captive 's dusty jeans and sweater . her dark hair , coated with a fine film of dust , was streaked with burgundy highlights and scattered around her shoulders . with tan skin and light brown eyes , she did n't look like the typical north american girl . alejo slid to the floor of the tent , one knee in the air , and let out a long sigh . after deliberation he finally said , `` i 'm sorry for the crudeness outside , but i just wanted to get you in here to keep you away from the other guys . she slit her eyes open and searched his face , as if wanting to believe him , then gave up and curled back up in a ball . he did a double take , noticing the girl had coffee-colored , indian-style tattoos on her palms . alejo was surprised to hear a bolivian name . a gold star ring twinkled in the america girl 's nose . `` why do you have a name from bolivia ? '' my parents let my grandma name me and she gave me a native name . '' the girl 's explanation of her name had suddenly brought it home : she was very real , with a very real family somewhere who would miss her if alejo just killed her here in cold blood . `` i have a medical kit , '' he said hoarsely . for the mission , he had to kill this girl ."
183,20,"and he was asking her if she needed band-aids . she glared at him then , jaw clenched with anger . `` my best friend was sitting right next to me , and if you did n't find him he could be dead . her tone rose frantically , and she curled up tighter on his sleeping bag . alejo 's stomach burned at her words ; the others on the bus had almost certainly been taken out , but he could n't think about if salazar was gone or not until he heard the news that the body was found . alejo stared at this girl with the nose ring in his tent and saw a life he had just utterly devastated . wara stared at the olive wall of the tent , obviously exhausted by her tirade . there were a bunch of people in the back in suits and then some more people came on at the last minute . '' more people possibly unrelated to salazar . uncontrollable nausea welled up in the pit of alejo 's stomach , and he knew there was no holding it in . `` excuse me , '' he told the girl briefly , then ripped open the door to the tent and ran outside into a nearby cluster of banana plants . he threw up until there was nothing left , then wiped his chin on his t-shirt . alejo sank down onto the ground with a clear view of his tent , still feeling sick and undone . thankfully , it looked like everyone was in their tents snoring . sucking in a slow breath , alejo tried to clear his mind and think . if he helped the girl leave this place alive , he would have to leave the prism . the guys could even be sent after him to kill him . she would have to leave and never come back , always look over her shoulder . and she would tell the authorities everything . lzaro had met him in the jungle near boris ' house tonight , and the two were driving to la paz in lzaro 's chartreuse brasilia ."
184,20,"ishmael was off to peru , then home to peshawar . if ishmael were here , she 'd be dead already . there was always a price to pay , he 'd learned , for doing what was right . this time , the payment might have to be wara , the american missionary girl . she had to be , because how else could she keep breathing , how else could she even think , when noah might be dead . she was sprawled on a sleeping bag in some tent , captured by some dangerous guys who had probably made her bus crash and killed noah . she forced herself to erase that thought , scrub the eraser madly across the pencil lines on the page until it was gone altogether . and it was good he was n't here , with these awful guys who had threatened wara outside . she closed her eyes against the cool material of the sleeping bag , feeling sick and dizzy , but surprisingly , not in pain . the thought crossed her mind that she could just get up and walk out of here , but she was sure they would catch her . thoughts of noah in the bus at the bottom of the ravine paralyzed her , filling her body with lead . the door of the tent rustled and the guy came back in , brooding and dangerous looking , with stormy hazel eyes . she blinked , noticing he was n't wearing a t-shirt anymore . the guy looked about her age , maybe five ten , wearing khaki pants with pockets everywhere and leather sandals . wara cringed , because she knew whoever these guys were , this one was the leader . she 'd heard how he 'd ordered the guys around outside , sending them away mumbling with muted curses . who in the world were these guys , and where was she ? the haze in wara 's mind suddenly drifted away and she dragged herself to sitting . the guy with coffee-colored skin stalked over to a backpack in the corner , yanked out a gray t-shirt and pulled it over his head . he eyed her , then lowered himself to sitting at the other end of the sleeping bag ."
185,20,"there was no way she felt like going to sleep right now . `` someone said something about a bomb , '' she blurted out , needing to understand what kind of situation she was in here . `` please at least tell me what 's going on . '' paulo pressed his lips together and folded his arms across his chest , looking even more dangerous . `` there was a bomb on the bus , '' he said finally . `` it was in a package that we mailed freight to la paz . you and noah had nothing to do with it . how could she say , why did you do this to us ? `` there are a lot of things i ca n't explain to you . you were n't supposed to be there , but you were . `` so you 're just planning on killing me too . that came out sounding much too hysterical , but wara was really scared . paulo 's eyebrows lowered even more and he uncrossed his legs and rested his forearms on raised knees . `` i would have had the guys just leave you on the road , for someone to find and take to the hospital . was it her imagination or did he actually wince hearing his own words ? `` but you got brought here , '' he continued , `` and so now everything is more complicated . if we let you go , that causes some major problems for us . i 'm going to do the best i can to think up a solution for this , ok ? she just then noticed that this guy called paulo had a water bottle in one hand , which he held out to her . wara felt her eyes narrow in suspicion at the sight of two huge white pills on his palm ."
186,20,"`` it 's ibuprofen , '' he said , mouth twisting wryly . she took the medicine silently , draining half a bottle of water . `` you 're sure you 're not bleeding ? '' the question made her furious as she thought about noah : where he was , if he was hurt right now . but when paulo pulled on a sweater and stretched himself out on the tent floor as if to sleep , claustrophobia set in . `` i 'll have to wake you up every hour , '' he informed her . and just so you know , we have motion detectors around our camp . and paulo switched off the camping lamp . it was pitch black in the tent , but she heard his even breathing , imagined him already sleeping , not affected at all by the way he had just destroyed her life . sorrow gripped her chest like a vise and she let herself sink back into the sleeping bag . she twisted the silver ring on her finger , feeling she was really in a dream . in the real world , girls like her did n't survive bus crashes and get dragged off by a bunch of crazy guys as their prisoner . in the real world , nice guys like noah did n't still love girls like her when they found out who they really were . she felt herself sinking into the ground , asleep in the tent somewhere under the stars , and in her dreams she was back in cochabamba in caf amara with noah . it was three in the afternoon a few months ago , and the caf was nearly empty . bittersweet chocolate and coffee from coroico scented the air , fairly dripping from the lime green silk plastered on the walls . sweet corn mixed with white cheese and anise wafted from the kitchen , where dona filomena , the quechua lady who wore perpetual smile creases around her obsidian eyes , was boiling humintas in an enormous dented pot . wara always imagined her in there , praying under her breath in tongues while she cooked or washed dishes , wide velvet pollera skirt swaying against the counter . across from wara at a smooth wooden table , noah looked up from his toshiba tablet and said , `` so , how did it go on tuesday ? wara frowned at him , glancing up from the quechua book she d been reading while waiting for nazaret to show up ."
187,20,"the two girls were teaching a group of ladies to read in quechua at a church downtown , close to caf amara . wara saw the twinkle in noah 's eye and suddenly got what he was talking about . her face spread into a grin and she lay the book on the table , right over half of che guevara 's face that some local artist had painted in pastels . she leaned back into the chair , raised an eyebrow at him and fingered the little gold star on the side of her nose . well , i do n't think they liked it , but i 've always been a little weird . the bennesons are nice missionaries ; they did n't say anything . she peered at noah over the top of her maroon glasses , still grinning . just cause you did n't go to prayer meeting on tuesday does n't mean the rest of the team is n't gon na find out next time . '' noah ran a hand through his straggly sandy blond hair , pushing it aside to reveal a little silver hoop in his right ear . but i 'm not sure what the big deal is . half the bolivian guys i 'm friends with here have an earring . he let the hair fall back over his ear and they both sat there , smiling , enjoying the moment of feeling like naughty missionaries . well , at least one of them was n't really naughty . noah was just a nice guy who wanted an earring . clay dishes clinked from the kitchen and the aroma of lemon bubbles joined the coffee floating around them in the empty coffee shop . footsteps scuffed on the pavement outside the open caf entrance and tiago slouched by under a black backpack covered in skull patches , wearing baggy black jeans with chains as usual . noah and wara threw him a wave , and he grinned back , revealing a silver stud in his tongue wara did n't remember seeing before . noah and i have a ways to go before we beat tiago in the piercing count , she thought , still smiling . noah had stretched his legs out under the table and was back typing furiously at his little tablet . he was squinting at the thing with extreme concentration , like a successful young stock broker in an armani suit instead of a missionary in cut-off khaki shorts that really needed a haircut ."
188,20,"`` ok , so , look at this , '' he told wara , whirling the screen around so she could see . `` remember last week when we saw all those muslim ladies passing out tracts in the plaza ? '' wara had been with noah and nazaret , and they had come upon a big group of women in veils , right in the plaza colon . most of them were bolivians who had converted to islam through the influence of the small-but-growing muslim community here in south america . the ladies had been passing out tracts about islam , and the whole scene had been kind of surreal because back in the day , christians used to be the only group you would see doing things like that . wara scooted her chair closer to noah and planted an elbow right in che guevara 's eye as she positioned herself to squint at his tiny screen . `` so i was checking online a little about islam , '' noah said , `` cause i was kinda curious about how it 's growing so much around here . wara 's eyes fell on something like a powerpoint presentation , all in spanish , with photos of dramatic mountain backdrops fading away around the large letters . `` islam is the only hope for latin america , '' the title proclaimed . the following screens explained how islam really is the heritage of spanish-speaking peoples and they should return to it with all their hearts . islam is the only light for latin america . and islam gives us a common cause as brothers : fight against injustice and western imperialism . wara bit her lip while meeting noah 's eyes . `` the part about fighting against western imperialism . the way so many people feel about western imperialism in bolivia these days , that seems like a great reason for a lot of people to join islam. `` noah cocked his head to one side and shrugged . she could see the earring again , and he looked kind of cute with it . the thought occurred to her that there must be a ton of bolivian girls in love with this guy , and it almost made her laugh . `` did n't your parents want you to be a stock broker ? or something , '' she asked him , totally changing the subject ."
189,20,"noah blinked , then settled back slowly into his chair . they made me study international business . and they are not too happy with me right now , as i 'm sure i told you before . maybe if i wore a tie to work it would help. `` they both snorted , then burst into laughter , tears leaking out of their eyes as they looked at themselves . noah in the cut-off shorts and a wrinkled t-shirt with giant hawaiian flower flip-flops . wara was wearing frayed jeans and yet another hippy shirt , this one a pumpkin orange with purple tie-dyed rings and little brass bells hanging from the sleeves . yeah , maybe noah should start wearing a pinstripe silk tie with that outfit , when he went to play with the kids at the martirs ' aids center and give them their medicine . they both laughed and swiped tears from their eyes until nazaret came to get wara for their class . 12 hazel a hard whisper jerked her awake , cutting violently through the darkness . the memory of where she was crushed her . she and noah were n't laughing in the caf together . they had been in a bus accident , and she did n't know where noah was . she was here in a tent somewhere , captured by some really dangerous guys . wara froze on the sleeping bag , praying that if they thought she was still asleep , they 'd leave her alone . the guy who 'd kidnapped her , paulo , had woken her up a few times in the night , just to make sure she was still alive . wara cracked her eyes open in the direction of the tent door and saw a thin , pale face with a little goatee leaning inside , calling paulo . nylon fabric rustled as paulo staggered up off the floor , shivered , then pulled a second black sweater over his head . `` ya voy , '' he whispered , and the light-skinned man disappeared , leaving the tent flap hanging open . paulo turned his morbidly serious gaze on wara and she tensed and did her best to appear fast asleep ."
190,20,"she slit her eyes open as she heard him padding towards the door , saw that he was leaving in khaki cargo pants and bare feet . after a minute , she slipped from the sleeping bag and crawled to the door of the tent , where a star-studded sky and crescent moon gave the only light . or what were these guys doing up in the middle of the night ? `` time for prayers , '' the man who came to get paulo had said . around six men were gathered in the clearing , close enough that she could pick up what they said . six more men suddenly appeared out of the darkened forest , dripping water from their hair and sleeves . the other six , including paulo in his black sweater , walked together into the trees and disappeared . wara settled in cross-legged , watching the strange scene with bleary eyes . when paulo 's group came back , also glistening with drops of water in the moonlight , all of the men lined up facing the same direction , now silent , without the excited chatter . everyone bowed their heads , and then wara heard the soft rumble of them all chanting together : allaahu akbar allaahu akbar ashhadu allah ilaaha illa-lah ashhadu allah ilaaha illa-lah ash hadu anna muhamadar rasuulullah ash hadu anna muhamadar rasuulullah wara 's pulse surged , knowing what she was listening to . as a linguistics geek , she could definitely recognize arabic . i bear witness that there is none worthy of worship except god . i bear witness that muhammad is the messenger of god . they 're saying salaat , wara thought , absolutely stunned . the men , still standing , all hooked their hands behind their ears , turning their palms forward , and repeated , `` allah akbar '' in a flat monotone . crossing one hand on top of the other in front of their bellies , they prayed more in arabic , though wara only caught a little . the main gist seemed to be glory and praise to allah , and at the end she heard something about satan . she then recognized the opening lines of the first surah or chapter of the quran . all of the men outside bowed in unison , backs straight , gaze lowered . wara shivered , hearing again , `` allah akbar ! ''"
191,20,"and realizing that most of the praying men wore long knives hanging from their belts in leather sheathes . her attention span suddenly fizzled and she weakly crawled back to the sleeping bag , not quite sure what this new revelation meant for her . she was being held captive by a group of muslims . for the first time she wondered where she was . under the white star light outside the tent , wara had made out the shadowy bulk of mountain peaks . the men must have carried her , unconscious , from the road after the accident . they could n't have carried her far , could they ? we could be up on one of the peaks above coroico . the perfect hiding spot for terrorists , apparently . who would ever guess that islamic terrorists would be lurking around coroico , adventure tourism capital ? coroico , with its stunning scenery , picturesque small-town charm , thick with plantings of coffee beans and oranges ? feeling rather sick , wara uncapped the bottle of luke-warm water paulo had given her last night and drained the rest . she really needed to use the bathroom , but was n't about to ask . right now she really needed a distraction , something to keep from thinking about muslim terrorists outside her tent and noah possibly being dead . wara dropped the empty plastic bottle onto the sleeping bag and let her eyes wander around the tent . the olive green tent was big enough for paulo to stand in at the center , just barely . six people could possibly sleep in the thing side to side , but right now the tent only held the one sleeping bag , a rust-colored hiking backpack , the lantern , and leather sandals . swallowing hard , wara reached towards it , thinking maybe she could work on deciphering some of the arabic lettering in this quran to keep herself from crying . she flipped through the gold leaf pages of the book , then frowned at the page and blinked . because the book was n't a quran at all ; it was a bible ."
192,20,"the scrolling letters shimmered in front of her , and wara closed the book to see the cover , unable to believe what was in front of her eyes . this guy , paulo , had a bible here in his tent ? the same paulo who was holding her captive and had tried to kill her and noah on the bus ? something fluttered out of the arabic bible pages , swishing to the nylon tent floor . it was a dated-looking five-by-seven photograph of a happy family seated at a restaurant . wara immediately recognized the bright colors and elephant logo of dumbo ice cream parlor in cochabamba . the entire family in the picture was gathered around a square table with a canary yellow tablecloth , eating sundaes in tall , frosty glasses . footsteps padded outside and wara jumped as paulo ducked in the tent . he saw her sitting there , then paused . droplets of water still clung to his temples and curly black hair . was she really supposed to be feeling anything other than awful ? paulo 's eyes flitted between her face and the photo she was holding between two fingers . it occurred to her that maybe snapping at him about how she was feeling would n't be the best way to keep this guy from killing her . maybe she should talk to him , try to at least seem sympathetic . it was n't very likely he would care , but worth a try . `` dumbo , '' wara remarked , studying the picture again and trying to keep her voice from shaking . paulo lowered himself onto the floor next to her and held out one hand , palm up . `` that 's my family , '' paulo said , obviously wanting the picture . but wara kept staring at it , suddenly fascinated with how the family of an evil man who bombed buses would look . they should be dysfunctional to the core , lounging together at a seedy bar while the kids ran wild in the streets ."
193,20,"what were they all doing eating ice cream at dumbo like decent people ? two normal-appearing adults who could be the parents were both looking off in another direction , as were a few of the children . `` looks like you have a nice family , '' wara said , thinking that it was actually true . closest to the camera sat a plump teenage girl with curly ringlets , a mickey mouse sweatshirt , and huge gold hoop earrings . a skinny , good-looking kid with dark hair had an arm around her , wearing a red soccer jersey , grinning at whoever was snapping the picture . the shock started small , somewhere at the bottom of wara 's spine . but by the time it raced up her back , she nearly choked , sucking in a horrified gasp . `` please give me the picture , wara , '' paulo was saying with a tight smile , but wara had frozen , realizing that she knew the face of the girl with ringlets in the picture . in fact , she knew that face so well she felt it was part of her own family . paulo snatched the picture away and wara felt the tent wall shimmer around her in waves of hot and cold . she stared at the face of the guy in front of her : square , coffee- colored jaw , pretty hazel eyes . all seven of the martir kids had them , inherited from their mother , noly . wara 's jaw dropped , then snapped back shut . paulo was blinking at her , obviously shocked . `` your sister , nazaret , '' she forced herself to say numbly , `` is my best friend in cochabamba . '' paulo 's clear hazel eyes widened and then closed , very slowly . wara really could n't believe it , could n't wrap her mind around this being anything other than the worst nightmare ever . she forced herself to say the awful words out loud . she could see it now , that faded photograph on nazaret 's white dresser , surrounded by threadbare teddy bears and little jeweled vials of nail polish . it was him , that skinny kid from the missing brother picture ."
194,20,"he was the same guy sitting next to nazaret in the ice cream shop , arm slung around her shoulders . and here with wara in this tent , holding her prisoner . paulo-no , alejandro -- -was looking at her with deliberation , as if deciding whether it was worth insisting on the previous lie about his identity . then he erased his pained expression and scooted closer to her . `` why do n't you find out yourself ? '' she snapped at him , voice bordering on hysterics . `` your family has , like , adopted me in cochabamba . they 've been wondering for years where you 've been ! '' now wara was sputtering , and she tried to calm down . her nerves were beyond frayed , and her hands trembled on her lap . nazaret 's brother looked stricken , a marked change to his former aloofness . `` nazaret has been doing really well , actually , '' wara glared at him . `` until now , because she 's going to find out that two of her best friends are dead ! the good thing is , though , that it looks like she 'll never find out that her brother killed them . so i 'm sure that someday , she 'll go back to being 'fine ' ! '' tears filled wara 's eyes , and she felt furious for crying in front of this man . nazaret 's brother or not , this guy had kidnapped her and bombed the bus . he had n't contacted his family in all these years . the fact that wara knew the martirs was n't going to keep alejandro from killing her so she would n't give away information about whatever he and his fellow terrorists were doing . it was n't the first time she 'd let that word float through her mind ."
195,20,"wara swiped at the tears with her sleeve and tried to control herself . she asked warily , fixing her runny eyes on nazaret 's brother . alejandro actually had the gall to draw back in surprise , screwing up his face as if offended by her insinuation . it could have been wara 's overactive imagination , but alejandro did not appear completely convinced of his own words . brief memories crossed wara 's brain of various news articles she 'd read online recently , accusations from the united states that bolivia was harboring fundamental muslims and allowing them to use their country as a base for radical islam 's cause . in fact , one of bolivia 's former presidents had foreseen something similar when he commented , `` bolivia is going to be the next afghanistan . '' she remembered the web page noah had found that day in the coffee shop , the one about islam being the only hope for latin america . `` i 'm not sure i believe you , alejandro , '' she said . that would be what my father called me . '' what could alejandro martir possibly have against his father ? pablo martir was a good man , a far cry from what his son had apparently become . wara 's eyes ran over alejo 's face again : nazaret 's father 's jaw . being kidnapped and nearly killed by someone bearing the image of her bolivian `` parents '' was really freaking wara out . wara crumpled down into the sleeping bag and pulled the top over her head . she squeezed her eyes shut , even after she heard alejo leave the tent , close the flap behind him . alejo martir left her alone for a long time , just stopping back once to remind her that the tent was surrounded by motion detectors so she 'd better be sure not to escape . he asked if she needed the bathroom or food , but she did n't even acknowledge him , still curled up under the sleeping bag . alejo and the other guys were close by in the clearing , having some kind of meetings . maybe about noon he came back and caught her staring blankly at the cover of the fat golden bible `` brought you some granola bars , '' he said grimly . but before you eat , there 's a stream close by in the forest ."
196,20,"i thought maybe you 'd want to go down there ... '' he squatted and picked up a bag from behind his backpack in the corner , which he held out towards wara . she blinked , realizing it was her purple backpack . alejo shrugged , one foot tapping on the floor , probably anxious to get back to whatever he was doing outside . `` i 'm going to have gabriel and stalin take you down to the creek , '' he informed her . noting a look of protest about to spread across her face , alejo raised one hand and said , `` most of the guys have already gone back home . they 're going to take you there and bring you right back . `` thanks for the food , '' she said in a small voice , glad right now for any small kindness . alejo nodded curtly and eyed her again before turning to stride out of the tent . she heard him giving instructions to someone outside , and then the tent flap pulled aside and two faces poked in : the pale goatee who woke alejo for prayers this morning and the pudgy guy who last night had told her that when she kicked the bucket she deserved to go to heaven . wara stood up warily , racking her brain to try to remember if these two had been among those making nasty comments upon her arrival last night . as far as she could recall , the stringy-haired guy had only been standing and staring-and she remembered him giving her a hand up and telling the guys to stop with the lewd jokes . and the skinny guy-now it was all coming back . he had leaned close when alejo had his arm practically around her neck and whispered , `` i did n't want to bring her , but the guys said i had to . '' wara shrugged and tried to pick up her rather heavy backpack . the bulky guy stepped forward hesitantly and held out one arm for her bag . she handed it to him without a word and followed the two of them outside . after a few steps in blinding sunlight , they entered the shade of the trees . a chorus of cicadas and tropical birds was rising above the canopy . wara jumped as a reedy voice said , `` so , i 'm stalin . i teach kids morality and ethics class . ''"
197,20,"wara noticed that the taller , thin guy had a baby face with kind-looking greenish eyes . `` i 'm wara cadogan , '' she said , wondering if they really cared . you 've been here in bolivia for a really long time . '' `` six years , '' stalin remarked , stepping carefully over a very tall rock , slippery with the morning dew . wara felt the dampness soak through her canvas shoes and into her ankle socks , and decided that whatever time left to her in life she would live barefoot . `` just a second , '' she said , stopping in the middle of the forest and beginning to peel off her soaked shoes and socks . stalin insisted , seemingly shocked by the sight of a gringa stripping off her footwear in the middle of the cloud forest . `` you 're going to get cut on the rocks ! '' `` well apparently i might die today anyway , so i might as well enjoy my last day , right ? am i supposed to be afraid of dying with a few cuts on my feet ? '' she wadded the damp socks up into her shoes and began walking again , picking her way over broken sticks and squishy moss . stalin and gabriel walked alongside her in morose silence , until the gurgling of water told wara that stalin had been right . a shallow , rushing stream cut its way through a dirt patch of the forest just ahead , tripping over small stones in its path . stalin set her backpack down on a flat rock by the stream , and then motioned to gabriel . `` ok , so we 're going to leave you here for a while , but do n't do anything foolish because we 'll be close by . '' stalin cocked his head to one side and then said , `` we wo n't be peeking , though . gabriel looked mortified and glared at stalin , who grinned lopsidedly and let gabriel lead him away . gabriel turned back towards her with a cool grin . `` do n't even think about disappearing , ok ? i 've got equipment up here you 've never even heard of , and i 'll find you like that . ''"
198,20,"he snapped his long fingers , and then whirled back to continue off to some point in the banana plants where they would be waiting . shivering in the coolness of the mountain air , wara quickly unzipped her backpack and dug out a change of clothes . she pulled on black pants and a green tank top , then knelt next to the stream to try to wash the dried blood from her cheek and hair . a masculine voice hollered from somewhere in the bushes . the frigid water burned her scalp and she realized she probably did have some cuts . she remembered the side of her head smacking against something in the bus as she saw the wall of silver fire go spinning over her like a ceiling . i must have gotten thrown out the window , she realized with a shiver . maybe the explosion blew the glass away first . nausea filled her as she imagined noah , arm ripped away from her shoulder as he was thrown further into the fiery bus by the explosion , while she was tossed out the window in the opposite direction , to safety . `` i know women take a long time , but we really have to get back . '' wara thought the too-cheerful voice was skinny gabriel 's . she slogged across the spiky grass on her bare feet and scooped up her backpack . `` ok , you can take me back now , '' she called sadly . in a way , she wished they would just tie her up out here instead of bringing her back to the clearing . here , sapphire blue butterflies were flitting across the racing surface of the stream , licking up crystal drops , dipping their spindly black legs into the water . stalin and gabriel crunched their way out of the foliage , staring at her standing there in bare feet . obviously deciding not to mention the feet again , stalin wordlessly took her backpack and motioned for her to follow them back to the camp . sunshine hit her damp hair with a welcome warmth as she stepped out of the shade and into the clearing . the sight of all the olive green tents quickly brought the chill back . alejo was sitting on a rock , talking to a short guy with wire rim glasses and a little brown goatee ."
199,20,"`` take care of things for me a while , will you benjamin ? '' alejo told him and wara was not happy with the way alejo 's eyes ran over her as stalin and gabriel passed her over to him . alejo 's lips curved into a wry smile and he grabbed her arm , half-dragging her with him towards his tent . she really had to focus on keeping her feet under her as alejo marched her along , then pushed her through the door of the tent . inside , her dropped her arm and latched the tent door shut . `` bad news , '' alejo frowned at her , then immediately began to pace . wara blinked , noticing the bead of sweat that had popped out on his forehead just then . she started to ask , but alejo held up a hand to cut her off . `` let me think , '' he ordered crossly . wara bit her lip and sank down onto the sleeping back , hooking her hands around her raised knees . a few loud shouts rang out in the clearing , and alejo muttered a very bad word . animated conversation drew nearer outside the tent . `` you did n't have to come back here , sir , '' someone said cheerfully . `` we have everything under control-no worries . '' a pause while a lower voice rumbled something . he just wanted to wait until the paraguayans were gone , not make a show of it . '' alejo swore , glanced at the tightly-closed tent door , and then swore again . he pressed one hand against his temple , and then fixed his eyes on wara , taking a deep breath . `` i hope you can forgive me for this , '' he muttered , then swung down to yank her to her feet , pulling her against his chest . panicked , wara tried to pull away , but alejo 's fingers dug into both of her wrists ."
200,20,"when he let go , she could n't bring her arms around from behind her back . something thin and biting dug into her flesh , pricking her hands . she barely had time to register this fact before alejo threw an arm around her and dragged her tighter against his chest . her rib cage slammed into his and he hooked a leg around the back of hers , preventing her escape . before she knew it , he was kissing her , the scarce stubble of his chin like sandpaper against her cheek . appalled , wara struggled against him , trying to free one of her legs to kick him hard . it was no use ; she was caught like a worm on a hook . heavy footsteps sounded outside , and sunlight flooded the tent as someone flapped open the door . alejo took his time finishing the kiss , then finally let wara draw back and turn towards the door . her vision swam as she took in the familiar figures of stalin and gabriel , along with two new faces watching them from just inside the tent . a shower of sparks shot through her skull as alejo grabbed her hair and tilted her face upward towards his . his eyes were glinting with a thousand specks of green fire , and she felt her face burn , absolutely humiliated . alejo winked at her , then turned towards the guys at the door . i told the guys i 'd be right back , ishmael . '' alejo released her hair and she turned to see the newcomers , face still flaming . standing next to stalin stood a tanned figure , jaw hanging open as he gaped at her and alejo . 14 beet red sharp purple stars exploeded in front of wara 's eyes . she struggled to push away from alejo , all the while unable to take her gaze off lzaro in the doorway . he was wearing the same kind of irish cap he had always worn , along with a casual sweater , jeans , and hiking boots . his eyes were hidden behind the same sunglasses he had been wearing in the truck in coroico ."
201,20,"lzaro ripped the sunglasses from his eyes and gaped at alejo . lzaro said dumbly , gaze dashing back and forth between wara and alejo . wara 's eyes were torn away from lzaro as alejo 's hand forced her head against his chest . she tried to pull away angrily , then froze , weak-kneed , as she heard him unsheathe the hunting knife from his belt and saw its blade out of the corner of her eye . remembering her position as captive , wara let herself hang limply against alejo as one of his hands continued digging into her cheek . with the other , he pulled at the plastic ties around her wrists and cut her hands free . through his t-shirt , wara could hear the steady , slow tempo of alejo 's heart , totally composed , completely devoid of the fear that caused her own heart to race . by now , the bridge of lzaro 's nose had turned beet red , and his fists clenched at his sides . `` that 's my girlfriend , you idiot ! '' alejo started with surprise and a moment of silence rang over the tent . `` this is the missionary you used to go out with ? well you should thank me then for doing you a favor . her boyfriend is dead , along with salazar . do n't get your knickers all up in a knot . alejo 's fingers dug into her arm as he dragged her through the tent door . lzaro , apparently not satisfied in the least with alejo 's calm explanation , swore foully and then rushed him , slamming into him from behind . wara felt the momentum of the push twisting her off her feet . an arm caught her around the shoulders , yanking her back up to standing as alejo released her . she saw alejo land on both palms just before hitting the ground and release a lightening backwards kick that caught lzaro under the chin , spinning him around with a grunt . wara struggled to look behind her and realized that the man now holding her was benjamin , the one with the wire-rim glasses ."
202,20,"one forearm clamped tightly around her neck , threatening to cut off her airway if she moved . wara was trapped , watching as lzaro and alejo flew at each other again in some kind of martial arts stance , each taking a few violent punches . like alejo had said earlier , most of the guys who had been up here on the mountain were already gone . an older guy wara had n't seen before had appeared , however , watching the scene with displeasure , arms crossed in front of his chest . the man was actually much older than the others , wearing olive green pants with multiple pockets , a t-shirt , and one of those khaki vests full of zippers and flaps favored by foreign journalists in a war zone . a neatly-trimmed beard peppered with gray gave the impression that he could be a kindly grandfather , except for how his eyebrows were now knit into the perfect v , scowling first at her , then at the fight . confused and numb by all the blows and shouts , wara 's mind finally registered that alejo had launched himself from the ground with a somersault and brutally knocked lzaro to the dirt with a kick to the ribs . spinning in a half circle , lzaro fell with a thud , swore at the attempt to rise , then gave up . alejo panted , sweat running down his back . `` i like you , che , and i really hope that 's enough . just for you , i wo n't touch her again . '' the authoritative voice of the grandfatherly newcomer carried over the group . then nazaret 's brother began speaking a different language , clipped , as if reporting facts . lzaro was painfully picking himself up off the ground , a bloody gash running above his right eyebrow . he walked gingerly towards the rest of the group , keeping a wary distance from alejo , listening . from time to time he threw a guarded glance at wara . soon after their little conference , the older guy turned his beady gaze back on wara . she was still pinned against benjamin , eyes barely slit open , for the first time ever not trying to figure out what language everyone was speaking . sweat dripped down her back and she was terrified . `` i am so sorry , '' the older guy was saying with a smile in smooth spanish , `` that this has been allowed to drag on this long ."
203,20,"the smile died away , and he unsheathed a long , curved hunting knife with a smooth whine , turning his gaze towards lzaro . `` my son , it 's time for us to move on , '' he explained patiently to lzaro in accented spanish . `` apart from being a witness to the bus accident , she can identify you . '' a trickle of blood from the wound alejo left was slowly winding down lzaro 's face like a shiny maroon caterpillar . he gaped dumbly at the knife that the man now extended towards him `` lzaro , '' wara stammered , heart slamming against benjamin 's arm . the fact that lzaro , too , was here , part of this , was absolutely surreal . lzaro just stared at her , possibly realizing for the first time that noah too had been on the bus . he glanced at the old guy , nervously , and his hand closest to the offered knife twitched . wara took in that gabriel , standing next to lzaro , appeared ready to vomit , one hand clutching his throat , staring at wara 's neck . feeling faint , wara realized that they were going to slit her throat . lzaro stumbled a slight step back , and at that moment wara saw the flash of the knife against the sun as the old guy moved straight towards her , impatient . she felt benjamin 's grip on her tighten as he said , `` i 've got her , mr . and then , from the side , alejo was moving forward , marching towards her with a face full of calm fury . the fist that connected with her face shot white hot rays of pain through her head , splattering her vision with colored lights . benjamin must have released her just as alejo 's punch slammed into her nose . wara twisted around backwards on lifeless knees , then crumpled to the ground with a jolt of fire . evil lights flashed in front of her eyes , and she wanted to pass out , die , anything . wara shrieked in agony as someone grabbed her hair and pulled her to her feet , wrapping an arm around her shoulders to secure her against them because it was obvious that there was no way she could stand . a voice grated into her ear , and wara 's heart sank as she realized it was alejo she heard herself breathing loudly , vision swimming with the pain . alejo yanked her hair back and wara saw the silver of a razor-sharp knife blade , only an inch away from her exposed neck ."
204,20,"`` we have extenuating circumstances here , sir , '' she heard alejo say calmly . `` gabriel should n't have to watch this . he dragged her in front of him so her bare feet skimmed the grass , then barked into her ear , `` walk ! '' to the other men he called , `` we 'll meet in town ! '' alejo pushed her ahead of him into the cover of the mossy forest , dragging wara along as he stomped through the grass . her vision had cleared enough to make out the trees , but everything still shimmered and she was sure if alejo were n't holding her up she would have just dropped to the ground . she absently realized the salty stuff dripping across her lips was blood and that her nose was probably broken . may nazaret never hear about this , about what her brother has done . they pushed quite a ways into the forest , ducking under hanging tree fronds and circling giant banana plants . then wara 's foot hooked on a big root and she went hurdling towards the forest floor . the vision of the flashing knife waving near her neck told her alejo was going down with her . wara 's breath pumped out of her chest with a sharp gasp as his body slammed on top of hers , pushing her face into the raspy grass . a rough hand clamped across her mouth , sending rays of pains surging though her skull . `` do n't scream , '' he whispered lowly in her ear . breathing heavily , alejo rolled off of wara and sat listlessly on the ground by her side , one arm propped up on his knee . in a daze , wara rolled over onto her back painfully , unable to stop shaking . she gingerly wiped her sleeve across her face in an attempt to clear away some of the blood that was still flowing from her nose and stifled a sob at how much it hurt . `` you 're going to kill me later , then ? '' even though alejo had told her to be quiet , she had to know . he had been staring off into the jungle , but now his gaze jerked sharply back to her ."
205,20,"wara winced and raised her arm , cringing . he did n't hit her again , and she opened her eyes in time to see alejo hurl the knife off into the forest as if it were a deadly scorpion . he turned away from her and threw up onto the prickly tropical grass , gasped for breath , and then threw up again . finally he lifted his head , white as a sheet , and wiped his mouth shakily on his sleeve . `` i told you i was n't going to hurt you . nothing 's going to happen to you now , ok . i 'm gon na take you where it 's safe . '' wara started to feel everything around her fading away . the giant pine tree branches overhead were starting to sway as if a lazy breeze ran through them . she could n't be dying from a broken nose . but she felt so dizzy , and simply could n't move . that he was sorry he had broken her nose ? he had n't looked sorry a few minutes ago when he did it . wara vaguely realized that she had been scooped up and was moving through the trees . she slumped against his shoulder , and the sounds of crickets singing among the banana trees and grass crunching underfoot slowly faded away . 15 pale she felt herself gently swaying back and forth , face hugging something scratchy and warm . for several minutes she drifted blissfully between semi-awake and half-asleep , trying to pry her eyes open but at the same time being quite sure she did not want to wake up . she remembered passing out , and that alejo had hit her , and yeah , the pain was definitely still there . wara gasped and jerked wide awake , rolling into a sitting position and looking over her shoulder . he was still here , sitting with arms propped on his knees ."
206,20,"wara grabbed her head as black and silver flashed across her eyes in a violent parade . they were in the back of a truck , surrounded by high wooden slats . alejo was staring off to one side , watching the road through gaps between the rough boards . he turned towards her when he heard her groan , but wara could only close her eyes and take deep breaths , trying to keep the world from spinning around backwards . freakily , alejo 's expression had completely changed from the way he had looked at her with remorse in the jungle for those few minutes after he had thrown the knife away into the wild . now , his face had settled into such a serious mask that wara was glad she was too dizzy to look at him . those intense hazel eyes were just plain scary . she moaned again and weakly flopped back into a fetal position in the straw of the floor of the truck , her back to nazaret 's brother . he had given her a concussion ; she was sure of it . against her closed eyes , she saw again the scene in the clearing of the camp , alejo 's face as he swung at her in rage . the rest of the blank faces as they simply stared . wara barely recognized the croaking voice that came out of her own mouth . she cleared her throat slowly and curled up tighter in her corner of the truck bed , too weak to do anything else but wait for his answer . after a long pause , alejo answered her , voice detached but non-threatening . i just could n't let you know that , or you would have given away the escape plan . '' they would have been able to tell if you trusted me . i never meant to have to hit you '' -- his voice faltered for a second there- '' but it was the only way to get you out of there with what i had to work with . i was in charge of the rest there at the camp . but that man who showed up with lzaro is ishmael khan , our handler . he 's our boss , and as soon as he arrived , i knew that you were as good as dead . ''"
207,20,"`` ishmael was already coming at you with the knife , because lzaro would n't do it . i had to stop him cold in his tracks , and hitting you was the only way i could think of . two more seconds and he would have cut your throat . gabriel was robbed and had his throat slit in pakistan a month ago , and lzaro was involved with you , so i had a good excuse to take you out of their sight and eliminate you . and because you were ? incapacitated , benjamin and the khan assumed they did n't need to come with me to keep you from escaping . there was a long pause as wara tried to focus on the details of what alejo had just said . he had to break her nose to save her life ? she blurted out , then gasped at the nausea waves produced by the effort of shouting . `` i wo n't be able to tell if your nose if broken until the swelling goes down , '' alejo said , still maddeningly calm . i 've set a lot of broken noses , including mine . '' there was no way she was letting alejo touch her swollen nose . she dared to raise a hand to her face and realized that there was n't nearly as much dried blood as she remembered . had alejo cleaned blood from her face while she was sleeping ? she just lay there , slumped into the straw , not knowing what exactly she was allowed to ask in the presence of a terrorist who was also the brother of her best friend . how did she address the man who had broken her nose and then saved her life ? wara found she did n't care anymore ; everything had become much too confusing . she finally asked , slowly working her way over onto her back . a painful blush spread across her face as the memory of alejo kissing her in the tent played across her mind . she supposed it was part of his lovely escape plan , but she still did n't like thinking about it at all . sitting cross-legged next to her , alejo snorted , a frustrated , annoyed kind of sound ."
208,20,"i work for a muslim organization that works for justice by fighting against the bad guys , wara . '' we fight against the bad guys , wara , alejo had said . well , wara was pretty sure nazaret 's brother was confused about the definition of `` bad guy . '' alejo sighed and pressed his lips together . `` i 'm not a muslim anymore , '' he finally said . wara glanced at him , blinking away the confusion . alejo looked away at the wooden truck slats . `` i was , but now i 've decided to follow jesus '' wara did n't think she could have been more shocked if he had proposed marriage right then and there . `` how can you follow jesus and ? go around killing people ? '' she tried to scoff , but the effort just hurt her nose . `` we do n't just go around killing people . i have high-level training from hezbollah 's militant wing , and i take advantage of that to get rid of the guys who hurt the poor and oppressed . i do things that i know are wrong , but it 's worse , wara , to just sit around and do nothing while you watch innocent people suffer . `` so you follow jesus by killing people . '' `` a couple weeks ago , my good friend gabriel was robbed and they slit his throat . a few seconds later , a pakistani man came along and found him lying there . he could have just left him alone-it was really inconvenient for him to help . but he did help him and he saved gabriel 's life , like in the story jesus told about the samaritan . '' alejo played absently with the fringe on a canvas bag of oranges that was part of the truck 's cargo . `` what if that pakistani guy had come along while gabriel was still being attacked ?"
209,20,"should he , or the good samaritan , have just politely stepped aside and waited until the thieves finished , before stepping up to see if the victim was still alive and they could help ? or if they were stronger than the thieves and had a gun , should they have saved the man from being robbed and nearly killed in the first place ? '' wara frowned , remembering gabriel with the friendly green eyes who had taken her down to the creek and how he had one hand to his throat as he watched them about to kill wara . `` jesus said to love your enemies , '' she finally managed . no matter how much using violence seemed to be justified , the results could never be worth it , could they ? `` but he also said he came to set the captives free , and to show love to everyone . as horrible as it is , sometimes those two commands just ca n't both happen at the same time . '' alejo was morosely silent for a moment , and wara squinted up into the streaked sky . they were driving under the leafy branches of clustered palm trees now , and the sunlight flashed onto her face , then disappeared behind the temporary shade of their latticed leaves . he could have killed me , but instead he saved my life , wara realized . she would like to think alejo was just insane , but some of what he said made sense . she just lay there , squinting against the bright sky , trying not to think about how much everything hurt . she finally asked to break the unpleasant silence . are n't you going to get in big trouble for this ? '' she tried to meet his eyes , hoping he would see that she was grateful , despite the possible broken nose , several unwanted kisses , and the fact that he was the one who had nearly killed her on the bus in the first place . but wara found alejo staring off at the pile of blue canvas orange sacks , looking much more serious than she had hoped . `` actually we are in big trouble , '' he answered a little mechanically , eyes not meeting hers . `` i 'm going to keep you safe , i swear it . but first there 's something i have to do . `` in punishment for me betraying the group , i think they 're going to try to kill my family . ''"
210,20,"`` i know they 're going to look for them . '' there 's no way the khan is n't going to be furious . he saw me as family and i betrayed him . '' a shiver ran from her toes to her scalp . `` if we can warn them first , they can run . '' alejo 's voice was flat and a sheen of sweat painted his forehead . `` when you heard us talking in pashto , ishmael was telling us to kill you right away and throw your body in the waterfall that 's about a half-hour walk into the forest . the body would have drifted down into the main river , which runs through the canyon near the bus ? accident . i told them i 'd meet them down in coroico . i say we have two more hours before they start to wonder , three before they realize what i 've done . '' alejo rested his arms on his knees and hid his face . `` oh god , '' wara heard him whisper raggedly , shoulders slumped with despair . alejo 's no-nonsense voice boomed as he banged on the side of the truck through the slats a few minutes later . whoever was driving must have heard his announcement that the people in the back wanted off , because the truck 's gears shifted down and the heavy vehicle scraped to a stop . wara 's head hurt even more now , thanks to the shocking news about the martirs . the rusty back gate of the truck clanged open revealing a young guy with a che guevara baseball hat and greasy black ponytail waiting for them to get out . alejo hauled wara to her feet , and for a moment everything shimmered violet and green . her legs were n't feeling so weak anymore , and she took a few shaky steps across the filthy truck bed , avoiding the giant sacks stuffed full of tropical fruit . alejo passed the driver a red hundred boliviano note , then lowered wara onto the ground and jumped out behind her . wara heard the truck grind into gear and chug away behind them ."
211,20,"wara realized alejo 's arm was around her waist . she shrugged away from him and began to pick her way carefully through the tangled mass of plants . wara glanced at him and saw he was still sweating bullets , the weight of the world on his shoulders . could it really be possible that his family could die because he had become part of this group ? she whispered , not sure if there might be bad guys lurking about in the wild . alejo seemed startled by her sudden question , but he did n't slow his stride . we can take it to get to cochabamba and warn my family . '' wara struggled not to stumble at the reminder that someone could hurt the martirs . alejo 's answer was clipped but not impatient . wara frowned and shifted her gaze over to him , not sure what to think . alejo apparently read her thoughts because his mouth twisted wryly and he said , `` i fly the plane for work , wara . this is the only airplane that brings tourists in and out of coroico , so we make good money . it 's not because i 'm plotting to fly the thing into a building like 9/11 . '' before she could answer him , they came into a little clearing holding a squatty adobe house half-shaded by a thick mass of arching orange trees . a battered blue motorcycle leaned against a sleek banana plant , and a gaggle of scraggly chickens pecked lazily in the powdery dirt . there appeared to be a larger clearing beyond the house , and sure enough , a straw-colored airplane was sheltered under a structure made of corrugated tin sheets . and in the distance , a spacious , cleared area with dirt tracks down the center : a runway . alejo hollered out a greeting in spanish and a stout , balding guy wearing a stained white undershirt swaggered out from behind a sheet fluttering over the house 's open door . the man 's ample face instantly spread into a grin . he covered the distance between himself and his visitors quickly , clasping alejo 's hand firmly in his own beefy one ."
212,20,"there was a tattoo of a mermaid with red scales and a set of panpipes on his upper arm . wara knew she should be wondering who this guy was , but thinking about the martirs made her feel dizzy . the guy with the mermaid tattoo slapped alejo on the shoulder . he turned to greet the girl at alejo 's side but stopped short of the kiss on the cheek when he saw the condition of wara 's face . the balding man took her hand carefully instead and held it , frowning back at alejo in concern . `` che , what have you been doing to this woman ? he was trying to joke , but the alarm in the guy 's eyes said he suspected it was indeed alejo who was responsible for the condition of wara 's nose . she suddenly felt ashamed , standing there with bare , filthy feet and dried blood caked on her tank top . alejo laid a hand on her shoulder , and she cringed , stepping away . `` boris , i 'm taking her to the doctor . '' alejo saw her glaring at him and smiled tightly . `` since i 'm going into cochabamba anyway on business . '' the fat , mermaid tattoo guy named boris nodded , shooting another worried glance at wara . but now i 've got ta fly like a bat outta hell . do you think we could get her up in five minutes ? '' boris shrugged and his belly jiggled under the white undershirt . just sign the log please , and i 'll get her ready . '' boris winked and pulled a tattered notebook sporting the fading image of the incredible hulk out of his back pocket . alejo pulled the lid off a ballpoint pen with his teeth , scribbled something in the notebook , and flipped the pen and notebook back towards boris . the portly airplane owner whipped around with amazing agility and started towards the airplane , shouting instructions into a small black radio he had somehow produced and now held up to his mouth ."
213,20,"boris turned around distractedly as he dictated what appeared to be flight coordinates to someone across the radio waves . `` let your daughter lend some clothes to this poor girl . '' wara wanted to sink into the ground as alejo motioned towards her with a sheepish grin . i 'll bring her something new back from the market in cochabamba when i come . '' boris must have nodded his approval , because wara heard alejo holler `` gracias '' , then motioned her forward towards the ramshackle house . he yanked the blue-checked sheet draped over the doorway aside so wara could enter the house . she clenched her fists as she squeezed past alejo 's sweat-soaked t-shirt . the room just inside the door was cramped , graced with a burnt orange couch with torn upholstery and a few armchairs . an antique wooden shelf holding a murky fish tank and an army of porcelain clowns and teddy bears was stuffed in a corner . with the low glass coffee table in the middle of the room there was barely space to turn around . a wicker ceiling fan swirled above , lop-sided and losing the battle to cool the room from the tropical heat . a chubby teenage girl with deep red lip liner and a black brittany spears tank top with rhinestones stuck her head out of the doorway of one of the back rooms . `` hey , alexis , '' alejo greeted the girl . say , your dad said i could ask you a big favor . my friend here would like to borrow some of your clothes . i told your dad i 'd bring you something new back from the market in cochabamba . '' alexis kissed alejo on the cheek but looked skeptical about his offer . she raised one plucked eyebrow and took in wara 's bloody face and disgusting appearance . wara squared her jaw , determined to get through this , to get to the martirs and make sure they were safe . `` c'mon , i bet i 've got good taste . ''"
214,20,"alexis shook her head and rolled her eyes . she took one last glance at wara but did n't seem to be concerned as she sauntered into the back room . apparently boris ' little adobe house was the kind of place bloodied strangers could show up and no one would blink an eye . wara was feeling weak again and wished she could sink down into the faded orange sofa . a sudden thought halted her midstride towards the couch . `` i know the numbers of all your family 's cell phones . good old alexis must have a phone we can use , right ? '' `` nope , '' alejo shook his head firmly . `` i 'm not about to use the cell phones here -- -could be tracked afterwards . my sat phone stayed with stalin , since he had it on him when i went into the tent to ? talk with you right before the khan showed up . '' wara was feeling desperate , like she was trying to run through quicksand , not able to move a single step forward . there had to be some way to warn nazaret 's family , before alejo and wara could make it to cochabamba in the plane outside . `` well , i can catch your sister on facebook . are n't there social networking pages that are a little more ? modern ? '' alejo led wara into the first side room , where , sure enough , there was a very sleek , cobalt-colored computer sitting atop a battered bamboo desk . alejo was opening a little black fridge in the corner of the office . he pulled out a bottle of very cold water , twisted off the lid and handed it to wara . nope , me and my friends kind of half live here . '' alejo was already flipping on switches and in a few seconds wara was sitting before a picture of alexis in a canary yellow bikini , along with several swarthy teenage boys , next to one of the cascading waterfalls just outside of coroico . she gulped half the water bottle , then signed into facebook while alejo drank the rest ."
215,20,"the little green icon blinked back at her , telling her nazaret was signed in , as usual . alexis came in , winked at alejo and tried to strike a sultry pose . `` bring me a pair of really tight jeans , ok alejo ? you 'd better take a good look so you can remember my size . '' she unceremoniously dumped a pile of clothes on the desk , posed again , then scoffed and stalked away when alejo did n't even look at her . please , let me know if you are there , quickly . ten eternal seconds passed , and then the reply message blinked , `` wara ? ? ? by now , nazaret must have heard about the accident . eduardo and the australians must have told the martirs that she and noah had been on the bus . but there was no time for beating around the bush . `` i 'm ok. you could never guess who is here with me right now . more time clicked by , and wara could n't even begin to imagine the look on her friend 's face . finally a single word came back from nazaret . `` there 's no time to explain it to you right now , but i 'm here with your brother , and he was involved with some people ? .anyway , he knows you are in trouble . some really bad people are going to come looking for your family to kill you . `` tell them to go to the hostel salta , '' alejo whispered , leaning over wara and gripping the edge of the desk . `` alejo says to go to the hostel salta now ! '' apparently the martir family had experience with the place , maybe knew the owners . wara could almost see tears slipping down nazaret 's cheeks . `` they need to register as the rojas family , '' alejo told her ."
216,20,"as wara typed , she heard the airplane being fired up outside and wished she was already in it , soaring towards cochabamba . `` they have to turn their cell phones off and leave them behind or they will be tracked , '' alejo whispered lowly , and she passed along the instructions . wara glanced down and saw that nazaret had left one final message , and that she was gone . for once , her status was listed as offline . alejo was staring at what his sister had typed . he slid his hands over to the keyboard and nudged wara 's out of the way . `` i 'm erasing this conversation , '' he said . `` they 're going to come here when they realize i 'm gone . '' one last click of the keyboard , and then alejo scooped up the clothes alexis had left and laid them on wara 's lap . `` put these on in here , '' he instructed . `` i 'm going to help boris ready the plane . '' wordlessly , wara gripped the pile of clothes and forced herself to rise from the computer chair as alejo closed the door behind him . the windows in the small room were covered by rickety bamboo blinds . alexis had been so kind as to donate a pair of gray jogging pants that had sparkly pink lips on the rear and said diva . the shirt was orange with a koala , or wombat , or some such thing cheerily stuffing a stalk of bamboo into its mouth . wara managed to put everything on and slipped into a pair of white rubber flip flops with large silver jewels lining the straps . underneath the jewels , her smudged toes wiggled back at her , adorned with a myriad of henna flowers . wara clamped one hand on the bamboo desk unsteadily as her memory flashed back to the pickup truck and noah sitting at her side , just about to see her henna tattoos when lzaro began to speak . go outside , she ordered herself , gritting her teeth . 17 brick red the white toyota corolla taxi squeezed into a spot along the curb , directly in front of an elderly man with his wooden cart full of sea green chinese fingernail clippers and long tubes of colgate toothpaste ."
217,20,"alejo paid the taxi driver in a hurry , then nearly took out the corner of the elderly man 's decrepit cart as he yanked open the back door on wara 's side and tried to help her out . she stared at his outstretched hand as if it were a poisonous millipede and he staggered back , nearly tripping on the cart 's metal wheel . wara frowned at him and eased herself out of the taxi , obviously in pain and very angry . they both headed for the steps of the hostal salta . the place was just as alejo remembered it , back when his dad 's friend from church used to run it . three unlit stars sagged on a brick red wall splattered with graffiti . the hostel was six skinny floors , straight up , smack dab in the center of the market . it was now sundown , and despite the chill , alejo felt feverish . if something happened to his family , he would never forgive himself . inside , wara veered off towards the sofas in the waiting area , just like he 'd instructed her in the taxi . they needed to not call attention to themselves , and walking into a hotel with a swollen , purple nose was a good way to make someone remember you . alejo signed the check-in papers and got the key , making animated conversation about the latest soccer game with the kid at the counter , all the while dying inside . `` got the keys , honey , '' he called to wara , throwing her one of his best grins . the guy behind the counter must think he was the cheapest guy in the world , bringing his date to a dive like this . but cheap hostels did n't ask for copies of your id . alejo slung an arm around wara 's shoulder and pulled her into his side as they made for the stairs , hoping it looked romantic instead of like he was trying to hide her . wara panted right behind him up three flights of stairs . he had gotten them the room right next to pablo martir . alejo stopped in front of room 303 and rapped on the door , blinking away a bead of sweat that ran through his lashes and into his eye . a hurried grinding noise sounded inside as the door quivered ."
218,20,"wara whispered loudly through the door , shoulders sagging with relief . the door opened with a soft whoosh , revealing an entire clan of people , gathered behind alejo 's father in a nervous cluster . pablo martir looked the same , except for the sprinkling of silver in his jet black hair . he was a little shorter than alejo , but the square jaw that the pastor clenched as he stared at alejo was the same one alejo saw in the mirror every day . then , `` c'mon , we should get inside '' . head spinning , he guided wara by the arm through the doorway as his parents and all the children scuttled out of his way . alejo closed the door with one foot and slid the deadbolt into place . his mother stood there , older but still beautiful . had he really not seen his mother in so many years ? noly martir was staring at him as if she were seeing a ghost . `` i-i 'm glad that you 're here , '' he said hoarsely . next to him , wara sunk onto one of the room 's many beds . the room was large and lined with about eight single beds , all with pink pinstriped sheets . alejo paced to each of the windows , making sure they were secured and not easy to open . `` anyone following you on your way here ? '' `` any strange cars outside your house ? '' everyone shook their heads no , staring at him with wide hazel eyes that mirrored his own . `` everyone left behind their cell phones ? '' alejo was relieved that they all nodded . he had a couple of implanted tracking devices , in case anyone needed to track him when he was on assignment ."
219,20,"they would n't be a problem now , though , because the things had to be activated at close range by whoever was going to track him . the teenager who must be his little brother nathaniel watched him with something like awe , never leaving his mother 's side . when alejo left cochabamba to live with his uncle , nathaniel had been two and toddling around the patio in soiled pampers . nareth , nadia , nestor , and naveli huddled on one of the beds , not recognizing him even a bit . they had all been little babies when he stopped by his parents ' house for the only time after running away . he only went home to get some of his clothes and cds . just a quick stop before he headed back to santa cruz and his uncle on the bus . no time to spend with a preachy old preacher and a mother who constantly prodded about how he was doing and a house-full of raucous little martirs who kept multiplying like rabbits . naveli had been born several years after he had last seen his family . now he picked her out right away , a little seven-year old hanging on one of pastor martir 's legs , whimpering . alejo sank down onto one of the unmade beds and planted his feet firmly on the floor , determined not to be sick . `` there are definitely some things you need to know , '' he swallowed hard , `` now that i 've gotten you in this mess , but first ? '' he stood up stiffly from the bed and fought the urge to pace . `` we need to get wara to a doctor , '' pastor martir interrupted with concern , staring at wara and surely thinking about the fact that she had been in a near-fatal bus accident . `` i know that she 's in some pain , but she 'll be fine . i asked the guy downstairs to have a taxi sent over with some anti-inflammatories from the pharmacy . the nose is probably broken , but i wo n't be able to tell for forty-eight hours if it needs to be set . noly and nazaret audibly gasped as they swung around toward wara , noticing for the first time her puffy , bruised face . crusty patches of blood had dried around her violet and yellow nose . alejo felt low as a dog , knowing everyone was looking at wara and assuming this had happened to her in the bus accident ."
220,20,"before punching a girl in the face and knocking her to the ground , then dragging her away with a knife to the throat . noly gasped , catching her hand over her mouth . `` i still ca n't believe ? we heard on the news that everyone was dead , even though sar search and rescue has just begun to bring up the bodies . noly 's pale face flashed back towards alejo . `` and she said you were with alejandro . nazaret 's mother hesitated , then tentatively asked , `` noah was with you . `` i do n't know ? what happened to noah , '' wara said , expression clearly saying she wished alejo would slither away like the snake that he was . he was sitting right by me , but i could n't find him . '' her lip shook , and she visibly forced herself not to cry . `` these guys , '' she jerked her chin over alejo 's way in the bolivian style of pointing , `` say that no one else but me survived . i passed out , and then was picked up , by the killers . '' nazaret 's blond ringlets appeared next to her mother , eyes full of tears . alejo remembered her , the sister closest to him in age . she said , `` they say on the news it will take at least another day to continue the search for survivors and ? bring up the rest of the bodies . '' her voice choked and she grabbed onto her mother for support . `` the bus fell more than a thousand feet down the ravine , and then it-it exploded . i just ca n't believe you 're alive ! '' nazaret was sobbing now , and alejo felt as if he were in another world , a twilight zone that could not be reality . never in his worst nightmares had he imagined being reunited with his family like this . `` wara , '' noly martir 's tear-stained voice continued , `` a man from noah 's mission told me today that noah 's parents will be in la paz by tomorrow night ."
221,20,"your parents were still waiting to see what happens . the sar search and rescue have n't ? found any one who survived the crash . everyone from the bus is presumed dead . '' alejo felt his fists clench hard at his sides , the words hitting him like a load of bricks . and wara and noah paid the price for the man 's sins . everyone was crying , well at least it seemed like it . his mother , his sister nazaret , several of the little kids whose faces he did n't even recognize . alejo 's chest began to constrict , and he tried in vain to be rational . salazar needed to die , whatever the cost . of course it was possible there could be other casualties . the broken voice of his father sliced through his heart . alejo turned towards him as if in daze . pablo martir 's eyes were red-rimmed as alejo managed to meet them , steeling himself to do the right thing and give whatever it took of himself to make this right , as much as possible . i , alejandro benjamin martir , am a murderer , and it 's time to pay . `` son , '' pastor martir began , `` wara said that she was found by the killers . '' alejo 's father placed one protective hand on his wife 's shoulder , moving in front of her and nathaniel as he spoke . the unspoken question hung in the air , surrounded by children 's shuddering sobs . as if in slow motion , one by one , the other members of the martir family moved up next to their father , warily , staring at him with those hazel eyes . the little one , naveli , sniffed loudly and cried , `` noah ! '' `` i 'll tell you everything , '' alejo promised hoarsely ."
222,20,"18 dark alejo led his parents up to the roof , followed by nazareth and nathaniel . his heart ached as he left wara with the youngest children in the room and pushed open a door that led to the flat concrete roof of the hostal salta . a high brick wall held together with globs of roughly-formed gray mortar provided privacy . a few threadbare , freshly-washed sheets flapped in the breeze in one corner of the roof , drying in the fading sunshine . alejo trudged to the center of the roof , where rusty metal chairs circled a wobbly table . he absently stared at the surrounding buildings , praying-yes , praying-that there would n't be any problems with security at their present location for at least the next few hours , until he could explain to his parents how it came to be that he had set assassins on the trail of his baby sisters . a squeaking of metal told him that his family had taken seats in the awkward silence , unsure of what to do . my parents may have done many things that were wrong , but they and the kids did n't deserve this . the silence suffocated , and alejo needed to escape it . `` i work with a group that partners with hezbollah , '' he finally said , avoiding nazaret 's teary gaze . with a start , he wondered if he should use the past tense . for the first time in a very long while , alejo found himself struggling for words . how could he explain who he was , when his family had not known him for fourteen years ? nazaret was staring at him , white face stricken with shock . `` no , hezbollah has renounced terrorism , '' alejo insisted . alejo paused , trying to come up with words . he could n't even bring himself to mention the name of jesus in this discussion as his reason for leaving islam . the weight of what he had done felt as if it could never be erased . alejo cleared his face of emotion and tried to state the facts clearly . `` i was the leader of a team in an organization that kills evil men ."
223,20,"my team put explosives on the bus that left coroico on sunday night . it was supposed to contain only the targets , but noah and wara apparently got on the bus at the last minute . the men from my team brought wara to me , after they found her by the road , alive . they would have killed her too , and i left with her to avoid that . so i suppose my membership in the organization has been canceled . '' alejo 's mouth flattened into a wry , grim line . his knuckles tightened violently around the edge of his chair . everyone else seemed too horrified to even speak . `` not only that , '' alejo 's voice was strained , `` but when i left the organization , i put your lives in danger . they do n't like traitors and as soon as they found out i left with wara , i 'm sure they started to look for you . i was a leader , and the punishment for leaving is death for my family . '' now alejo leaned back into his chair , hating the looks on their faces , hating that he was the one who had caused all this . wara said they have prayed for me for years , that i would be safe and following jesus , he remembered bitterly . and now i show up , a muslim , a criminal , who has ruined their lives . `` oh god , '' noly martir whispered , covering her mouth with her hand . then alejo 's mother stood up unevenly from the iron chair , a look of intense sadness quivering on her face . `` alejo , those are your little brothers and sisters below us in that room . are they safe sleeping here , with you ? oh god , '' she repeated , her voice breaking . `` you never even knew them , and already you have made their lives forfeit . ''"
224,20,"nazaret cried , breaking into sobs as well , dropping down onto her knees on the concrete floor . alejo , do n't you know how much i loved you ? `` wara told me , '' alejo muttered , struggling to meet his sister 's weepy eyes . he turned towards his mother and held out a hand towards her , then dropped it to his side . `` i will do all that i can to keep them safe while they 're sleeping , '' he promised gravely . alejo felt that until now his father had been ominously silent . dropping down on a stack of concrete blocks facing his family , alejo watched him out of the corner of his eye , struggling against his will with all the ancient bitterness that welled up in the presence of pablo martir . was the pastor shocked that his son had been living as a muslim ? did you really , honestly expect me to want to be a christian ? did you ever realize what you had done , when you heard about ruben ? apparently , if ruben had affected his family at all , they had recovered just fine . word was that pablo martir was still a pastor . alejo 's father leaned back in his chair with a firm , metallic clink as the legs shifted against the uneven concrete . alejo jerked his head around to look at him , eyes blank , ready to be verbally decimated . `` amor , '' pablo began , in a deep , only slightly unsteady voice directed at his wife . `` please go back downstairs with the kids and stay with wara . i need to talk with our son ? alone . '' alejo was glad his father appeared sufficiently cool-headed and rational , even after alejo 's horrifying revelation . he needed to talk with his father about a plan to save their lives . it was a heavy first conversation , all in all , after fourteen years ."
225,20,"noly and nazaret still could n't speak , and the two of them made their way unsteadily towards the black door that led back to their room . nathaniel followed them slowly , eyes dark , glancing back at his long-lost brother with a mixture of morbid curiosity and fear . he gently closed the rusting door with a slight clang behind him . alejo opened his mouth to speak as pablo abruptly pushed one of the wrought-iron chairs across the concrete with his foot , causing a high-pitched scraping sound . alejo 's father motioned towards the chair , directly across the table from himself , with his chin . alejo sat down in the chair , hiding his uneasiness . `` are your brothers , sisters , and your mother safe downstairs ? '' his voice was even and low , but alejo noticed a bead of sweat riding his father 's forehead . i have to get all of you out of here as soon as possible . it 's ? not safe for you here anymore , and you 'll all have to ? leave the country . '' alejo winced as he heard his own words , suddenly realizing how crazy they sounded . i have n't seen them in years , and now i show up and tell them they have to leave the only country they 've ever known . `` you need to explain this to me again , '' pablo sighed seriously . `` you were involved with a muslim organization that you have become uninvolved with , and because of that they are after us , to kill us ? '' `` yep , they as in some pretty well-trained , smart guys . if i do n't get you into hiding , they will find you . '' now a little of his father 's composure crumpled and he swallowed hard before getting out the next question . bile rushed into alejo 's stomach and he curled his fingers around the chair 's sharp armrests with an iron grip to avoid once again emptying his stomach . he had never seen the man , but noah had been one of his sister 's best friends . in the taxi , wara had told him how noah had been in charge of getting his sister home safely every night they worked until late at a caf in downtown cochabamba ."
226,20,"`` franco salazar was on the bus , heading back to la paz , '' alejo managed . `` he was an evil man , and the bomb was meant for him . '' alejo 's father 's face looked very pained , and he searched his son 's eyes carefully . alejo felt sick , not at all ready to get into a discussion of the past with his father . his father 's face , however , was unreadable . `` did you only come back to warn us because we are your family ? '' i told you , i 'm not a muslim anymore , and i have left the organization ! i knew i needed to leave for a while , when i realized that i believe what jesus taught , not islam . but i found out that if i left , they would come after you ! '' rambling and stammering , alejo 's statement about believing jesus obviously came as another shock to his father . surely the last thing that makes any sense right now is to hear that his son has just left islam , after committing murder , and is now declaring himself to be a follower of jesus . alejo groaned and leaned back heavily in his chair . `` i did n't want anything to happen to you , '' he ground out flatly , `` but they were about to slit wara 's throat . pablo muttered , appearing to be still trying to take it all in . `` so , you kill people as part of your job , but you decided to help wara . alejo cut him off , his whole body tense . i feel bad-it 's been a long time , and i just show up and ruin your lives . for that , you do n't know how sorry i am . now , unfortunately , we 've got to talk about getting you all out of here . i have more than enough money , and i 'll do whatever it takes . ''"
227,20,"pablo seemed hurt by alejo 's tone , and he stared at his son , maybe trying to find the skinny fourteen year old boy who had left his house in anger . alejo shifted his eyes uncomfortably , refused to let his gaze ride to the floor . `` son , '' pastor martir finally said , voice breaking a little , `` where have you been ? or working for drug dealers , in prison ? '' `` well , '' alejo clipped , stomach tight , `` as you can see , everything is so much better than you imagined . '' he immediately regretted his sarcastic words as his father looked away . `` dad , '' alejo said with a sigh , `` there 's nothing i can do to make this reunion a happy one for you . '' his father looked dazed , then asked , `` so this was all about franco salazar ? '' alejo felt his heart leap into his chest , and the acid that rushed into his stomach told him that there was no way he could talk about this with his father , not now . `` i told you , dad , i just ca n't talk about it , '' he insisted , eyes dark . pablo martir 's face looked so pained that alejo tried to soften his tone , ignoring the nausea . right now the only thing that is important is getting you all out of here , so you can live . '' the strong shoulders of alejo 's father finally slanted as he crumpled back into the chair , desolate . alejo 's footsteps dragged as he trudged down the narrow stairs , leaving his father alone on the hostel roof . seeing his parents again still had the sheen of unreality . a dark , nightmare-ish unreality , in light of the situation he had put his entire family in . he was still confused about half of the kids downstairs , which face went with what name . but they were his brothers and sisters , for goodness sake ! alejo loosed a heavy sigh and waited outside the hostel room door , fighting the urge to find cigarettes and do some serious smoking . he 'd quit years ago , after finding that wheezing while trying to outrun danger and bullets could be pretty inconvenient ."
228,20,"and now , suddenly , that life was over . he , alejo martir , was no longer employed by the prism , and he might never see his team , who were like brothers , again . and if he did ever see their faces , it could be behind the muzzle of a gun . alejo blinked , startled , as the wooden door jerked open and he found himself facing nazaret . `` you should n't have opened to me , '' he scolded softly . she met his eyes sadly , shattering him with a million memories of blanket forts under the dining room table and licking popsicles on the front porch . `` i still do n't know who you are , '' she said , then left him standing at the door and returned to flop onto an unmade bed . alejo carefully closed the door then turned to his youngest siblings , trying a reassuring smile . `` your dad will be down in a minute , '' he told them . they 're probably worried i left him dead up there on the roof . alejo forced his gaze from the wide-eyed little martirs to his mother and wara , sitting wearily together on one of the beds he was glad to see pills on the bedside table ; the stuff he had ordered must have arrived from the pharmacy . wara and noly had obviously been in deep discussion just before alejo interrupted them and his heart sunk three notches lower , easily imagining that little chat . there would be the part about how alejo had smacked her in the face , then nearly slit her throat . and before that , how he had handcuffed her and kissed her . no matter how highly he thought of himself and his problem-solving abilities , there really was no fixing this situation , was there ? alejo suddenly felt very tired and sank down onto a bed across from wara . `` we should call your family , '' he said . i called the bennesons , who work with my mission , too . '' alejo nodded once , admiring how she seemed to make good decisions even in stressful situations . `` they must want you to come home , right away . ''"
229,20,"noly martir lowered her brows at her son , expression a mixture of love and annoyance . alejo eyed wara , whose jaw was set firmly . `` she wo n't go until she finds out if noah is still alive . '' alejo remained silent , removing his gaze from his mother and sister and folding his arms across his chest . his mother and sister must think him a psychopath . keys jingled in the lock and alejo tensed , then relaxed as pablo martir entered the room . it was time to leave this room , and quickly . he and wara would be just on the other side of the thin wall , definitely within his ear shot in case of danger . basically ignoring his wayward oldest son , pastor martir walked among his younger children , forcing a smile and patting them each on the head . noly pulled little naveli onto her lap and kissed her . `` i 've been talking with your brother , '' pablo addressed the whole family , `` and he has some very good ideas of how to help us , which we 'll talk about tomorrow . now it 's time for all of us to sleep , but first we 're going to pray . no matter what happens , god is always with us , and he keeps us all in the palm of his hand . '' strangling on the need to escape this little moment of martir family prayer , alejo quickly stood up and moved towards wara . i 'll get out of your way so you can take care of your family . '' but it had been so long , an entire lifetime . naveli peeped at alejo from long-lashed hazel eyes , lips purple around a giant lollipop . alejo stared at her , then tore his gaze away and motioned to wara . `` i 'm sorry , but you 'd better come with me . '' everyone started , and alejo faced his parents ."
230,20,"`` i registered us downstairs together . besides , i told her i 'd take care of her . i 'm not letting her out of my sight . '' alejo was surprised when wara rolled out of bed without arguing and prepared to follow him . the zombie-like expression in her eyes , along with her lack of protest , actually worried him . equally as worrying was the fact that no one in his family protested his orders , at least not with words . after all , i suppose you do n't argue with a man who 's just confessed to being a killer , even if he is your own son . wara stumbled next to him towards the door . alejo left his family locked in the room , more disgusted with himself than he had been in a long , long time . 19 transparent the door slid open before wara and alejo with a mute whine . alejo flipped on the light switch and wara pushed past him into the room , identical to the martirs ' except that it held only two single beds . past the point of absolute exhaustion , wara stumbled over to one of the beds and kicked off her white flip-flops . the wool blanket covered worn , striped sheets , and she ripped back the covers and fell inside . she forced her breathing to even , willing herself to sleep , just sleep . she was lying here in a hostel room with the man who tried to kill her and noah . only sleep would bring the blessed unconsciousness she craved . her frayed mind whirled around a single thought , faster and faster , polishing it to a weighty obsession . finally , she flipped herself over on the lumpy bed to face alejo , still visible in the dim light of the small bedside lamp . he was hunched over on the edge of the other bed , wearing the same gray t-shirt and cargo pants , head in his hands . for some reason , the thought crossed wara 's mind that those were now his only clothes ; nazaret 's brother had literally left his old life with only the clothes on his back ."
231,20,"he frowning , wara realized that he could probably never go back and get any of his stuff from wherever he had lived , because now he was in big trouble . alejo twisted to face her , hazel eyes rimmed in red . but first-why did you leave your group ? you believed so much in what you were doing you were willing to even kill . '' alejo drew in a breath , and it was sharp , hurried . he took his time , swinging his legs over to the other side of the bed so he could face her , eyes flickering back and forth . he raised his eyes to hers , slowly closed then opened them . `` it started because of jesus , '' he said . `` i realized that i ca n't believe what i believe about him and be a muslim . but then there is ishmael , our boss . '' he hesitated , eyes flickering again as if seeing some painful scene across the back of his eyelids . wara saw the exact moment he decided to go ahead with whatever it was he was going to tell her . `` ishmael and other powerful men do n't want the word to get out about what i saw in pakistan , '' he said . `` on my last trip there , ishmael took me to the tribal area near afghanistan . `` ok. '' wara enjoyed the moment of showing him she was n't as dumb as he might think . alejo nodded with respect and continued . `` we were way out in the middle of nowhere , visiting a five-house town near the fighting . and huddled inside one of the buildings where fighters crash when they 're not out shooting rockets at each other , i found about one hundred bolivian teenagers , dressed like mujahedeen , waiting to go back to the skirmish . '' `` that 's how i found out , wara , that ishmael 's foundation has been recruiting among the native peoples , especially in bolivia . he explained to me that the recruiters visit small towns in the countryside and talk to the young guys ."
232,20,"they recruit them for islam , but in reality they exploit them , only telling them about an islam that they can join to fight together against a common cause : western imperialism . they tell these converts that they are getting an expense-paid trip overseas to study for free . but they end up in the tribal area , or god knows where else . '' wara repeated the term the quechua women had used on that trip to the bible conference with noah . `` in the countryside , a lot of women told me that their sons have disappeared . '' alejo 's mouth pressed together in a firm line . `` i do n't know how many bolivians are over in pakistan right now , or how many have already been killed . he shook his head and then sat up straighter . `` anyway , believing what i do about jesus and finding that out meant it was just a matter of time til i left the prism . when you ? when i saw you ? i had to leave right away . '' alejo 's voice faltered , and he cleared his throat . wara found she could n't say the thought that had just run through her head . all she could come up with was , `` why did you have to kill us ? '' alejo was quieter than wara had expected . `` it 's not going to make you feel any better , you know . she crossed her arms tighter across her chest and shivered . alejo closed his eyes , then looked away . `` the reason we targeted the bus you were on is because it was chartered by a guy named franco salazar . `` alejo winced but kept going `` ? not only a government official for the state of cochabamba . he was also a child molester , and ran the largest child pornography ring in bolivia and paraguay . ''"
233,20,"wara fought to keep her jaw from dropping and stared back at alejo . `` he was going to leave for thailand , wara , today , from la paz . did you know thailand is a major center for child prostitution ? this is not the first time salazar has been to thailand . '' alejo 's eyes radiated hurt and horror . despite herself , wara felt her heart twist with disgust for franco salazar-if all of this were really true . `` the police would never touch him , '' alejo continued , `` because of bribes , high-up friendships . the man was protected from every angle you can imagine . how many more children would have their lives ruined , while i sat , a 'good ' man , doing nothing ? '' alejo raised his hands to make sarcastic quotation marks in the air around the word `` good '' , lips twisting cynically . he paused , then asked distractedly : `` did my parents ever tell you about ruben mamani ? alejo caught wara 's blank look and heaved a sigh . before franco salazar worked for the national government , he was the mayor of quillacollo . '' a medium-sized town on the outskirts of cochabamba . `` and before my family lived in cochabamba , they lived in quillacollo , where my dad pastored a really big , popular church . '' wara vaguely remembered hearing that years ago pablo martir had been senior pastor of a huge church in quillacollo , with its own radio station , seminary , and everything . `` my best friend ruben was a year younger than me , and he was from a poorer family , quechua . he loved to come over to my house because we had cable and a big yard , and he lived in a little house with one room . we always played cars and war and everything you can imagine . and , '' alejo 's eyes darkened dangerously , `` we also went together to play basketball at the community center , which was set up so nicely for the boys from the neighborhood by the friendly local mayor , franco salazar . ''"
234,20,"wara 's gut began to tell her this story was not going to have a pleasant ending . `` when i was thirteen , '' alejo said in a strangled voice , `` ruben told me that salazar had been abusing him for three years . i told my parents , because i thought they would do something . my dad had a lot of influence in the community . they had a school , and three or four hundred people coming to their church . i told them , thinking they would tell the police , that they would help my friend and put salazar in jail . i was thirteen ? i did n't know what to do without their help . well , my parents listened to me , and then they looked at each other with this look . my father told me that we had to keep this to ourselves . biblical submission to your husband and all that . '' alejo 's tanned face had paled in the light of the lamp , and wara frowned deeply , scandalized . alejo was saying the martirs told him not to report child abuse ? `` my parents told me that if we put ourselves on salazar 's bad side , '' alejo said , `` we would lose our permission to have the church in the town . and who would be the light of the gospel to the community then ? they said , if they got involved in this situation , they would lose all their influence for christ . '' a long pause and then , in a more composed voice , `` one month later , ruben ended up in a ditch , dead . '' alejo shrugged , as if all he had said were suddenly of no importance . `` i went to live with my uncle , in santa cruz and went to a high school built by the iranian government . life as a pastor 's kid suddenly just did n't seem palatable to me anymore . '' alejo finished the last sentence of his story in a rush , and then jumped up from the bed , uncomfortable ."
235,20,"`` whatever has happened in the past , it ca n't bring back the people who died , '' he was saying , knuckles white , when wara thrust herself up on one elbow and hissed , `` not 'people ' . wara ignored how alejo looked away miserably , probably because she did n't want to give up hope that noah could still have survived . `` they all had names , '' wara found herself rambling , while at the same time thinking about ruben mamani , alejo 's little friend , thrown away like trash into the mud . by a horrible man who abused little children while pretending to be a leader who cared about the people , a benefactor . who built a beautiful community center for desperately poor children to come play basketball , only to lure them into his clutches . now alejo did look physically sick , and he turned towards the door as if to go , then stumbled trying to turn around to again face wara . `` salazar was a monster , wara , but what i did is still wrong ! but i did what seemed right in the moment . with actual tears running out of the corners of his eyes , alejo whirled away and was at the door of their hostel room in two steps , out of it in three . wara covered her head with the blanket and cried too , for noah . 20 red white and blue sometime while alejo was still up on the roof , wara fell asleep under the faded sheets and heavy blanket . she was startled , when her eyes cracked open , to see that the hostel room was filled with gray light , filtering through the sheer fabric of the cream curtains . a few fiery rays of sun poked out from behind a tall red brick building . wara jerked into a sitting position , flipping her gaze over to alejo 's bed , half-expecting it to still be empty . his body was tucked under the covers , however , back towards wara . at the sound of wara 's movement , alejo inhaled sharply and shot up on one elbow , rolling over onto his back at lightning speed . he seemed relieved to see it was only her . alejo groaned and sank back onto the pillow on his back , black hair sticking up wildly in all directions . he scrubbed both fists across his eyes , then swung his legs over the side of the bed , sitting up to look at her . feeling the awkwardness , wara did n't respond ."
236,20,"after the emotional encounter of last night , she did n't know what to say . if his story were true , it made more sense how he could actually believe god would support killing a man like franco salazar . but the truth was , wara still did n't feel as if she could trust alejo martir at all . he could change personalities in an instant , one minute serious and morose , the next charming and convincing , seemingly able to manipulate anyone into doing what he wanted . she was n't about to trust his story about salazar until she had talked with the martirs and confirmed some facts . wara threw off the covers and headed for the bathroom in alexis ' wrinkled sweat pants and wombat shirt . when she came out of the bathroom , he was waiting , pacing by the window , staring down at the alley outside . `` could you come over to the other room ? '' `` we really need to talk about some stuff . '' she felt a little better than yesterday , after a quick shower . soaking off the dried blood had hurt a lot , and she had washed her face without looking in the mirror , afraid of what she would see . alejo had got her some ibuprofen , but she still felt like some foreign object was lodged on her face , twice the size of her own nose . fighting the depression , wara trudged after alejo to the hall and the martirs ' door . it was cracked open , and alejo pushed the deadbolt into place after they slipped inside . alejo 's voice sounded unnatural saying the word . pablo martir looked as if he had n't slept a wink all night and he was staring out the window at the mountains . `` alright , '' he said , and he and his son moved to one of the beds in the corner , each cautiously sitting down at the furthest extremes possible and beginning a hushed , strained conversation . wara plopped down on a bed next to nazaret and noly at the other side of the room . the kids were huddled on the beds , munching half-heartedly on cheesy empanada pastries and sipping chocolate milk from flimsy plastic cups . the thought of food made wara want to gag ."
237,20,"she was terrified they might have heard more news . as long as there was no news , there was still hope . noly yawned and covered her mouth with one hand . `` no , '' she said , and wara closed her eyes in relief . `` i made a call really early-from the street , of course . the bennesons from your mission say they still have n't identified the body of any foreigners . so far , the confirmed dead are a government guy from cochabamba and three of his staff : two women and one man . '' she was so glad they had n't found noah . but a pang came along with it , because those people who died had been on the bus with her . shed seen them whispering and laughing as they got on the bus . when noah decided to get on his knees in the aisle and give her the ring , the people in the back had clapped . she searched for the right words , and finally said , `` i made alejo tell me why he did what he did . he was trying to kill the man who used to be mayor of quillacollo . he said that you guys used to know him . '' noly 's eyes grew sad , and she glanced over at nazaret . `` yeah , '' wara nodded , snatching a watermelon bubble gum from the bedside table and popping it in her mouth . her body seemed to float inches above the bed , and she felt a desperate need for the sugar . `` alejo said that franco salazar was involved in all kinds of horrible stuff . and that he killed a friend of his from when they were little-ruben . '' i mean , i remember when little ruben died , but i did n't know ? ''"
238,20,"`` she did n't know anything about salazar possibly being involved , '' noly murmured . `` that part of our history is a painful memory that marked our lives forever . the kids were so young they did n't know what was really going on . her father told her last night , because salazar came up when he was talking with alejo . '' noly pointed her chin towards nazaret , who looked conflicted . `` did he tell you we did n't report what happened to ruben ? '' wara rolled her eyes and nodded , waiting for noly to say that idea was ridiculous . but instead , noly 's eyes crinkled as she said , `` we 've regretted that decision , made out of pride and reluctance to lose our place in the community , ever since . '' she blinked and turned her head towards alejo , deep in discussion with his father . `` alejo ran the day ruben was found dead , just after he turned fourteen , '' noly continued , swallowing hard and swiping at mascara running down one cheek . `` it took years for us to understand how wrong we were . we started the children 's center in villa candelaria to try to repent , somehow . wara was still in a daze when alejo 's voice cut into their conversation . `` you guys are involved with the children 's center in villa candelaria ? i 've heard of that place -- -it 's famous all over the country . i just did n't know ? that you were involved . '' `` we are , son , '' pastor martir said from behind him , and alejo nodded slowly , seemingly confused by this new development . `` i talked with ? dad , '' alejo said . the word still seemed to taste bitter in his mouth . `` he thinks it would be good for you all to try to go to the united states ."
239,20,"i have plenty of money , and i 'm going to go get as much as i can out of the bank now , before you go . '' alejo 's family all stared at him with expressions of disbelief that clearly said : go ? wara demanded , imagining gabriel and scary benjamin staking out the bank with rifles from a crumbling apartment window across the street . `` there are ten branches of my bank here in cochabamba , and they do n't have enough manpower to watch all of them at the same time . today i can get enough to take care of you all for quite awhile , and the rest is in a cayman islands account only i have access to . pastor martir stood frowning at his son , burly arms crossed in front of his chest . `` none of the family have passports , except dad . i want to see if the u.s. will give them visas and put them in protection , in exchange for the information i have . we also need to let the embassy know you 're alive . '' he took wara back to their room , and alejo dialed the embassy number on a brand-new cell phone he had picked up across the street . wara took another handful of ibuprofen from the bedside table and forced herself to sip water while alejo talked with someone for quite a long time . by his frustrated expression , wara could tell the conversation did n't go well . she asked as he punched the end button a little too hard and slammed a fist into the bedpost . `` they agree with you , '' alejo scowled at the little gray phone . `` i do n't think they bought most of what i said , but from the little i told them now , they have decided that i am a terrorist . and , '' alejo hurled the phone onto the bed , obviously using less force than he would have liked , `` the u.s. government does not help the family of terrorists . '' `` they wo n't help them because you 're a terrorist ? alejo 's mouth twisted into a grim smile . robert cole at the embassy told me to tell you that you should contact them so they can pick you up immediately to send you home , by the way . they are going to call your family right away and confirm that you are alive and well . ''"
240,20,"both alejo and wara flinched at that expression . `` they have n't found the bodies of any americans , '' he added after a while , then looked away . `` so now where will you send the martirs ? '' `` since the good old u.s. of a has been so helpful ? '' alejo grimaced and massaged his temple , feet planted on the tile floor . `` everyone i know who could be any help in hiding them is connected to the prism . without all those contacts , i ca n't get passports , visas , anything . '' he let out a frustrated breath and then sat up , looking at wara . `` we 'll go to plan b , '' he announced . `` i 'll put them on a bus to lima this afternoon . they wo n't check passports at the border , since they do n't look like tourists . we 'll take a taxi to sacaba , that little town outside the city , and take a bus from there . the guys , hopefully , will only be watching the main terminal here in the city . they can get passports at the embassy there and take a flight to another country . it 's all so sudden , but we have enough money and i can make a new life for my family . '' `` you should call the embassy to come pick you up , '' he said . those guys she had seen on the mountain -- -they would forget about her soon though , right ? she could go home , see her parents , find a new place to live and work ? at the moment , wara did n't care at all what she did or where she lived . only two thoughts consumed her mind : seeing the martirs safe and out of this nightmare , and finding noah hearst ."
241,20,"the words slipped out before wara realized it . alejo looked at her sharply , mouth open as if about to protest but she cut him off . `` i wo n't leave bolivia until i know . '' his mouth snapped shut , and he got up quickly and paced to the other bed , lowering himself down cross-legged on top of the unmade covers . he closed his eyes and massaged his temples even harder . `` i 'll stay with you until they know , '' alejo said finally . `` my family can go on ahead , and we can meet them . wara tried to protest , but could n't come up with anything reasonable to say . i 'll just ward off all of those killers myself . i did such a lovely job of it last time . alejo 's very presence in the room caused a veritable host of unpleasant sensations in wara 's brain . so why did her heart flood with something like relief at his plan ? `` thank you , '' was all she finally said , fighting hard not to cry . 21 cinnamon the hostal salta seemed lonely and depressing after the martirs left . when alejo and wara pulled up in front of the hostel in a white taxi , the street lamps were already gleaming upon the darkened sidewalk , though people still hustled by in both directions . wara supposed it must be around seven o'clock-one hour after she had waved good-bye to the family who had been like her own . she had barely been able to make out each face , peering through the tinted windows of a sleek double-decker bus about to depart for lima , peru . alejo had convinced his family to follow his plan , then had them call a friend from church to bring clothes from the market and food for the trip . all of the kids ' clothes and toys stayed behind . the faded photograph of missing alejandro from nazaret 's dresser ."
242,20,"anyone who brought things from the martirs house could be followed back here to the hostel . the younger kids climbed onto the bus at sacaba with huge tears in their eyes . silky gray rain clouds swirled across the evening sky , threatening a downpour as the entire martir family boarded the bus that would take them away from bolivia . nazaret sobbed as she hugged wara , hesitated , and then threw herself at her brother , weeping against his chest . alejo 's back had been towards her , but wara had seen him put his arms around nazaret until she pulled away . now , wara stepped out of the taxi and slammed the door , facing the unlit stars of the hostel . she and alejo , who had tried to kill her , were alone here together , and wara had never felt so strange . the faded pinstriped sheets and lumpy pillows were still waiting . wara felt even more depressed as she entered their hostel room , realizing that alejo was now her only company . maybe she could call nazaret on her long bus trip later , just to hear the sound of a known voice . alejo had picked up several more cheap little prepaid cell phones from the viva shop , and given three to the martirs , plus one to wara . wara had made one call to the bennesons , to ask them to call her on this number as soon as there was any news about noah . explaining why they should n't give the number to anyone else had been tricky , as was trying to tell them why she was n't at home in the apartment below theirs , and could n't come back for safety reasons . why am i here with alejo , instead of letting the u.s. embassy pick me up and take care of me until i know about noah ? after hanging up with the bennesons , the question had bothered her . because the embassy does n't even seem to believe what is going on , wara realized . alejo closed the door and turned on the light . thirty seconds of silence filled the room , as both of them sunk down onto one of the beds , listless . then he sighed and asked : `` do you want to go to la paz ? the search and rescue efforts are working from there , and it 's the closest major hospital . ''"
243,20,"wara stared at him , feeling very weary , having a hard time understanding what he was saying . if they find noah that would be where they would take him , the best major hospital . noly said that noah 's parents were going to be in la paz , waiting . but wara could n't decide what she wanted to do at all , except that she wanted to see her best friend who she loved again . `` i do n't know , '' she finally said hoarsely . `` they 've been searching for two days now , and they should be done soon . noah lived here ; the funeral will-would be-in cochabamba . his words hit wara like a punch in the gut . everything alejo said sounded so logical , but the cold reality of making such a decision based on the fact that the funeral would be here ? for a moment she could n't breathe . it took her a long time to collect her thoughts and say , weakly , `` ok. '' all day she had waited with bated breath , feeling that any phone call could bring news that noah had been found , alive . but hearing alejo say that he expected the news would be about the funeral brought wara back down to reality with a very painful crash . after a long while she heard alejo say , `` i told danny downstairs that we 're checking out tonight . we need to move to another place-it wo n't be that hard for the guys to show our picture to reception at all of the cheap hostels in cochabamba , and the longer we stay in one place , the more time they have to do that . '' his voice sounded tight , but calm , not as bone-weary as wara herself felt . her eyes were closed , and she felt her breathing slow , suddenly so relaxed she felt almost one with the sagging mattress underneath her . she cleared her throat and mumbled , `` right now ? '' the thought crossed wara 's mind that if she never got up off this bed again , that would be perfectly fine . `` yeah , right now , '' alejo said , almost sounding apologetic . we 'll be going under cover of darkness . '' wara cracked open her eyes and raised one eyebrow at him ."
244,20,"his hazel eyes were watching her , expression unreadable . `` fine , '' she answered him , sliding her eyes back shut . `` but i think you 'll have to pack my bag for me . '' a joke , since her belongings consisted of two changes of clothes the martirs ' friend had brought her from the market , along with a toothbrush and shampoo . alexis ' shiny-reared sweat pants and wombat shirt had found their final resting place in the bathroom trash can . wara realized that alejo had actually gotten up and was bringing her toothbrush from the bathroom . he made sure it was inside the brown plaid bag that had also come from the market , and then slung that and a black backpack that had been brought for him over his shoulder . `` i promise you can sleep when we get to our new place . '' wara sighed loudly and rolled off the bed , hanging on to the side until she was steady . her bleary gaze fell on alejo , and she thought he did n't look quite as threatening now that he was no longer wearing the military-style cargo pants and sweaty gray t-shirt from up on the mountain . he actually looked rather normal now in dark jeans , a hunter green hoodie , and leather tennis shoes . she asked groggily , as she followed alejo out the door into the hallway . without turning around , he answered carefully , `` i do n't think so . their taxi sped along the highway towards sacaba , the same route they had taken to say good-bye to the martirs . not even halfway to sacaba , alejo directed the taxi driver to veer off the highway towards a gravel-covered incline . with a sharp tap of the brakes , the driver darted in front of oncoming traffic on the highway 's opposite lane and bumped onto the more uneven road . he then punched the gas , letting the shiny , newer taxi climb up towards wherever their final destination would be . spanish pop music filled the clean , gray interior of the taxi , and the young driver , wearing a peach polo shirt , tapped a muscular forearm against the steering wheel to keep rhythm . this under-maintained road took them higher and higher up one of the mountains at cochabamba 's northern edge , the bumps and ruts jolting the taxi with more violence the farther along they went . three iridescent cds hung from the top of the windshield on gold cords , dangling and swaying with each jolt of the car ."
245,20,"the taxi driver 's eyes met alejo 's in the rear view mirror . `` yep , '' alejo nodded to him , mouth turning up . they were entering an area where the dusty road was pock-marked with rocks and shaded by eucalyptus trees . on either side , brightly-painted walls rose up , sporting neon signs with names that did not appear to be those of respectable hotels : safari , the oasis , the `` park drive-in '' , and lover 's paradise . wara stared in disbelief , and then her eyes fell upon a towering sign of a glowing cupid , complete with heart-tipped arrows . and underneath , a giant closed gate painted the color of red hot candies with an enormous pink heart . someone had once made a comment to her that in some part of cochabamba there were `` motels '' where one could pay for rooms by the hour , usually for romantic encounters . the taxi that held alejo and wara had pulled up in front of the looming hot pink heart , which now filled the entire windshield . their taxi driver honked twice merrily and waited , still tapping the steering wheel to the rhythm . you have got to be kidding me , wara gaped , then snapped her mouth shut and whirled towards alejo . he tried to appear unfazed , obviously having known wara would react this way . `` this is the only place where you can stay without having to show id , '' he whispered in her ear . alejo scooted closer and slung an arm around her shoulder . i had to lie through my teeth to get danny back at the salta to let you stay without id , and he only did it because he 's a nice guy . we 've got these nice , dark tinted windows . alejo motioned fluidly towards one of the windows , as if waiting for wara to take in how they were invisible to prying eyes outside the taxi and stop being angry that he had brought her to a motel called el cupido . then he continued , squeezing her close against his side for the taxi driver 's benefit . `` probably just some kid will come out to take our money , and then we 've got a room . if the guys from my team would come here , no one has got our id . i 'm sure you can imagine why '' wara swallowed hard ."
246,20,"she closed her eyes and counted to ten , mortally embarrassed , doing her best not to rip herself away from alejo 's grip . just when she thought she could n't stand it a moment longer , the huge wooden door of love swung open by some invisible hand and the idling taxi drove inside . the courtyard they entered was grassy , shaded with trees , and mostly dark . off to the right , wara could see a long row of motel rooms , each sporting a pair of hearts painted on the red hot , numbered doors . stifling a groan , wara leaned her head back onto the seat back . alejo winked at the driver , who seemed to be enjoying this . `` you 'll talk to the boy for us , right ? just slit the window so no one 'll see us . '' `` no problem , '' the guy in the peach shirt nodded , and with one touch of a button the cobalt glass glided a few inches lower , revealing a brief glimpse of a young boy with chocolate skin and a tattered green hulk t-shirt . he said into the taxi , and wara was shocked by the squeakiness of the kid 's voice . he could n't be more than ten years old . what was he doing in this kind of place ? `` ask him how much for two days , '' alejo told the driver . `` five hundred bolivianos , '' the taxi driver announced after consulting with the boy outside . he raised his eyebrows at alejo in the mirror . alejo pulled out a fat wad of red one hundred boliviano notes from the pocket of his jeans and peeled five off . the driver passed them through the cracked-open window and the kid counted the money , crisping the bills in his hand with the efficiency of a los vegas casino employee . `` number six , '' the kids squeaked , and passed something metallic and jingly into the interior of the car . alejo snatched the item from the driver 's burly fist , and wara saw it was a single silver key , attached to a key chain with a cherry red , puffy , lace-trimmed heart . alejo started to hand her the key , saw her face , and then lowered his eyes , stuffing the key into the pocket of his hoodie ."
247,20,"the driver sealed the window shut with a soft hiss , and then slowly pulled across the grass to leave them closer to the heart doors . without a word , alejo opened the car door for wara , then paid the driver . `` do n't look behind you when you get out , '' alejo breathed into her ear , and wara 's cheeks flamed as she exited into the cool night . she gathered her composure and followed alejo , forcing herself to stare at the double hearts ahead instead of behind her , where she thought the boy who had taken their money might still be watching in the darkness . but then again , the kid was probably already back inside watching cartoons , so used to this life that there was absolutely nothing exciting about the arrival of yet one more couple . `` see , that was n't too bad , '' alejo said under his breath as he jammed the silver key into the lock . the plush heart bobbed around wildly as he turned the key to motel room number six . the wooden door swung open , immersing wara in a warm glow of cinnamon red . the entire interior of the room was varying shades of red . lit , neon red christmas lights ran around the ceiling , and the walls were cherry red and white stripes , crisscrossed with painted cupids , arrows ready to fly . shaggy , worn crimson carpet blanketed the floor , cushioning wara 's ankles as she warily stepped inside . and in the center of the room sat a double bed , fire-truck red satin comforter shimmering under a gaudy gold headboard in the shape of a heart . alejo gingerly closed the door behind them and flipped on the light , causing wara to gasp . a monstrous , cheap crystal chandelier exploded with light above them , and every diamond-shaped light bulb was red , spreading a rosy scarlet hue across everything in the room , including alejo 's face . he had the audacity to ask with a crooked grin . wara did n't know whether to laugh or run out the door . wara followed his gaze to the wall , where a plush couch , the color of cinnamon red hot candies , snuggled against the wall . next to it , a wicker chair with a matching footrest was adorned with cushions to match the couch . wara responded to his question , turning in a slow circle around the room . `` i have never seen anything so ugly in my entire life ."
248,20,"`` i 'm sorry i had to bring you here , '' alejo said , seemingly feeling bad for her . `` it 's just that it really is the best spot to hide ? '' `` yeah , your reasoning does make a twisted kind of sense , '' wara sighed . noah would have chuckled at this , and for sure he could have written a hilarious song about this room with this taylor guitar . nazaret would have been shocked , then dissolved into a fit of giggles . wara missed both of them so much , and felt awfully , terribly alone . alejo hauled the wicker chair over under the room 's only window , a long , rectangular-shaped opening that ran higher than the level of their heads next to the door . he pulled aside the gauzy red curtain and peered outside , probably checking for any bad guys . the gaze he fixed on her as he stepped down from the fuzzy red couch was so like nazaret 's that for a moment she blinked , forgetting he was really so different from the other martirs . `` were you really good friends with all those guys i saw up there ? '' alejo dragged the wicker chair back to the corner and sat down , considering how much he was going to tell her . finally he said , `` most of the guys that were there at first-the guys that carried you up from the road -- were only there for the weekend , for training . i was n't only in charge of my team , but of training all the guys in most of south america . that 's why they 're going to be so mad . '' `` four of the guys were on my team-we were like brothers . gabriel , stalin , benjamin , and lzaro . but gabriel and benjamin and i shared a house together in coroico . and stalin and i have been friends for ten years . '' the memory hit her , leaving a sour taste in her mouth : alejo worked with lzaro . back when she knew him , lzaro had said he was a christian ."
249,20,"wara did not even want to think how he had reached the point of becoming a radical muslim who was about to cut her throat . and she really did n't want to talk with alejo about it . she wandered over to the bed and collapsed on it with slumped shoulders . wara twisted noah 's silver ring on her finger , her only comfort in this awful place . she was suffering , and alejo had done this to her . he watched her , sitting there on the horrible bed in this place he 'd brought her to , playing with a silver ring on her finger . her eyes were ringed in dark circles , glazed over and in another world she shivered and absently scrubbed at her bare arms , trying to get warm . he got up and walked over to her backpack by the door and found a black sweater his mom 's friend had brought for wara . `` its cold in here , '' he offered it to her . it was dark outside now , chilly and menacing in the shadow of the darkened andes . she looked into his eyes as he handed her the sweater and her face was bathed in red from gaudy chandelier . her nose was a sickly violet and yellow , puffy under her reddened eyes . alejo closed his eyes slowly , then opened them . the ugly thing was three cushions wide , good enough for a decent night 's sleep . he curled up facing the wall and stuffed a small , hard red pillow under his head . `` whenever you 're ready , you can turn out the lights , '' he told wara . `` i can sleep anywhere , with lights or without , so do n't worry about me . '' alejo grimaced at the back of the couch . wara switched off the light and covers rustled behind him , then everything fell silent . suddenly , the horror of the day pressed into him with a vengeance and it hurt ."
250,20,"franco salazar was dead , and he could n't say he was sorry . he believed what he 'd told wara , that he could n't just sit by and watch while thieves attacked the man in the story of the good samaritan ? or while franco salazar abused kids . but he 'd never really thought about other people who could be hurt in the middle of delivering justice to the bad guys . he 'd never laid eyes on noah , but alejo had seen his sister 's tears , heard how the guy played with his little brothers and sisters and made sure nazaret got home safe late at night . for all alejo knew , that silver ring wara was always playing with was a gift from noah . it was obvious she cared about him , a lot . always before , when alejo killed , he had been sure the man who died was scum and deserved whatever he had coming to him . now , for the first time , someone innocent had been taken out along with the bad . alejo knew the reason wara 's presence was undoing him : she was the incarnation of a person simply caught in the crossfire . he felt guilty for the other innocent people on the bus , but he had never seen them . when he looked into wara 's eyes and realized what he had done , there had been no going back . the combination of leaving islam , leaving the prism , and trying to figure out why , if he had done god 's will , he could still feel so wrong , spun alejo 's world upside down . a half-hour or so went by , and wara 's even breathing seemed to indicate that she was asleep . a slightly hellish glow filtered into the dark room through the sheer red curtains from a street lamp in the courtyard outside . alejo closed his eyes but he just could n't sleep . who he had avoided in anger for years , then dragged into the very path of death . he kept thinking about his father , and the few words they had had just before the martirs went to sacaba to take the bus away from bolivia . pablo martir told alejo he wanted to speak with him up on the roof again , alone , and alejo had steeled himself for the conversation . he really hoped his father would understand that there was n't much that could be added to what had already been said . there was nothing alejo could say that would make it right ."
251,20,"there was nothing his father could say that would make alejo feel more acutely how badly he had messed up , getting his entire family into this situation . there was no other solution that alejo could see to the problem ; even if he would walk right back into coroico and show up at the doorstep of his old house so the prism could shoot him , the 964 would still be angry , and they could still go after his family . alejo had trudged up the concrete steps to the roof , following the broader form of his father . all these years , he had imagined that his father was still occupied as a pastor , preaching that jesus saves while letting the world go to hell . somehow , finding out that he had been directing the only center for children with aids in the country , which would now be left without leadership because of alejo , made alejo feel even more depressed . the faded sheets were still drifting lazily on the line in the afternoon breeze on the hostel rooftop . alejo 's father turned to face his son squarely . `` son , i ca n't tell you how sorry i am we ca n't have more time together . there is so much more i 'd like to talk about , but as you said , now is not the time ? '' his voice cracked a little , and alejo felt his shoulders tense . `` so much time lost , '' pablo continued , `` and now i do n't even know what will happen , what you ? '' he stopped and sighed , obviously thinking something along the lines of , `` ? if you are going to continue being a criminal , because that really complicates our relationship . '' `` the one thing i want to ask you before we leave , though , '' alejo 's father said after the scowl had faded , `` is about what you said before , about jesus . you said that you have been a muslim ? '' `` yep , i 've been a muslim since i was eighteen , '' alejo confirmed dryly , wondering where his father was going with this . `` but you told me that you are no longer a muslim , that you are a christian . '' alejo hesitated , the term christian still racking him with unpleasant sensations of long sermons with too many amens . people pretending to praise god while peeking to see whose hands were raised the highest . little boys dead in the grass so that no one would disrupt the worship of god in the church building every sunday . i do n't want to be a christian like i was taught ."
252,20,"when i read the bible and saw what jesus said ? it was like i had never heard most of it before . pablo sighed deeply , eyes boring into his son 's . then he actually stepped forward to clasp alejo 's shoulder , tears in his eyes . `` we all need a lot of grace right now , '' he said hoarsely . pablo martir let go of his son and turned as if to go , then paused . without looking back he said , `` noah had jesus living in him . he would have forgiven you , alejandro . '' alejo had shivered , staring at the back of his father 's head as he walked towards the metal door that led back downstairs and disappeared . then noah was a better man that i am , he thought . alejo , who usually could sleep like a baby even with a rock for a pillow , finally drifted into a fitful sleep on the soft red couch . he jerked upright at a foreign sound filling the room . slapping around in the darkness , he got a hold on the metal chain of a pink floral lamp next to the couch and yanked it , flooding the motel room with sickly-sweet light . wara had already flown across the room towards her bag and was throwing out clothes , looking for the phone that kept drilling its tinny tune into the night . realizing it was n't there , she dove back for the bed , crawled over it , and grabbed the phone vibrating across the nightstand . her hands were shaking so hard she could hardly flip the thing open to gasp a breathless , `` hello ? '' alejo sank back into the couch , hoping the call was his sister in need of a midnight conversation . the odds were against that , however ; there really was n't a good chance a call in the middle of the night would bring good news . alejo exhaled as her entire body crumpled and sank back into the sheets , seemingly buried in the mass of fluffy pillows and thick satin bedspread . silence , and then she choked out , `` th-thank you . '' the cell phone shut with a near-silent click , and then alejo saw wara pull the covers up over her head ."
253,20,"`` you can go back to sleep , '' she finally said in a voice that did not sound like herself . `` the bennesons just wanted to let me know that the funeral will be tomorrow at ten . '' alejo 's blood chilled , and he pulled the lamp off quickly , as if afraid to sit any longer in the light when he just found out he had caused a funeral . rubbing his temples , alejo rolled back onto the couch , slowly , staring up at the ceiling . his brain told him he should say something . what kind of man just sat there without saying anything when a woman finds out the guy she loved has died ? alejo did n't even need to run through the possible options in his mind , however , to know that finding something adequate to say to her would be impossible . taking a deep breath , he shivered , eyes fixed on nothing in the darkness until it was nearly morning . a morning in which alejo would go to a funeral . 23 bittersweet the morning passed by as if in a dream . after somehow getting ready , wara followed alejo out of el cupido and waited a few blocks away on a shaded corner for a missionary family , the paulsons , to come pick them up . alejo had said something about the prism finding them , so they would need to try to sneak into the house where the funeral would be held . he insisted she call someone with a van so they could hide out lying on the floor . the paulsons had quickly agreed to pick them up . corban and misty paulson had been good friends with noah ; no one said a word during the entire ride to the house where the funeral would be held . a solemn metallic clanging and the stilling of the purring engine told wara that the van had finally arrived inside the gate of the bennesons ' house . she picked herself up off the floor , brushing crumbs off her pants in a daze . she followed alejo and the paulsons across the wide lawn with its spiky green grass , around a multitude of assorted land cruisers and brasilias already parked inside the house 's walls . the zip of cool air inside the shade of the white-walled house hit her face , along with the unnatural hush emanating from within . everyone turned to stare as she slipped through the door ."
254,20,"wara swayed on her feet , overcome by the sight of all of her friends , noah 's friends , gathered here , because noah was actually dead . tobin was folding her into an embrace against his bony shoulders . `` i ca n't believe this happened to noah . wara pulled away from him numbly , only to find herself hugged by person after person from her mission . tobias , the other australian , was scrubbing reddish eyes , obviously trying not to cry as he gave her a quick hug . she saw tobin 's gaze ride up to where alejo stood somewhere in the background , probably looking dangerous and out of place at a funeral with his uncut curly hair and jeans . wara wondered for a brief moment if she should feel like a traitor for daring to come to noah 's funeral with the man who was responsible for his death . but then she realized she could n't feel anything , not yet . `` wara , '' tobias was saying , `` we brought a guitar for you . they want you to sing something for noah-just one song . wara gulped , then nodded without thinking . of course she would sing , if it was for noah . `` thanks , '' tobias nodded and sniffed loudly , laying a hand on her arm . then he was off in the direction of the living room . she did n't know what to do , so she just followed him , practically floating in the sea of people milling around here at noah 's funeral . as she moved to go into the main living area , a huge , arched room painted in bold colors , rough fingers brushed her arm . wara looked up to find eduardo sejas , the good-looking bolivian guy who had been in coroico with noah . his usually twinkling eyes were red-rimmed behind black trendy glasses , and he wore a dark suit and tie . `` wara , '' he started , and then his voice choked . wara heard herself say , glancing towards the living room ."
255,20,"`` yeah , '' eduardo said , and sighed . `` i mean , he 's not really here , he 's with god , but ... the casket is in there . '' wara bit her lip and reached up with one hand to push a stray piece of hair out of one eye . as she did , eduardo 's gaze followed her hand , and his mouth opened into a round `` o '' . he asked , staring at the shining silver on her hand . wara frowned , not sure who he was talking about . eduardo grabbed her hand quickly and examined the ring . he lifted his eyes to hers again , blinking behind the trendy glasses . `` did you find it after the accident ? '' `` no , '' wara said , realizing dully that eduardo , as one of noah 's best friends , must have seen this ring sometime before . eduardo sniffed loudly , but his face lit up . `` yeah , '' wara said hesitantly , not sure where this was leading . in her present condition , wara was obviously missing something . `` noah saved that ring for a really long time , '' eduardo explained slowly , as if revealing a delicious secret . `` he said that he did n't want to just casually date someone , but that when he started a relationship he wanted it to be serious . well , a lot of the guys , we used to always tell him , 'well , start a relationship then ! but noah would always say that he thought maybe god wanted him to be single , since god had n't brought the right girl along yet . i told him so many times that that was a bunch of hogwash . noah was just plain scared of commitment ! he told me that his parents always fought like cats and dogs , and that they never loved each other a day in their lives . ''"
256,20,"wara swallowed hard and circled the ring around her finger . she knew that noah 's relationship with his parents was n't the best , mostly due to his decision to be a missionary instead of pursuing a career that would make lots of money . he had never mentioned anything about his parents ' relationship with each other . `` so , last weekend , when he was going to coroico , '' eduardo was going on , `` noah told me that he was taking the ring along , since god supposedly was n't bringing any girls into his life that he could give it to and he had reached the ripe old age of twenty-eight . he was just going to ceremoniously throw it out the side of the bus , over the road of death . to put to death the idea of marriage and living happily ever after . '' eduardo 's eyes were swimming but the twinkle was back `` but it looks like he did n't throw the ring over after all . wara just stared at him , because her throat hurt too much to try to speak . she gave a curt nod , not even trying to pretend she was n't about to cry . `` thank you , '' she finally whispered , wanting to ask more before she had to go into the living room . but then she saw the couple dressed in black , standing at the back of the room through the wide double doors , weeping . wara had never seen their picture , but the look of utter desolation on their faces and the way their gaze shifted uncomfortably around the room as if they were in a strange land they had never before imagined they would see , told her that these were noah 's parents . eduardo touched wara 's arm , following the direction of her gaze . wara nodded , and glanced at alejo , who was standing , tight-lipped behind her , pale face revealing that he had heard who was in the next room . she turned her back to him and forced herself to walk through the open double doors , completely ignoring the small , hushed groups of people clustered around the room , whispering . her mind registered that the music she heard was noah , one of the cds he had recorded with the guys for fun at the studio on espaa . a long table was set up in the corner with punch and refreshments . along the burgundy wall at the opposite side of the living room was an espresso-colored casket , lying on a curled metal stand , closed . before she could think she threw herself across the tile floor and drew up to the edge of the long , dark casket , spreading her hands out along the smooth wood . a tear dripped off her chin onto noah 's casket , and wara pressed her forehead into the cool wood , eyes closed ."
257,20,"if the world ended now , that would be just fine . the shaky voice came from a woman just behind wara . she reluctantly raised her head and stared at the speaker through bleary eyes . it was noah 's mother : slim and fashionable , wearing a short black suit dress and a string of platinum-colored pearls , bobbed hair dyed blond gave her the appearance of being much younger than she must be . wara 's gaze shifted behind her and saw the portly , balding man that must be noah 's father . he seemed at home in an expensive black suit with a sky blue tie . drops of perspiration trickled down his forehead despite the coolness of the room . the overweight father shuffled uncomfortably forward , glancing around the room as if he would give his entire fortune to be anywhere but here . he took his place at his wife 's side and tried to focus his attention on wara . wara ignored the trail left by the tear down her right cheek . `` yes , we are ? were ? his parents . '' noah 's mother had mascara smears under her emerald green eyes , and wara 's heart flipped , recognizing noah 's eyes in hers . with a stifled sob , his mother covered her mouth with one manicured hand and wiped away a stray tear with the other . `` and you must have been a good friend , '' she sniffed . wara blurted out , `` i was ? me and noah were ? i loved him . yes , for a few minutes , but what did that matter now ? she had noah 's ring , and she knew that he had wanted to be with her . noah 's father looked shocked , and his mother burst into tears . wara could n't miss mr. hearst 's disparaging look that traveled over wara 's rumpled clothing , henna tattoos , nose ring , and bruised face . surely she did n't look fit to be at a funeral , much less to be the girlfriend of their precious son from a wealthy family ."
258,20,"but noah 's mother just waved her hand at her husband and held two slender white arms out toward wara for an embrace . mrs. hearst delicately pulled her forward for a hug , and while wara was pressed against her shoulder she noticed a framed photograph on top of the casket . a clean-cut young man wearing a blue dress shirt and a silk tie smiled confidently from the picture , looking for all the world like a slick lawyer or a successful salesman . with a gasp , wara realized she was looking at a younger noah , long hair clipped off , clean-shaven and wearing a tie . what would noah 's parents think if they had seen him how she had known him , with the tattoo and terribly not cool clothes , playing soccer in the dust with school children ? this is how they wanted him to be , she thought miserably . this picture must be from when he was studying international business . next to the larger photograph were two smaller ones , also in gold-gilded frames . one was a blond boy , about six years old , wearing a star wars t-shirt and grinning at the camera while missing both front teeth . wara had never seen a photo of noah as a kid . the other frame showed a chubby baby with bright emerald eyes , stuffed into a starched white suit and staring at the camera while a trail of drool escaped from one side of his rosebud lips . mrs. hearst let her go , again swiping at tears under her painted eyes . `` i did n't know he had a girlfriend `` she rasped . noah 's mom broke off , bit her lip , then tried to compose herself . `` of course i do n't know your parents , but i would like to tell you , on behalf of noah 's parents , whose hearts are broken ? '' the woman dissolved into tears again and her husband put one hand stiffly on her arm , obviously embarrassed by how his wife was carrying on . mrs. hearst 's lip curled with anger and she yanked her arm out of his grip . noah 's mother pronounced the foreign name and then drilled wara with her bereaved eyes , voice shaky and tight . `` for your parents , leave this awful country and go home . look what comes of all this supposed 'doing good ' !"
259,20,"for the love of god , leave this terrible place ! '' wara felt shaken by the woman 's emotion , and she wanted to back away , get out of this conversation , go back where she could be closer to noah . she wondered briefly if the embassy had listened to alejo at all when he told them that the bus had been attacked , and if they had told the hearsts about it . no one 's here from the embassy , trying to find me to get more information . the hearsts seem devastated but not furious . then another hand touched her arm , and she jerked around to see an athletic-looking guy with a pock-marked face and mahogany skin . a crisp white dress shirt was tucked into worn jeans , and his hair was slicked back with way too much gel . you do n't know me , but my name is hector villanueva and i 'm a volunteer with the sar search and rescue team . '' he paused , obviously noticing the three confused gringo faces . `` i was part of the team that went down to the bus accident , '' he clarified , expression grave and serious . i 've been a volunteer for ten years , but this one really got to me . i 've been going to the funerals of nearly all of the victims , and i just wanted to tell you , the parents , how sorry i am . '' mr. and mrs. hearst were staring blankly at the man , and wara realized with a start that they did n't understand a word he was saying . she numbly translated most of what the sar volunteer had said into english . mrs. hearst nodded , barely looking at the man , but noah 's father 's face had gone crimson and he lumbered forward , bearing down on hector villanueva . `` now listen here , '' he growled , swiping at a drop of sweat about to run into his eye . `` there 's a woman from the embassy here with us , i suppose as a babysitter , but the embassy does n't appear to have any information about anything . we 've tried for days to get information about the rescue efforts , progress , anything . well -- - '' mr. hearst cut his tirade short for a moment as he noticed that wara was translating for the sar worker . then he ranted on , `` last night , with no warning , we get a call from some missionary who knew our son that he is dead !"
260,20,"well , you were there-can you tell us what has been going on since that accident ? why did n't they find our son until last night ? and if they found him before , why the heck did n't anyone tell us anything ? '' noah 's father 's voice cracked , and he fell silent , swiveling his gaze over to the silent coffin along the wall . wara felt faint , but translated the general gist back to the man who had been there on the side of the mountain cliff . looking for noah 's body among the twisted vines and jungle thorns . noah 's parents wanted to know what they had found . she trembled from head to toe , backing away from the three others in the conversation . `` i ca n't translate this , how he was ? '' a tight hand clapped her on the shoulder , and wara lifted wild eyes to meet alejo 's , deadly serious and morose . `` you 've been standing up too long , '' he told her in spanish , and then the grim line of his mouth softened . without waiting to be told a second time , wara hurriedly slipped away from the conversation that had suddenly turned gruesome and found refuge in a tan swivel chair a few feet behind noah 's parents . she collapsed into it , pulling her feet up to sit cross-legged , and buried her face into her hands . of course from here she could still hear everything that was said , but at least she would n't be the one to translate it . wara focused on the sar worker 's spanish instead of alejo 's clipped , perfect english as he translated . hector villanueva had already launched back into the conversation , seriously stating the facts to answer noah 's father 's questions . he was describing the process sar , the bolivian volunteer search and rescue department , had used to scale down the rugged terrain , then systematically search for bodies . they had started , of course , with the charred remains of the bus . `` we were able to identify all but three of the bus ' passengers from the remains inside the bus , '' the man said , and wara cringed . she closed her eyes tightly , refusing to allow her imagination to get ahead of the conversation in whether noah had been one of those burned figures trapped inside the vehicle ."
261,20,"`` verifying the identity of these bodies took until yesterday . the first day we found one of franco salazar 's assistants several hundred meters uphill from where the bus came to rest . she had already passed away from severe trauma . the other two missing bodies were not found until yesterday around six p.m. , when the volunteers were just about to go home for the day . we had been combing the area for two days , but it was n't until we reached a spot nearly a kilometer away from the bus ' exit point from the highway that we found both of them . obviously they had been thrown from the bus while it was still pretty high up the mountain , to have landed so far away . one of the men had been dead since approximately early monday morning , according to the autopsy , but the autopsy of the other man , your son , showed that he had passed away about twelve hours before we found the body . they just called me with the autopsy results . '' wara 's whole body shook and she pressed her fingers into her forehead . there was a deathly silence , and then mr. hearst 's indignant voice gasped , `` are you saying that for twenty-four , no for nearly a day and a half after that accident , our son was alive down there in the jungle ? '' `` yes , sir , that is what the autopsy report showed , '' hector reported , stiffening as if just now realizing that the giant man in front of him was simmering with rage . `` b..b..but -- -you 're saying that because your 'search and rescue ' team did n't find him sooner , our son died ? if you had been more competent and found him sooner , he would still be alive ! '' hector 's voice trailed off and he sighed . wara moaned and slumped forward in the chair , feeling hot tears slipping through her fingers . a death-filled scene flooded her vision : noah , bloodied and broken , lying on the cold jungle floor in the dark , unable to move , with no one to help him . but then a different picture swallowed that one up . noah , lying on his back , in the middle of an emerald forest clearing , staring up at the tropical birds and butterflies flitting around the peaceful sanctuary . he could n't get up , but he was singing , quietly , and the songs he sang were only between him and his god , on his way to meet him . wara forced herself to swallow , then straightened in the chair ."
262,20,"the last scene of noah in the jungle was one she could live with . a man had started speaking from somewhere in the room , inviting people to come take seats on the folding chairs . gripping the edges of the chair with both hands to steady herself , wara rose to her feet , ready to sing a last song for noah hearst . many people went up front to talk about noah , including the bolivian pastor of noah 's church . the bennesons sat up front , along with the rest of the people from the mission . dona filomena was there , wearing a dark pollera and cardigan with her signature gray braids . even tiago showed up , nearly unrecognizable in black dress pants , a starched white dress shirt , and red weepy eyes . eventually she realized that someone had asked her to come up and sing , and she made her way towards a folding chair off to the side , tripping once and nearly planting her face into the floor before she caught herself , grabbing another chair . barely noticing her near-accident , wara sat down and pulled the guitar that was propped next to the chair onto her lap . her fingers curled tightly around the neck , metal strings biting into her flesh . wara bit her lip , then strummed a chord . she started a song she knew by the band mercy me , that began talking about how everyone says `` you '' are in a better place . as the chords vibrated out of the taylor , she moved on to the chorus , singing what may have been the truest thing she had said all day : `` i 've never been more homesick than now . i close my eyes , and i see your face , if home 's where my heart is then i 'm out of place , lord , wo n't you give me strength to make it through somehow , i 've never been more homesick than now . '' her fingers fell across the strings one last time , sounding the last open-ended chord , and then she rested her forehead on the smooth wood of noah 's guitar . after a moment , without looking at the many faces who had gathered here to remember her best friend , wara forced herself to put the guitar back in its place . what she really wanted to do was sling the black guitar strap over her shoulder and walk away , never looking back . eduardo was coming up front to sing something , however , and she knew he would need the guitar . wara somehow managed to make it to an empty chair . `` if home 's where my heart is , then i 'm out of place . ''"
263,20,"the chorus she had just sung rang in her head , even as eduardo and tobias began to sing amazing grace . oh god , i can feel that so much right now . if noah is with you , i want to be there too , at home . i do n't think i can stay here one more minute . leaning heavily forward against the metal back of an empty chair , wara 's sideways gaze fell upon alejo , standing in the back of the room , arms folded across his chest . she had nearly forgotten about his existence . his face was red and puffy , and he looked really , really miserable . because thanks to alejo martir , i surely will be miserable forever . as wara heard eduardo sing the last line of the hymn , a cold feeling crept over her chest , as if she had put on a sweater that had been sitting outside all night in a montana blizzard . the feelings of anger she had just been tempted with were gone . 24 sea green everyone else had left the house , and alejo was left in the echoing entryway of some missionaries ' house . he hunched miserably on a polished wooden chair , listening to the rhythmic tick of a clock from the kitchen off to the left . wara lay curled up on a black leather sofa in a smaller family room , and she had n't said a word since the rest of the funeral attendees had left . one more hour and we can leave this place and get back to the motel . alejo groaned and clunked his head against the cool plaster of the wall , envisioning red silk and painted cupids . as if that 's going to be any better than being here . knowing the chances were fair to good that the guys had found out about the bus victim 's funeral and would be lurking about outside , alejo had told wara they needed to wait here at the house for two hours after the rest of the people had gone . then maybe they could sneak out with no one following . the bennesons ' house was in an upscale neighborhood , across the street from a long , shady park . pretty soon , alejo would call a radio taxi with dark windows to take them back to their hideous quarters ."
264,20,"the clock kept ticking and alejo closed his eyes , remembering the face of noah 's mother as she and her husband left with the woman from the u.s. embassy and the crew from a funeral home . alejo had listened in enough to know that the hearsts were going to ship the body back to the united states for burial , and that the embassy was helping them with all the necessary arrangements . wara 's haunting voice when she sang with the guitar had cut him to the heart . he had n't been around so many christians since he was a kid , and the experience had been overwhelming . he thought about what his father had said back at the hostal salta : noah would have forgiven you . it did n't seem realistic to imagine noah just punching him in the shoulder with a , hey man , do n't worry about it . but he was supposed to believe god would forgive him , just like that ? another comment wara had made sometime during their last few days flashed through his mind : `` jesus said to love your enemies . '' that was very true-jesus had even said to turn the other cheek when someone hits you . but did that mean standing there and watching while someone hit a helpless woman or child ? god , i need help , alejo groaned out loud . i do n't even know how to talk with you . i keep thinking i need to go wash the right way before praying and prostrate myself on the ground . but here i am , without washing , not facing the right direction , just talking to you , slouched on a chair at some gringos ' house . but the chances of alejo meeting someone soon who could help him figure out who he was and why were pretty slim , since he and wara were in the middle of running for their lives . the funeral was over , and it was time for them to leave bolivia and go to alejo 's family , so they could all start their lives over . alejo realized that the phone was ringing somewhere in the house , one of those annoying , electric sounds that beeped through the air in waves . it finally shut up , and alejo leaned forward in his chair to peer into the room where wara had collapsed on the couch . she was still there , facing the wall , huddled inside the long sleeves of her black sweater . the phone started ringing again , only seconds after it stopped , and it was annoying as heck ."
265,20,"when the caller rang a third time , then a fourth , alejo 's adrenaline picked up . he rose from the chair on the balls of his feet , doing a quick sweep of vision around the windows of the house . nothing appeared to be out of the ordinary in the empty yard . he had already made sure all the doors of the house were locked . when the sixth , seventh , then eighth call came in , alejo had a sinking feeling that the caller might possibly not be someone looking for the bennesons . all the phones downstairs appeared to have been disconnected for the funeral , as the only ringing came from somewhere upstairs . just to be on the safe side , alejo decided to answer the phone . maybe he could just give some poor gringo directions and put an end to this . with a last glance at wara , he bolted up the stairs , two at a time , and across a parquet wood floor to where a cordless phone was flashing on a desk . alejo marched towards the desk and snatched up the receiver , punching the talk button . the cheerful voice on the other end appeared to be speaking around a mouthful of food . `` alejo , i 'm so glad you finally did me the favor of answering , che . i was beginning to think i was going to have to come over the walls and risk getting bit in the rear by that yappy white dog in there . those little poodle things can be quite mean . '' alejo 's blood chilled as he recognized the voice of gabriel . alejo moved in a crouch towards a plate window overlooking the quiet cobblestone street in front of the house . a small dog , white curls graying where its belly scraped the grass , was trotting calmly around the spacious front yard . `` oh , just outside the wall , having a snack . here , let me move a little bit , there , ok , do you see me ? '' a pale hand waved into alejo 's line of vision from above the thick concrete wall surrounding the house , and then all of gabriel came into view , backing up farther across the road so he was n't hidden by the wall ."
266,20,"a cell phone was plastered to one ear , and he squinted up at the window where alejo stood . `` i figured it might take you guys a while to come out , '' he said with a grin , `` but i really did n't feel like waiting any longer . it took me a little bit to get this number , though . '' `` how 'd you know the funeral was going to be here ? '' `` facebook , '' gabriel answered , matter-of-factly . `` you would n't believe how many friends this guy had . `` so how did you know we were in here ? '' if that were the case , a dozen ways he and wara could get out of here ran through alejo 's head . they surely would n't be so stupid , though , as to send only gabriel over to capture him . `` there 're all kinds of poky plants in that park across the street . i think they never cut the grass over there . i can see up to 1000 meters with these things , so that was plenty close enough . '' alejo saw gabriel , down below , pointing off to the park across the street , darkened with shady trees and deep green vegetation . `` anyway , i saw two people hiding on the floor of a van that drove in , and figured that was n't the usual way guests arrive at funerals . the rest , as they say , is history . '' `` so , '' gabriel continued , blithely , `` this is the way this is going to go down . benjamin is over at the hotel diplomat , where the deceased 's parents are in their room right now . there 's an empty office space right across from their big plate glass window , which has the drapes wide open , and benjamin has got all the equipment set up . if you do n't come out with the girl and come with me , he 'll have to take the guys ' parents out . '' now that he had chickened out about killing wara , they assumed he would n't let noah 's parents die in the middle of this mess , either ."
267,20,"`` i 'll come out , but i ca n't let you have wara , '' he told gabriel . `` i 'll go with you and talk to the khan . leave the parents out of this-they have nothing to do with it . downstairs , something hissed , smooth wood scraping across tile . alejo jerked , glancing out the window where gabriel was still on the street . the sound of a door banging echoed throughout the house and alejo panicked . the phone receiver crashed to the floor as he raced to the stairs and leaped down them , skidding at the bottom and sprinting towards the door . metal grated and he saw that wara had already opened the door that led to the street and was walking out like a zombie . the space between the house and the outer wall was wide , and alejo yelled , `` wara , shut the door ! '' as he ran across the grass to try to reach her . wara disappeared from view out the door , onto the street , and alejo dug up clumps of dirt racing after her . he pulled up at the open door in the outer wall and took in gabriel and wara , several yards away from the house next to a white delivery truck , staring at each other . gabriel seemed startled to see her , but then his eyes narrowed when he saw alejo . wara turned around so her back was facing him , holding out her hands to what alejo saw was a pair of handcuffs in gabriel 's hands . within two seconds , less then it would have taken for alejo to cross the space between him and his friend , gabriel had the cuffs around wara 's wrists and pushed her inside the delivery truck . he slammed the heavy door shut with a clang , then alejo heard a beep as gabriel pushed something near the door latch . numb , alejo started towards gabriel , unable to believe that wara had just disappeared into the truck while he just stood there . `` we 're friends , che , are n't we ? '' gabriel looked at alejo and shook his head sadly . his eyes flickered as if trying to read alejo 's expression , and then he sighed ."
268,20,"`` because we 're friends , you know that i have the door set to blow up if anyone but me , with the appropriate code , tries to open it . gabriel called louder , banging on the metal side of the truck . wara 's single word answer came flatly from inside . then she added , `` do n't do anything to noah 's parents . `` i have to take you back now , che , '' gabriel told alejo , and his voice was really pained . `` if we 're not there in another hour , benjamin gets to do his little op . so do n't try anything on the way , ok ? do i have to cuff you so you 're not tempted ? i know you could take me out like a fly . '' `` let 's go , '' alejo ground out , stalking to the passenger side of the truck and ripping open the door . he slid inside and closed it , waiting for gabriel to come around and stick the key in the ignition . without a word , gabriel revved up the truck , guided it around the corners of the peaceful neighborhood , then circled a round-about to merge onto a main avenue . `` i did n't want to leave all of you , che . '' alejo decided to start the conversation . there was probably not much time until they got to wherever the khan and the rest had hidden themselves , and there was so much he wanted to say . `` i always did what i believed was the right thing , what god would want . well this time , i could n't let her die . '' alejo knew gabriel understood who he was talking about . `` it was an accident that she was there . the right thing was to let her live . ''"
269,20,"`` that 's where i think you are wrong , '' gabriel stated firmly . `` when we were up there , i told you there could be people on-site who were unrelated to salazar , and you said , and i quote , 'then let them be collateral . ' gabriel cleared his throat and jerked the steering wheel to the right , leading them along a less traveled road towards the outskirts of town . `` i kind of freaked out a little , too at the idea of slitting her throat-not a pleasant idea for me , you understand . but there was no other acceptable option , che ! gabriel 's voice turned dark and alejo saw that he was gripping the wheel with white knuckles . we do n't even know if you have already tattled and gotten us in a heap of trouble . '' `` i do n't want all of you to get into trouble , '' alejo said quietly . `` yeah , well , then you should have not let your emotions get away with you and let ishmael take care of her . he ca n't trust you-and you 're the most important cog in the prism in the continent ! i do n't even think i could trust you anymore . '' gabriel turned his eyes on alejo for a moment , and they flashed the anger of betrayal . `` gabo , there 's a lot i have to tell you , and since this seems like it could be my last chance , knowing the khan , let me talk , ok ? '' alejo sank back into the vinyl of the seat and waved one hand as he said , `` i assume you still remember our trip to the tribal area ? all the bolivian guys , huddled up there near the skirmish zone ? '' `` yeah , '' gabriel nodded , `` with all that ? happened before i came home from pakistan , we never really talked about that . i thought it was amazing , so many guys ready to follow god . '' `` well i thought it was just plain wrong . the khan is offering these poor guys scholarships to study , and then they 're just being used as fodder for religious wars ."
270,20,"they 're being blown to pieces , and their families will never even know where they went ! allah loves the poor , so do n't you think it 's wrong to offer the poor a version of islam that will only get them fired up so that someone can send them off to be mujahedeen ? '' gabriel frowned , opened his mouth , then snapped it shut . finally he said , `` i ca n't criticize the men who know a whole lot more about our religion and pleasing god than i do , che . besides , what could be more pleasing to god then doing what those poor guys from the countryside are doing ? if they stayed here , they 'd live out their lives in poverty , never making a difference at all , not knowing god . but now they 're getting a chance to make their lives really count . alejo glanced sharply at his friend and then back at the road . `` well , i ca n't just accept what others tell me about religion , because i 'm responsible to god for what i do . the last few months i 've been reading the bible , and i 've decided it 's not corrupted . i 'm going to live like what it says is true , and that means following the teachings of jesus . '' gabriel hit a pothole in the worn gravel road they were following and swore , not even looking at alejo . `` if you believe all those books say , you are not a muslim anymore , '' gabriel sighed . adobe brick houses with scrawny chickens pecking the grass outside passed by the window , and overhead the truck was shaded by rows and rows of eucalyptus trees , lacy branches swaying in the wind . gabriel shook his head and then drilled alejo with a serious stare . alejo exhaled and leaned his head back into the seat . `` listen , che , you are like a brother to me . i wanted to tell you , but i knew if i said too much i 'd get kicked out of the prism and i might never see you again `` gabriel bit his lip and looked over at alejo , annoyed . `` che , i 've heard all this christian stuff before , ok ? i do n't need some man who made the insane claim that he was god to bring me close to god ."
271,20,"that 's blasphemy , anyway-i ca n't believe you would even ? whatever . '' gabriel wrinkled his nose , then said , `` the quran tells us everything we need to please god . why would we need some person to take away our sins ? we 're not unbelievers who do n't follow his laws . alejo 's heart felt heavy as he heard the last statement come out as an unsure hope . a picture flashed through his mind of gabriel and himself , lounging lazily on some park bench in the plaza on a sunny coroico afternoon , licking mocha ice cream cones and grinning at the little quechua girls who sang for coins in their red plastic buckets . alejo was going to lose one of his best friends . the chances of alejo surviving this next encounter with the khan were slim . alejo 's head buzzed , and his throat tightened as he turned to stare at the cows and tall white grass whizzing by outside the van . gabriel was silent , then jerked the steering wheel hard to the right , veering the delivery truck off the gravel road onto a narrower dirt path under a thick canopy of lacy trees . alejo knew where they were : pairumani , a country estate that had belonged to simon patio . patio had been one of the wealthiest men in the world during world war ii , making his fortune through tin . this house and its gardens and lands were his retreat from his mansion in cochabamba . farther along the path , a low waterfall gurgled along the edge of the road , running over mossy boulders . the tree canopy suddenly dropped away , opening up to the breathtaking sight of a spacious field under a sapphire blue sky , white fluffy stalks of wild grain waving in the gentle breeze . towering over the crops , two stately rows of ponderous palm trees lined a neat dirt road against a backdrop of mountain peaks , right up to an ornate metal gate that was the entrance to the pairumani estate . alejo raised an eyebrow at his friend , who only turned the truck towards the gate , frowning unhappily . when alejo had visited this place once before , the fields had been dotted with various volunteer students working on experimental agricultural projects sponsored by patio 's charitable foundation . a few mornings a week , the caretakers of pairumani opened its gates , with permission from the patio family who now lived outside bolivia , for tourists to visit the beautiful grounds . the fields were empty and seemingly overgrown and abandoned ; no uniformed guard waited near the gate ."
272,20,"inhaling sharply , alejo recognized those glinting eyes , malicious when they needed to be . sauntering over to open the gate , dressed in the olive uniform of a private security guard , was benjamin torres . alejo raised an eyebrow , bracing himself as gabriel floored the accelerator and the truck raced inside the gate . `` oh , no one uses this place anymore , '' gabriel shrugged . `` they have n't worked on those agricultural projects here in a couple of years , and the patio family is n't scheduled to come stay here for two more months . you know the khan-always likes to stay in style . it was either this or some dumpy hostel . gabriel glanced in the rearview mirror as benjamin shut the gate . alejo was peering out the window , looking for any sign of the rest of his team . `` they 're fine , '' gabriel waved away his concern . `` there were only three , and they 're tied up in a nice cozy room . they did n't see our faces , so after a few more days we 'll let them go and they 'll chalk it up to armed robbery . we 'll take a few little treasures with us to make it look authentic . '' alejo sighed and put one hand on the door , really anxious to get out of the car . his mind raced back to wara , still handcuffed in the back of the truck , and he tried to think how he was going to get her out of this mess ? again . he deserved to be here ; after all , he had broken the rules and it was only fair to have to pay . panic wanted to mess with his head , however , about wara . alejo tapped his foot compulsively against the floor of the truck , waiting for gabriel to park . benjamin had latched the gate behind them , and he and stalin stared solemnly at the truck as it drove slowly across the manicured lawn . alejo 's visions of gaining the advantage through his fighting skills died down as he saw what benjamin and stalin gripped casually by their sides ."
273,20,"two silver guns with silencers , glinting in the afternoon sun . alejo 's shoulders tensed and he waited as gabriel parked the truck in a cluster of a pomegranate trees . a few months ago the khan loaded me with presents and i was an honored guest in his house . last thursday , the guys and i were eating brownies in the caf together , ready for another day at work . images of the thousands of times alejo had prostrated himself to allah on the ground , barefoot , filled his mind , and he found his heart repeating the prayer , you are great , lord , you are great . he heard gabriel yank the key out of the ignition and saw him reach for the door . his friend hesitated , then turned to alejo with a pained look in his eyes . `` i shot wara back along the road , ok ? in a little while , i 'm going to have to take this truck out again . he grabbed gabriel 's skinny shoulders and pulled him into one of the manly bear hugs that only true latino men can share , then let him go . reaching back to rip open the tiny sliding door between the back of the truck and the cab , alejo said , `` wara ! then he pushed the little door closed and climbed out of the truck to whatever was waiting for him . stalin and benjamin were standing behind the truck , weapons obviously loaded and pointed casually in alejo 's direction . neither of them looked particularly happy ; in fact , stalin looked downright miserable . alejo nodded in greeting , then looked beyond them to where ishmael khan was waiting , sitting on a bronze-colored bench in the center of the garden , shaded by a lilac flowering tree . the rest of the neatly-trimmed lawn was dotted with giant bushes that were trimmed to be absolutely round in form , like ridiculous sea-green pincushions . behind the front yard , the imposing country house rose to the sky , painted cream with an opaque golden trim , windows framed by intricate colonial plaster designs . a stone path began near the house , leading to a shimmering pond with emerald waters and a circular wooden hut with thatched roof in the center of the pool . stately snow white swans glided on the surface of the water , skimming the scales of mammoth orange goldfish . the khan was calmly flipping through a book , which alejo recognized as his bible ."
274,20,"of course ishmael had found it in alejo 's tent . in light of alejo disappearing with wara , the bible must have only given the khan one more clue as to the reason for alejo 's desertion . benjamin 's eyebrows were raised at gabriel . gabriel waved away his concern and put one hand on his hip , crossly . `` if the khan wanted her here you should have told me beforehand , because it 's a little late now . she 's in lake alalay with a couple holes in her head . '' `` i told you it was n't about her , '' benjamin said to stalin , shooting an amused glance at alejo . `` there 's something else going on here besides just a sudden case of true love . he does n't seem to be too disturbed that she 's dead . '' stalin sighed , glumly , and alejo felt bad for him . stalin jutted his chin in the direction of the bench where the pashto man sat , and gripped his gun tightly , still pointing it at alejo . then , quieter , he hissed , `` how could you do this , che ? of course you know what you 've done ? '' alejo saw benjamin shake his head , face unreadable as usual , hand pointing the gun steady . `` so , you left the gringo couple alone ? '' `` as promised , '' benjamin 's mouth tipped up in a dry smile . `` that would n't have been an extremely pleasant experience for me . gabriel 's voice cheerily interrupted them . i 've got ta get my gun out of the truck . '' alejo let stalin and benjamin frame him and walk him towards ishmael khan ."
275,20,"he kept up the quick pace gladly , because every step took them farther away from the white truck that held wara . `` he asked for time off , '' stalin said tightly . `` he would n't admit it , but this whole thing had him upset . you 're an idiot to do this to us , you know that , che ? '' stalin continued , whispering , sweat trickling down his temple . then he fell silent as the three of them pulled up in front of ishmael khan , waiting with the bible across one knee and a gun and silencer resting on the other . 25 crimson wara was trying to muster the will to raise herself from sprawled on the truck floor in handcuffs to sitting , when a little window at the front of the truck slid open with a whoosh . `` do n't move , wara , '' alejo 's voice ordered . then , just as quickly , the little door closed again , followed by two slamming vibrations of the truck as gabriel and alejo apparently left it and shut the doors . her mouth was left hanging open , never having the chance to respond to alejo 's hurried instructions . his words rang in her head and she let her mouth snap shut , trying to relax and not make a sound from where she lay sideways , arms twisted behind her in the cuffs . wara could make out the sound of male voices outside , but they were muted and the sound did n't carry well through the metal truck . she ignored the burning in her arms , watching the dented white metal door . she expected the men to come bursting in any second , this time to kill her for sure . the truth was , at the moment the whole idea did n't scare her as it should . wara had just come from noah 's funeral , where she had seen his parents weeping over his coffin ; she was too numb to resist . the voices died away , followed by a few electronic beeps . something that sounded like rusting metal scraped painfully across both of the doors , and then a crack of daylight breached the darkened interior of the truck . squinting , wara made out gabriel 's narrow face , framed by a halo of light . he climbed into the truck , pulled the door mostly closed behind him and marched towards wara ."
276,20,"she cringed , but gabriel just squatted on the truck bed next to her and put a finger to his lips . he cautioned , throwing her a warning look . then the bombshell : `` i 'm letting you go . '' immediately on his feet again , gabriel strode to the back of the truck and grabbed a black duffel bag , which he unzipped . wara blinked at him , wondering if he was serious . she twisted her head to follow gabriel 's movement and then froze as she saw him yank a gun out of the bag . hands steady , he lifted a handful of oblong bullets from one pant pocket and began stuffing them into the gun . `` i ca n't believe i 'm doing this , '' he muttered , then whirled the gun 's chamber shut . gabriel bent down next to her again , glanced at the truck door , then whispered crossly , `` i told them i already killed you , so do n't make any noise unless you want me-and of course , you -- - to be blown away like poor alejo is about to be . '' wara 's head spun and unexplained panic filled her chest . `` i 'll be back pretty soon , i assume . when we come back , hide under those tarps over there if you want to live . i have to leave the door open or they might suspect . '' he grabbed wara 's wrists and unlocked her handcuffs . gabriel looked down at her from where he stood , face slick with sweat . alejo is in charge , but i 'm the one who put the explosives on the bus . alejo does n't know how to do that stuff . '' lifting his chin , gabriel turned his back on her and stomped back to the door of the truck , causing the whole vehicle to sway . wara felt sick , watching him go out of the corner of her eye . gabriel left only a small crack of light shining into the truck , and with the doors no longer tightly sealed , she could make out the voices from outside , louder and more intense ."
277,20,"wara crawled at a snail 's pace over to the crack of light and pressed her nose gingerly against it , trying to judge how far away she was from the other men . the truck seemed to be parked under a bunch of trees , and through the leafy branches she could make out a group of four men standing maybe fifty feet away . she recognized the three with guns from before -- -stalin , benjamin , and gabriel , who had just shocked her by saying he was not going to kill her . alejo , in the center of them all , was the target of all of the guns ' aim . sitting peacefully on a bench in the beautiful garden of pairumani sat the older guy with salt-and-pepper hair , wearing a navy cardigan sweater and pressed khaki pants , like the perfect gentleman . she had been here a few times on the weekend with friends , once with noah . the little wara could see of the pristine garden surrounding the mansion was empty , except for the small group of muslim men . she realized that she felt relief the martirs were out of the country , away from all this danger . but then her joy tempered as she thought , if they kill alejo , who will make sure these guys do n't find nazaret 's family ? wara blinked and everything in front of her shimmered . god , are they really going to kill him ? her hands shook and she kept them away from the open door , eyes glued to the scene unfolding outside . the man with the grandfather face-ishmael-was speaking accented spanish . `` stalin has been trying to tell me that this was a case of youthful indiscretion , that you were attracted to this girl ? '' alejo shrugged , appearing no more concerned then if they were discussing what color to paint the foyer . `` it could have been true , but that 's not what happened . '' his strong voice carried across the garden . `` i just did n't think it was right to kill her when god obviously let her survive . i caused something , and i 'm willing to pay the penalty for it . i had to do what 's right and try to help her . ''"
278,20,"`` well , now that 's all useless anyway , since the end result is that she is dead and the rest of us have all been quite inconvenienced . ishmael 's voice sounded sad and he stood up , walking to stand directly in front of nazaret 's brother . wara saw that the flash of metal in ishmael 's hand was a gun . `` you were a nephew to me , my own family ! the older man 's voice cut off as he glanced away , dramatically . `` in my life i have seen so much betrayal , so many that i could not trust . how can i stand this , that i ca n't even trust you , who have been like my own nephew ? `` i have n't told anyone anything the least bit useful to them at all , ishmael , '' alejo replied calmly , as if trying to reason with the other men . i do n't want anything to happen to any of you . all i did was try to take the girl away so you would n't kill her . i simply saw a situation where i had to do what i thought was right . '' this seemed to make ishmael very happy , and he raised both arms in the air , a smile plastered on his face . i do n't know why i should believe you , but i have known you since you were almost a child , alejo . so then , even now , we could talk , we could find a way to bring you back . then gabriel stepped forward , both hands steadying the gun wara had seen him take from the truck . his pale face was twisted but his eyes narrowed with determination . wara watched as ishmael 's face crumpled , then darkened , until he was left glaring at alejo with fury . whirling around , he grabbed an object from a bench nearby and the sound of ripping pages knifed through the air . wara squinted to see better , then realized it was the same arabic bible she had seen in alejo 's tent that night . the onion-skin pages were fluttering to the grass , torn by ishmael 's furious hand ."
279,20,"`` you would destroy a book that even the quran calls holy ? '' ishmael tossed the destroyed book over his shoulder and glowered at alejo , breathing heavily . `` when i heard you say you did n't mean us any harm , i assumed that my suspicions about you leaving our religion could n't be true . we found this in your tent , but i told the others that it could n't mean anything . '' the older man 's voice was hurt and angry . `` i wo n't believe it until i hear it from your own lips . `` i believe jesus is the son of god , the savior , '' alejo said . stalin looked up at the sky , as if in defeat , and benjamin shook his head . gabriel kept his grip tightly on his gun , staring at alejo , pallid . ishmael khan took three clipped steps forward and rammed the gun he held against alejo 's forehead with an echoing click . `` even with this betrayal , i wanted to take you back , alejo martir . say the word , and i 'll take you back again , to be one of us . say you will leave this blasphemy , that god has a son . say you will return to islam and no longer follow jesus . '' alejo looked back at him for a moment and then loudly said , `` no . '' wara had never seen one moment pass so quickly . alejo was on the ground seemingly before the shot even roared . wara stared in horror at the sickly crimson mist that hung over his body , crumpled on the grass . ishmael had n't even had time to lower the gun , and alejo was gone . wara looked one way , then the other , whispering frantically ."
280,20,"she forced herself to focus on the scene outside again . alejo martir was still sprawled on grass that was a deep crimson . and they are coming back here , to the truck , with his body . that next thought beat urgently against her dazed brain , and she tried to focus . gabriel and stalin were pulling alejo onto a gray wool blanket . ishmael khan wandered off towards a more shaded part of the garden . gabriel and stalin began to haul the blanket slowly across the grass towards the truck . something foul tickled the back of wara 's throat and she choked down the urge to gag . feeling faint , she crawled in slow motion under the canvas tarps gabriel had pointed out and tried not to move . with every breath she felt like she was making the whole truck tremble . the truck doors clanged open and someone grunted as the truck swayed . they were going to put his body in here . stalin 's voice echoed around her , crackly and breaking . `` the worst is over , '' gabriel said , sounding quite sick as well . we just do what we have to do , stalin . '' stalin hissed , tone suggesting he wanted to yell . wara heard a fist slam against the inside wall of the truck near the door . the floor bounced as they stepped to the ground and both doors slammed shut , leaving the truck 's interior in utter darkness . the sound of the two voices moved around the front of the truck , obviously still in heated discussion , and then the muffled sound of a door shutting and the truck roared to life . gabriel , or whoever was at the wheel , was driving like a bat out of hell , nearly throwing wara into the corner of the truck every time they took a skidding turn ."
281,20,"she supposed they were driving away to get rid of the body , and the thought was horrible . she had n't liked alejo much , but he was nazaret 's brother . somehow , in the middle of all this mess , he had saved her life . her stomach churned , complicated by the wild motion of the delivery truck . she kicked the heavy tarps off her body , desperate for fresh air . it was really dark inside the truck , and that was probably a good thing , because the thought of looking over and seeing alejo covered in blood next to her was terrifying . she slowly turned her head to one side and made out a still form next to her . they had left him there on his stomach , eyes staring at her in the darkness . his curly hair was wet and sticky and blood splattered over one ear and ran down his chin to pool on the wool blanket . she shivered and turned her eyes back to the darkened ceiling , breathing deeply . the sound of her gasping breaths echoed in slow motion around the interior of the truck , slow and rasping . then wara 's skin crawled as she heard a low moan , and the tickle of breath across her cheek sent her scrambling into the corner , arms wrapped around her knees . the shallow breathing continued , shuddering in slow puffs of air around the truck , and wara knew it was n't hers . she was holding her breath , heart in her throat . the truth came to her all of a sudden and she crashed forward onto her knees , palms spread out on alejo 's back . his shoulder blades shifted upwards , then fell . she waited for what seemed like an eternity until alejo 's back rose and fell again , a rasping , choking sound that sent millipedes racing up her back . wara threw herself down on her stomach next to alejo and whispered , `` can you hear me ? '' she forced herself to feel for the wound on his head , but could n't find any place where blood seemed to be spurting , nowhere that she could put pressure on the stop the bleeding . she was confused to find that she was crying ."
282,20,"i saw him shot point-blank in the head ! wara paused , imagining herself kicking the wall of the truck 's cab like a madwoman to get gabriel 's attention . stalin does n't know i 'm alive back here , and i do n't know how badly he wants me dead . and if either of them finds out alejo is alive , they could come back here and just finish the job . the vehicle spun to a skidding stop and two doors slammed . wara braced herself next to alejo , waiting like a deer caught in the headlights for the truck doors to open . time was up for any kind of decision ; they were coming back here . a scraping of metal , then the truck filled with shafts of light , filtered through shadowy eucalyptus branches waving over the truck outside . wara saw that they were stopped near the side of the road , still in the countryside . the two guys peered into the truck , expressions grim . wara blurted out , holding out a hand towards alejo and realizing it was smeared with blood . she scrubbed her hand frantically on her black pants . gabriel regarded alejo with pinched lips ; stalin 's mouth gaped open , taking in first alejo lying there , then wara next to him . `` i told stalin that you were back here , '' gabriel clipped . `` he 's a nice guy anyway , kind of a pushover . he noticed that alejo was still alive on the ground at pairumani . '' `` thank god he 's still ? we 've got to hurry , wara . '' `` we 're taking him to univalle hospital-it 's close to the lake where we 're supposedly leaving him , and then the khan is waiting for us at the airport . we 've got to hurry , or he 'll suspect . stalin blanched and turned away from the sight of his friend covered in blood ."
283,20,"gabriel snapped his long fingers , calling her attention back . `` when we get to univalle , we ca n't stay . we 're going to drop him and you and get away as fast as we can . invent something to tell the doctors , but do n't tell them the truth . if you tell anyone about us , the authorities and media will find out . and if they find out , the khan and everyone else will know you and alejo are not dead . gabriel had been speaking quickly but concisely . he suddenly slowed down and his shoulder sagged . gabriel waved his hand unsteadily at alejo 's lifeless form , then looked back at wara once more with tortured eyes . stalin said loudly , and then slammed one of the doors . the other reverberated like thunder as it too was shut heavily , and then footsteps running on gravel sounded outside . with a gentle jerk , the truck sprinted back into motion , towards cochabamba and life for alejo . an eternal fifteen minutes or so dragged by as wara braced herself in the pitch darkness , trying not to be thrown on top of alejo by the urgent driving maneuvers of his friends . finally , the delivery truck careened around a last corner and came to a screeching halt , causing wara to bang a shoulder against the metal side . running footsteps , and then the doors to the truck were opened , letting in florescent light from an overhead street lamp . the sun had already disappeared , and the sky was deep blue . `` univalle , '' stalin 's scratchy voice said , face etched with stress . he and gabriel leaped into the truck and began to carefully pull the blanket with alejo 's prostrate form towards the door . she nodded and scrambled up after them , leaping out onto what she saw was the sidewalk of the hospital . she had heard of this university teaching hospital , located near the poorer south of the city ."
284,20,"five tan , modern-looking stories rose out of an adobe house neighborhood , and the truck had stopped right in front of the main entrance . no one was visible at this time of night , but a guard shack just inside the entrance told wara that someone might soon appear to see what was going on in front of the hospital . gabriel and stalin heaved alejo and blanket to the ground as gently as they could , then whirled to face wara . `` go with god , '' stalin muttered , covering his eyes with his hands . then he dashed to the passenger side of the truck . gabriel was already half in the driver 's side , but leaned back to whisper , `` go ! the truck pealed away in a cloud of dust , rounding the corner at the end of the short street at break-neck speed . alejo 's ribcage rose shakily , then he gagged and shuddered into the wool blanket . here in the dim street light , wara could see the blood already starting to dry , plastered along one cheek , matting his hair . a hospital guard in a navy uniform stepped questioningly toward her from the shack , eyeing the form on the ground . she cried to the guard , then ran past him into the near-empty waiting room where she saw a door with large red letters : emergencias . yelling to anyone in sight , wara pleaded for help for the man who had caused noah 's funeral . 26 pale blue the pillow beneath her head was prickly with feathers , the pale blue cotton blanket meant to be soft and comforting . but wara shivered on the narrow hospital bed all night , sleeping barely a wink between nocturnal nurse visits and the constant beeping of the blood pressure machine . he was lying nearly motionless on the other bed in the hospital room , chest faintly rising and falling under a matching pale blue blanket . a thick ream of gauze was plastered around his head , covering the wound where the doctors claimed the bullet had narrowly missed his brain . but that was impossible ; wara had seen the gun pressed point-blank against the center of alejo 's forehead , then fire . `` for now your fianc is stable , but in a coma , '' dr. ortega had told her seriously last night , wadding used latex gloves in the pocket of his lab coat after emerging from the emergency room . remembering gabriel 's ominous words of warning not to let anyone find out she and alejo were still alive , wara had told the doctor she was engaged to the man who 'd been shot in the head . they were tourists here from the u.s. , and had been robbed at gunpoint in the country near pairumani ."
285,20,"dr. ortega looked at her over gold-rimmed glasses and rubbed the bridge of his nose with thick , hairy fingers . `` we 're not out of the woods , yet , by any means . the bullet 's shock waves could have serious repercussions . if your fianc would need brain surgery , there 's no way we can do it here . an airlift to chile or argentina would take too long . stay with him tonight in the extra bed in the room ; if he 's going to pull through we should know by the morning . '' and now it was morning ; crisp white light filtered in through the blue checked curtains of the hospital room . a matronly nurse in a tri-cornered hat and thick stockings was shoving a glass thermometer under alejo 's tongue and smoothing the covers over his shoulders . as if he would have been able to mess them up somehow ; nazaret 's brother was as motionless as he had been sprawled there on the ground at pairumani . dr. ortega had said that if alejo made it til the morning , his chances were better . wara sat up groggily on the bed and turned toward him , eyes stinging as she took in the bloodied bandage above one closed eye . i have to call the martirs , she realized . how could she tell them what had happened , that the son they had just found as a killer had been shot and could die ? feeling sick , wara ignored the matronly nurse with clogs and staggered wordlessly into the hall . clean white tiles spread before her , and the air was ripe with the scent of clorox and chamomile tea cooling on breakfast trays . wara stumbled to the silver elevator and punched a button to head down , desperate to get some fresh air . in the pocket of her black pants , she fingered the fat wad of boliviano bills she had removed from alejo 's pants before the nurses carried him into the emergency room . it should be enough to last for awhile ; for sure it was enough to make a call to the martirs ' cell phone in lima . the doors dinged open on the main floor , but as soon as wara 's eyes hit the lobby she nearly doubled over , remembering the scene last night when she ran across the tiles screaming for help . without stopping , wara did a one eighty and headed down the hall , towards the back of the hospital and away from the lobby ."
286,20,"plastic olive chairs lined the scuffed walls , filled with women in polleras and children licking suckers . wara eyed them all blankly , forcing herself to put one foot in front of the other , really hoping there was going to be a back exit to this hospital . and outside the exit , some quiet , grass-covered spot where she could curl up and wail , possibly until next week . it was still early ; the call to the martirs was going to have to wait just a little bit more . the creaky voice calling to her in quechua took her totally unaware . wara planted her flip-flops in the center of the hall and whirled around , eyes wild . the navy cardigan sweater and thin gray braids were nothing out of the ordinary in this row of quechua women awaiting the doctor , but the crinkled black eyes regarding wara immediately flashed familiar . doa filomena , the elderly lady who worked at caf amara ! wara felt her shoulders slump with relief and she took the few faltering steps over towards the older woman , overwhelmed to see someone from her old life . her old life , before the trip to coroico , before disaster . wara slowly leaned forward to grasp doa filomena 's forearm , mumbling the usual quechua greeting . the woman smiled , dispersing a legion of crow 's feet across her copper cheeks . `` i have been needing to have some tests done for a while , '' she was saying in quechua , `` and since the caf is closed today i am taking advantage of the time . '' caf amara , vestiges of another dimension . her voice faded to a whisper as she asked , `` why ? '' doa filomena 's rheumy eyes flickered , then she cocked her head to one side . they said you were on the bus as well , that bus that had the accident . this whole week we prayed for you , and that boy . what am i thinking , how could i forget that ! they said that you had been found and that you were all right ."
287,20,"but then yesterday i went to work , to peel potatoes and make the humintas , and they said that the caf was closed until next week , because they found that poor boy had died and gone to glory . '' i ca n't talk about noah , or i 'm going to throw myself into her arms and cry . and then she heard herself say something she never would have expected . `` doa filomena , can you please pray for another friend of mine ? '' the word 'friend ' was spoken rather tightly . the doctors think he might not live . '' doa filomena shook her head slowly , thin gray braids scratching her worn sweater . `` we must pray for this poor boy , too . sometimes , when i am not working , i come here to the hospital to pray for people . and if i can not come , i will remember to pray for your friend at church . '' wara felt some kind of relief that filomena would probably be waving her hands around and praying for alejo , because right now , she could n't . all she could do was sit there and watch him , to see if he would live or die . fighting back the bitterness stinging her throat , wara said goodbye to doa filomena and made a beeline for the back door of the hospital . an ample concrete square shaded by a balcony preceded the hospital 's delivery area , currently completely empty . filomena 's words echoed through wara 's head : `` they found out that poor boy had died and gone to glory . '' barely stifling a cry of grief , wara flopped to the ground behind a huge clay planter and curled into a ball . sometime in the afternoon , wara forced herself up from the ground . she wandered the dusty neighborhood and called the martirs on the brand new cell phone alejo had bought for them . she could n't call them on her own new cell phone , because the thing only worked for local calls . by the time she left the viva call center across from univalle , dusk had darkened to full-blown night ."
288,20,"few people passed the hospital on the unlit sidewalks . wara sighed deeply and headed across the street to the hospital , resigned to spend one last night here before joining the martirs in lima . yes , she felt bad for alejo ; he was up there all alone , life hanging in the balance . but he was n't hers to care for , not by a long shot . she needed some time , needed to be close to people she actually liked . the roll of red boliviano bills she had pilfered from alejo were more than enough to make it to lima . with her dark coloring , she 'd likely make it across the border on the bus without showing id . she had also called her parents again from the call center , and they would wire money to lima for her and arrange for a plane ticket back to the u.s. home . but now cochabamba seemed full of unknown stalkers and haunted memories . for the first time since she arrived in bolivia five years ago , wara wanted to go home . chest still tight with emotion , wara exited the elevator upstairs and turned towards the room she shared with comatose alejo . the halls were dim and empty and a faint , urgent beeping drilled the walls . wara swallowed hard , just as the buxom nurse from this morning pushed past her , practically tearing up the tiles in her white clogs . wara froze , then hurried after her with clipped steps , as the nurse dove into the open door where wara had left alejo . she ducked inside to find alejo convulsing on the bed and the blood pressure machine going wild . dr. ortega had his back to wara , punching a syringe into the plastic of alejo 's iv bag . five or six nurses in white were framing the bed , grim and sober . every single set of eyes flickered to wara as she entered , and none of the gazes were friendly . she asked stupidly , knowing they all must hate her for disappearing the whole day while her fianc was hovering between life and death . the nurse with the clogs snapped , then turned back to alejo ."
289,20,"dr. ortega 's face shone slick with sweat above a bushy black beard . `` it 's gotten worse , making him convulse . the only way to relieve the swelling is to operate . wara wandered closer , ignoring the cool glances of the nurses . alejo had stopped shaking and lay flat on the bed , face the color of white clay . she repeated , moving so close one hand touched the edge of the bed near alejo 's elbow . `` the bullet did n't enter his brain , '' the doctor said , speaking loudly over the frantic beep of alejo 's heart rate . `` but the impact still caused this swelling . his heart ca n't keep this up much longer . wara did n't even look at the doctor , but her face crumpled as she watched alejo . but her heart surged to her throat , vibrating with what she realized was compassion . she clutched the bed sheet with white knuckles . alejo 's heart rate accelerated further and his back arched . and then his eyes flew open , leaving wara absolutely shocked , staring into a sea of hazel . he was sitting , suddenly , gasping and leaning forward onto the pale blue blanket . the monitor 's beeping dove from a constant beep to deep electronic thuds . dr. ortega had flown to the bedside and was leaning over alejo 's shoulder , trying to support him . behind the gold-rimmed glasses , the doctor 's eyes were round and about to pop . `` his heart rate 's normal , '' he stammered . `` where did it ? what happened to the tachycardia ? ''"
290,20,"the nurses had drawn back and were gaping at alejo sitting up on the bed . it was weak and lop-sided , and looked out of place on his pale face . but the smile caused his eyes to spark , and he glued his gaze on wara , who gawked back at him , knee propped against the side of his bed . `` he told me i would n't remember your name . and he said we 're just supposed to go , and do whatever they say . and then the grin faded and alejo hunched farther over , as if just now feeling the pain traveling down the nerve pathways from his head . he moaned , leaning over onto his knees with head in his hands . the nurses rushed towards him , firm hands admonishing the patient to lie back down . wara forced her mouth to shut and backed up a few feet from the bed . she ripped her gaze away from alejo towards the doctor , who was still watching wide-eyed and incredulous . `` i ca n't believe ? i was sure he was ? dying . '' as if realizing he had just said that out loud , dr. ortega snapped his mouth shut and rubbed his temple . i 'd say we 're not out of the woods yet , after that little speech our patient just made . it 's to be expected with the brain trauma . '' that had sounded like a line out of terminator . a skinny nurse butted into wara 's line of sight , cutting off the conversation with the doctor . wara blinked , staying where she was as dr. ortega moved towards alejo and tried to check his sight . alejo was lying still on the rumpled pillow , eyes opened narrowly . `` i ca n't see anything , '' he answered . dr. ortega turned his head towards wara ."
291,20,"considering the loss of sight and that delirious talk , i 'm going to have the lab come up and do some more tests right away . '' when he woke up , wara thought , stunned . that grin , half-crazed but out of his mind with delight about something . `` it 's late , '' the doctor told wara . `` why do n't you try to get some rest , while we draw some blood for the tests . '' everyone shuffled out into the hallway , leaving wara alone with alejo , lying still and pale in the bed . staring at the ceiling and seeing nothing . 27 sapphire gabriel shara forced himself to eat breakfast that morning purely out of habit . his stomach was full of butterflies with razor wings and his hands tingled as he sat at the table near the large picture window in the kitchen . he was waiting for manuel , and manuel was not coming . gabriel realized that the hot water in his ceramic mug was getting cold , and he distractedly unscrewed the red plastic lid of the nescafe jar and scooped a generous heap of instant coffee into the water . he added two tiny spoons of sugar and a stream of cream , stirring it around without thinking . a tightly-sealed bag of crusty marraqueta bread had been delivered this morning and was sitting on the middle of the white lacquer table . gabriel extracted one of them , sliced it open with a serrated knife from the table , and began to spread regia margarine and strawberry jam on each side . as he bit into the chewy , warm bread , the thought crossed his mind : these are exactly like the ones my mom used to make , in the clay oven in the back yard . gabriel 's mouth twitched into a smile at the image of his fashionable , upper-class mother , standing in the backyard in a pink apron and huge oven mitts , waiting for the crust of the marraquetas to reach just the right texture so she could snatch them from the steaming mouth of the oven in the corner of their backyard . the shara family had maids and servants to do every kind of manual labor , but baking bread had been his mother 's hobby . gabriel thought it was in her blood , passed down from her arab ancestors who had baked flat bread in outdoor ovens in palestine . he sighed deeply at the memory of his mom . it stunk that she could n't know about his work , and especially about the assignment gabriel was on today ."
292,20,"it was such an honor that the khan had thought of him for this job . gabriel frowned in frustration and slowly chewed his bread , then glanced nervously out the window , watching for manuel . gabriel was waiting in a large , newly-constructed house on a high slope at the north of cochabamba , one of many rented by the khan 's foundation . no one else was here besides gabriel , and that fact was beginning to make gabriel sweat . he swore silently as he took a swig of nescafe and stood up again to try to see over the concrete wall surrounding the house and down the hill where a car could be coming up the cobblestone street . the morning was silent , except for the sound of a few song birds flitting around the coral and white flowering trees in the neighborhood . after the disastrous scene with alejo at pairumani and the subsequent rush to univalle , gabriel and stalin had made it just in time to the jorge wilstermann airport to meet benjamin and ishmael . until the moment that the men were to check in for their flight to asuncion , where they would meet lzaro after his three-day sabbatical and regroup , only ishmael had known that gabriel would be staying behind . as he clapped all his friends on the back good-bye , gabriel had casually explained that he had a contract for a job , and would meet them in asuncion after the weekend , inshallah . okay , so gabriel would n't carry out the actual mission today , of course . gabriel was the mastermind behind the whole thing , providing all the technical support . the client who had hired him was going to pay him a cartload of money . last night gabriel had stayed up much later than he should have , playing the violin much too fast while dreaming what he would buy for ambrin with the money . he was thinking maybe a trip to europe for the honeymoon , because what girl did n't want to go to europe ? in two more months , ambrin would graduate from nursing school and ishmael had said the wedding could happen after that . the whole idea was enough to make gabriel downright delirious . allah had given gabriel back his life that night in peshawar when his throat had been slit . what right did he have to just marry ambrin and go on honeymoon to paris and live happily ever after ? the world was full of people suffering , their daily lives full of misery . a good example was the people of palestine , where his grandparents had lived before immigrating to bolivia ."
293,20,"he probably still had relatives there , whom he had never met , trapped in what many considered the world 's largest jail . conditions there were abject poverty , as the palestinians had been forced off their land by the israelis and left with nowhere to go . they belonged to no country , thus had no passport and could never leave that place to study overseas or work . would n't allah be more than a little mad if gabriel just married ambrin and sat around drinking coffee with her in the mornings and laughing about all their kids ' cute little antics ? the thought caused gabriel 's stomach to churn . what if allah was n't pleased with his decision to live out his own desires and marry ambrin ? what if he would n't let him into paradise ? the taste of the fresh bread soured in gabriel 's mouth and he gulped down the last inch of coffee , then glanced once more at the window . the brick-colored stones of the street were still silent . he carried his dishes over to the sink , where later they would be washed by someone the khan hired to keep this place up . he dropped the margarine and cream off in the refrigerator , carefully tied up the bread in its bag with a perfect little knot . all the rooms of the huge house were absolutely silent , and the slapping of gabriel 's bare feet across the shiny black tiles echoed loud . he pulled a cell phone out of his jean pocket and punched in the number for manuel , holding his breath . he 'll probably answer and say that he is just pulling up to the gate any minute . he would n't be late for this , would he ? manuel choque 's family lived in a one-room hut of adobe out in the mountains around potosi his father had not been home since he was two . somehow , while packed into a classroom of seventy kids out in the countryside , he 'd been picked out as having musical talent . manuel had been given a full scholarship to attend the iranian-bolivian conservatory , founded five years back in cochabamba . the short , swarthy seventeen-year old was now a beautiful classical violin player , as well as a devoted muslim . when he was n't studying , he made a small amount of cash playing at concerts and parties ."
294,20,"he also took occasional jobs playing at upscale restaurants , who requested musicians from the conservatory . today , beginning at 12:00 , manuel was to play at a luncheon . on his way to the job , manuel was to stop here at the house , to take care of some vital matters with gabriel , who had prepped him for this day in several important meetings . as the cell phone kept ringing , gabriel pulled the phone away from his ear to check the time . how could he be late , today of all days ? he 'd said he wanted his life to mean something . sighing crossly , gabriel hung up and redialed . as the ringing began again , he padded across the wide entryway into a room that lay behind a heavy wooden door . he pushed it open and strode over to a thick table , glancing for the hundredth time that morning at his creations from the past twenty-four hours of work . in the corner of the room , boxes of explosives and electronics were scattered , like a kids ' legos dumped out onto the tiles . the contents of gabriel 's tool boxes were sprawled across the dusty black tile of the floor , signs that a madman/half-genius had been at work , putting together things from raw ingredients with the inspiration of an artist . but the most important item for today 's mission was laid out on a crude wooden workbench , awaiting the arrival of manuel . gabriel 's violin was also resting on sapphire velvet in its case on a clean work table . he almost choked up , seeing the instrument and remembering last night , how he 'd played for ambrin and dreamed of europe . i 've slept in so many strange places like this house , that are home to no one ; full of generic dishes , fresh instant coffee , and beds that are always mysteriously made up with clean sheets by some unknown hand . but as long as i 'm with my violin , it feels like home . gabriel pressed his lips together as the cell continued ringing , now for the fifth time . he felt a little faint as it occurred to him that manuel was not coming . how could he not understand how important this is ? gabriel slammed a fist into the wooden doorframe and leaned against it , breathing heavily ."
295,20,"manuel , how dare you chicken out on me ! there was n't much time , and he really needed to think . the only way near the targets was as the musical entertainment , sent by the conservatory . and the iranian-bolivian conservatory had lined up manuel , per gabriel 's instructions . this is so important-i was so sure this is what allah wanted ! how can we let this opportunity slip away , just because manuel did n't show ? but without him , there 's no way to get close enough to the targets . gabriel blinked as his eyes fell upon the honey-colored wood of his violin , resting on top of sapphire velvet . i can replace manuel , tell them the conservatory sent me . when they hear me play , there wo n't be a single complaint . for a moment he felt a little woozy , the only thing holding him back a memory of deep , sapphire blue eyes framed by a lilac veil in a beautiful garden in pakistan . steeling himself , gabriel knelt , then prostrated himself on the ground , feeling dirty and unclean , knowing he had not washed himself properly for prayer . if only allah could forgive him this one time , in this hour of greatest need . unbidden , the scene from pairumani flashed through his mind : alejo , who had always cared about him , dead because he had refused to return to allah . the bile of that betrayal threatened to rise up gabriel 's throat , along with crazy sorrow over losing his friend . but greater than that was the concern that squeezed gabriel as he remembered his own betrayal : he had lied to the khan and let that girl go , out of pity . she could cause all kind of damage to the cause of allah . gabriel turned his hands up towards heaven , supplicating , then closed his eyes . he waited there on the floor , hoping for wisdom , feeling the burden of pleasing allah pressing him into the ground . then he clenched his jaw , sure , and climbed to his feet , staring at the workbench ."
296,20,"i should never have trusted manuel to do this . with deliberation , gabriel unbuttoned his shirt and threw it on the floor , feeling the chill of the morning air on his bare chest . the violin would be going with him , just as it always did to every place he called home . 28 fiery wara woke in the morning to luke-warm anise tea on a breakfast tray next to her bed . she slit her eyes and saw alejo martir sitting cross-legged on the other bed in the hospital room , staring at nothing , wearing sweat pants under a blue plaid hospital gown . she really did n't want to open her eyes . last night the doctor had ordered a lot of tests , but of course it was because of the gun shot to the head . the only thing that convinced wara to sit up in bed was remembering that today she would get away from this place and be on her way back to see the martirs , then to the u.s. she tried to swing her legs over the side of the bed but her head spun like a ballerina practicing pirouettes . her eyes felt like sandpaper and her nose still felt like it was stuffed with cotton . thank god , dr. ortega said it was n't actually broken . wara slapped at the cooling mug of tea on her tray and gulped it down , shuddering at the sickly sweet brew . alejo heard the clatter of ceramic on the table and turned towards her , expression pained . he was blind and rather out of his mind . wara frowned and slumped back into the headboard , remembering the silly grin of yesterday and alejo 's rambling about two something coming for us . alejo sighed and tried to smile towards her , but it was a sad smile . `` the tests from yesterday show the swelling is down . dr. ortega came in while you were sleeping . guess it 's supposed to take three or four days for the swelling to die down . from the way he said it , i think he 's just trying to be nice . '' wara winced and forced herself to eat two round maria cookies from the white china plate next to the anise tea ."
297,20,"she was wiped out , barely keeping herself together . `` it sure was awful watching your blood splatter everywhere , and i 'm sorry all your friends just sat by and watched ? '' she had already talked with alejo a tiny bit last night , when just the two of them were left alone in the room after all the lab tests . he remembered being shot and was obviously relieved that wara was alive and well . wara filled him in on how stalin and gabriel had saved his life by dropping them off here at univalle . there really was n't much else to say , was there ? `` i 'm going to lima , to see your family , '' she announced , watching his reaction while breaking another maria cookie up into tiny little bits . yesterday i found out the bus is leaving at six . '' alejo 's face was impassive as he said he agreed with her decision . wara slowly fed herself bites of cookie , willing the day to go by quickly . they spent the next three hours watching tv . the afternoon news began by the time a nurse brought a late lunch of white rice and chicken . alejo fumbled with his fork at his plate , then froze and snatched the remote off his lap , stabbing buttons to turn up the volume . he ordered , straining to hear the blaring voice of a female announcer . wara turned her eyes to the small tv and nearly spit out a mouthful of sticky rice at the sight . it was a building on cochabamba 's prado avenue , and it was burning . alejo was leaning towards the television , knuckles squeezing the life out of the remote . `` ? at around 12:30 today , '' the announcer was saying . `` there have been reports of an explosion , followed by these images of fiery destruction you are now seeing at the hotel diplomat . '' the screen cut to the picture of burning building again , towering over the busy prado avenue , flames licking the clouds ."
298,20,"boiling black smoke poured towards heaven . wara gaped at the tv , not able to believe that the sleek hotel she had passed hundreds of times was now this burning wreck . noah 's parents had stayed there , but were scheduled to leave the night following the funeral . wara felt sure they had n't stuck around a single minute longer than necessary . on the news they said it was an explosion . she cut her eyes over to alejo , whose lips had condensed into a grim , pale line . the female announcer was back again , in a low-cut mauve suit coat and braided gold earrings that hung to her shoulders . smoky eyeliner made her eyes pop from a flawlessly tan face with salmon-colored cheeks . `` many of the hotel guests , '' she continued gravely , `` were able to escape the building through stairs at the back , and the hotel bar and restaurant seems to be the hardest hit . while we will have to wait for a final count , there is sure to be a great number of lives lost in this tragedy . initial estimates for the death toll are between sixty and seventy . '' wara 's stomach clenched and she saw the silver fire again , spinning over her head as the bus hurdled down the ravine , taking noah with it . she staggered to her feet , bumping the lunch tray and sending cool tea splashing over the rice . i 've got to get out of here , she thought in a daze . even the bus station was sounding preferable now than staying here and watching this . the news reporter was receiving a note from an off-screen hand and continuing in all her mauve , low-cut glory . she drew back and frowned at the small note , then raised dark eyes to the camera . `` we are just receiving word that we have confirmation of the identities of two of the men who were killed in the hotel diplomat this afternoon . their names will be released later , but we do know they are a deputy minister in israel 's ministry of defense and the israeli ambassador to the united states . '' wara 's eyelids fluttered as alejo muttered under his breath ."
299,20,"`` the israeli men had come to bolivia for negotiations with the government to reopen diplomatic relations . bolivia and israel have had no diplomatic relations since 2008 , when president evo morales cut off relations over the actions of israel in the gaza strip during the 2008-2009 war . she stammered , eyes searching his even though she knew he could n't see her . `` i know nothing about this , '' he stated each word slowly and clearly . but it was obvious that something about the bombing had him upset . wara lowered herself back onto her bed shakily . she yanked the blanket over her head and curled up in the bed , trying to block out the sounds of the news reports about flames and death . 29 turquoise the bus station was packed , a writhing mass of bodies and battered suitcases . wara filed outside through the appropriate gate , trying not to hyperventilate at the sight of the red double-decker bus she was supposed to board . she climbed up the bus steps and easily found seat 22b , weak-kneed with relief that it was nowhere near where she and noah had sat on the bus from coroico . wara smoothed her finger over noah 's ring , then leaned back into her seat and closed her eyes . she had left alejo sitting morosely on the hospital bed . he had refused to say anything else about the hotel diplomat , but the way his jaw was set announced that the news was n't good . from somewhere inside wara 's pocket , her cell phone rang . startled , she dug around and managed to pull out the small , cheap phone alejo had bought her at the hostal salta . nazaret , calling to see what time i 'll be arriving , she assumed . but it was n't wara 's friend 's voice that answered on the other end . the only other person who has my number . she covered the mouthpiece of the phone with her hand . alejo 's voice faltered , and for a second wara thought he might cry ."
300,20,"then he said what she never expected : `` i can see . wara nearly dropped the phone , astonished . fumbling for words , she finally managed , `` you mean your vision came back ? alejo 's voice was racing , and his sentences all ran together . `` a woman , an old quechua woman , came here an hour ago , to pray for me . she said she knows you , and you told her to pray for me . '' heat spread down the base of wara 's neck . well she came to pray for me , in quechua . and then i blinked , wara-just the blink of an eye . i opened my eyes , and there in front of me was this wrinkled old quechua lady in a pollera , praying her heart out for me . i could see her , the hospital room with the blue curtains -- -i can see again , wara . '' wara gawked at the cheap gray phone in disbelief . she heard a loud bang beneath her as the baggage compartment door was slammed shut . any minute now , the long bus would be pulling out of the station and wara would be headed to lima . `` wow , '' she muttered , but alejo did n't even seem to hear her . his voice was still shaking , and he was obviously elated . `` the other day , when i woke up , i saw something , '' he said . he told me that he was sending two people for us , and we should go with them . '' `` he talked to me about you , too , wara . '' alejo hesitated , surely knowing that his chances of convincing wara of this were very slim ."
301,20,"`` there 's something god 's going to show us . she did n't really like him , and she did n't really trust him . but he was claiming to have had a vision from god , that two people were coming to show alejo and wara something . and he had a miraculous healing to back it up . `` but i ca n't just ? i need to go to lima . '' the excuse sounded weak in wara 's ears . wara felt a quiver as the bus began to back up , inching its way out of its narrow parking slot , curving backwards . a crazy urgency filled her chest and she stood up , nearly smashing her head on the ceiling . `` i 'm coming back , '' wara said into the phone , then closed it tightly . she staggered down the aisle , ignoring the curious glances of the other seated passengers . there was just one thought ransacking her brain the whole time , speeding her heart into overdrive . wara exited the silver elevator on alejo 's floor at univalle , tiptoeing across the polished tiles . the nurses ' station was silent and empty ; a phone rang insistently on the desk , but no one ran to answer it . she inhaled raggedly and pushed open the heavy wooden door to the room she had left just a few hours before . wara immediately noticed that doa filomena was gone , but two strangers clustered around the hospital bed . one was a tall , lanky guy with broad shoulders and a narrow waist , buzzed sandy brown hair , and a hooked nose . at the other side of the bed stood an attractive lady , older than wara , with two short black braids and fair skin . they were both dressed in cheap clothes and black rubber flip flops with a healthy coating of dry mud . as wara drew up next to them , the woman was pulling off the last of alejo 's bloodied bandages . his hazel eyes flickered towards her as she entered , and she immediately knew he could see her ."
302,20,"that crazy grin spread across his lips as he said , `` i can see you , wara . '' she gaped back at him , still not quite believing this . `` well , i was about to , but then i got some more visitors . alejo 's eyes shone , and wara stared , speechless . the two people who were making themselves at home in the room seemed as happy about alejo getting his sight back as he was . the two just stood there , nodding and grinning as if there were nothing strange about a man getting his sight back by the power of god . the man with the wide shoulders and military haircut clapped alejo 's shoulder with slender fingers . his eyes drooped slightly , but the corners of his mouth were lifted in a smile . wara nodded dumbly , still struck by the fact that there were two of them . these were the messengers alejo had been told about ? `` we would like you and alejo to come with us , '' the strange man was addressing wara . `` there 's someone who would like to talk with you . alejo told me that both of you are believers in jesus ? the man who wants to see you is a believer as well , your brother . but if you will come , we have to hurry . the stout woman with the two braids turned towards wara , and she found herself looking into deep eyes the color of chocolate , rimmed at the edge with a touch of turquoise . wara noted that her spanish was accented , as was the man 's . instinctively , wara 's gaze flew to alejo . it was because of him that she was standing here in the middle of this craziness . the two visitors grinned a little , and the woman motioned towards alejo ."
303,20,"wara took a few steps forward and saw that she was pointing to the spot where alejo 's bandages had been , the wound from the bullet . wara 's eyes popped to see that where alejo 's curls were shaved away there was only healthy , mocha-colored skin . `` is this the first time you 've seen a healing ? '' the man asked , turning towards wara with that lazy half-smile . she nodded mutely , and he nodded back at her kindly , as if to say , we all have to start somewhere . time to change , '' the woman ordered , guiding wara forward with one hand on her back `` both of you , in the bathroom . we paid about ten patients to keep the nurses busy , but we should hurry . '' wara felt very hot , sure sweat was dripping down her backbone under her t-shirt . `` you , over here , '' ms. braids motioned wara towards one of the bathroom corners . `` we 're going to get you into some clothes like ours , so we wo n't stand out on our little trip away from here . '' glancing behind her , wara saw alejo pulling off his shirt to change in the opposite corner of the bathroom . `` neither of you turn around , '' braids snickered at her . at lightening speed , the short woman helped wara strip out of her old clothes and pull on faded sweat pants , a bulky , worn beige sweater , and black plastic sandals caked in mud . with crisp efficiency , she then bundled wara 's hair on top of her head under a floppy-brimmed white hat with an attached black braid that tickled wara 's waist . hands gripped wara 's shoulder and spun her around to face the men . surreally , alejo was sporting a greasy baseball hat , ratty dress pants , and the ugliest homemade sweater wara had ever seen . he did a double take , then blinked at her a couple times . `` you look like mariana condori ? she used to sell us fruit in the quillacollo market when i was a little kid , '' alejo said . `` you look like a nice couple of working class folk , headed home after a long day at the market , '' the tall guy said . he followed them out of the bathroom , stuffing their discarded clothing into his ripped plastic market bag on the way ."
304,20,"she jogged after the rest of them , feeling the long fake braid slapping her back . she followed the three others into the hallway , which was still eerily silent . with each step , her cheap plastic sandals squished noisily across the tiles . at the end of the hallway , a fat metal door blocked their path , secured with two golden padlocks . `` keep your face turned to ten o'clock , '' said broad shoulders . wara started , then noticed the security camera in the corner facing the door . patients in bolivia were n't allowed to leave the hospital until the bill was paid in full , a process that could take a full afternoon of paperwork . wara drew a deep breath and followed the others in approaching the door while facing the opposite corner , away from the camera . out of the corner of her eye , wara saw braids extract something from her pocket . she jammed it into the lock , wiggled , and the padlock released with a soft pop . the other one yielded to her touch within another thirty seconds , and broad shoulders removed the two padlocks and slung them over a bar on the door . `` and now we go out , '' he said , and wara followed him outside into the cool darkness of the andean night . `` ok , take the stairs on your seats , '' braids instructed , and wara sat on the cold concrete steps , eyes wide , imitating the others as they scooted down three flights of stairs hidden from the front hospital patio by the concrete wall . the murmur of conversation and screech of guard whistles rose around them . wara pressed her lips together , really beginning to wonder why they were scuttling down a side stairway of univalle as if this were some sort of jailbreak . `` stop , '' shoulders whispered , and wara froze in place next to alejo near the bottom stair . he glanced at her in the darkness , and she saw a flash of red light reflect off his irises , then bounce on the concrete wall opposite the last stair . a siren beeped , then hushed , and alejo 's eyes narrowed . wara began wondering if she should be worried . `` they wo n't recognize the four of us together . ''"
305,20,"braids turned around , crouching on the stairs . `` the police car is parked just around the corner . '' `` we 're just people who came here to visit sick uncle marco after a long day of work in the market . on three , we all stand up and walk towards the street . heart drumming in her chest , wara tried to rise quietly to her feet and follow alejo and the two , trying to imagine what someone might possibly be feeling who had n't just picked two padlocks and escaped from a bolivian hospital with two complete strangers . they rounded to the front of the hospital and past two olive green police vehicles , red lights periodically flashing in the night . no one tried to stop them as they passed through the hospital gate and onto the dimly lit street . the two strangers broke pace next to dented white toyota corolla . wara slid in next to alejo , disturbed as she suddenly remembered that less than forty-eight hours ago alejo had been sprawled on the gray blanket , bleeding , in front of this very hospital . it was very weird that he was now outside , leaving , in a car with total strangers . `` so , you can see now , '' she eyed him nervously . `` but are you sure you 're ok to leave the hospital ? '' `` i 'm absolutely wonderful , '' alejo flashed that white smile that could only remind her of pastor martir . it 's as if i 'd never even been shot ! '' she leaned back into the gray vinyl seat , gripping the fraying edges as shoulders leaped into the driver 's seat and whipped away around the corner , braids riding shotgun . are these real people , or could they actually be angels ? wara 's thoughts were running wild as she stared at both of them in the front seat . 30 blond they ditched the white corolla at a gas station and continued on motorcycles , the mysterious strangers , wara , and a guy who an hour ago had been blind . for thirty minutes they rode out of the city , then turned off the main road to follow a rugged path cut through a cornfield . the motorcycles ' headlights cut through the heavy darkness of the cornfield under the stars ."
306,20,"just when wara was afraid she would n't be able to hang on to alejo 's back any longer , the wispy tendrils of chaff fell away quickly from their background against a slate blue sky . they had arrived in a clearing , and in the pale moonlight wara could see a large , two-story house , built completely out of wood . sometime along the way , the tall man with the hooked nose had introduced himself as tabor , and the woman as sandal . tabor parked his motorcycle next to a giant eucalyptus tree near the house and he and sandal climbed off the bike in exact synchronization . alejo pulled up next to them and turned the key , leaving the four of them in the shadows of the tree , in silence . wara slid off the cycle first , hiding a wince at how her legs ached after having been bowed for so long . alejo was still wearing that half-loony grin , ecstatic at being able to see again and having his vision come true . he sobered a little at the sight of her pinched face , as if just now realizing she might possibly be scared half to death . `` you 're brave , '' he said to her , startling her into a slight smile . he waited for her , and the two of them walked side by side after sandal and tabor towards the looming house . the rough , unvarnished door was made of a blond wood and had been left cracked open , as if expecting visitors . wara shivered , staring at the house and the wood door . i 'm sure he 's really anxious to meet you , '' sandal said , waiting for wara to walk past her through the door . she met wara 's eyes with the hint of an encouraging smile . the spacious room inside the house was a stark contrast to the blurry darkness outside . this room was filled with light , blazing from a small chandelier formed from deer antlers . in the far corner , several brown leather couches clustered under woven tapestries with the familiar designs of quechua children and snow-peaked mountains . with a start , wara realized that there was a fifth person in the room , nearly camouflaged against a plain wooden wall to her left . he was wearing brown slacks and a tan button-down shirt , with wool slippers . he looked about sixty , a little paunchy , with balding brown hair and a bushy mustache ."
307,20,"ice blue eyes observed alejo keenly , then drifted over to wara . there was no accent to the man 's spanish , despite his very un-bolivian appearance . alejo remained standing close to wara , on a coral-colored rug in the center of the room . `` hello , '' he said , hands loose at his side . both men watched each other for a moment , sizing each other up . the older man 's cool blue eyes crinkled around the edges . `` my name is rupert cole , and this is my home . you have arrived at an ostrich farm . '' mr. cole seemed to expect the surprised looks on their faces , and he chuckled . `` if you decide to stay awhile , in the morning i could give you a tour . but for now , my job is to make sure you are n't spooked and run away . mr. cole looked over towards the door , but the two who had come to the hospital were already gone . `` oh , they 'll be back , '' mr. cole assured wara in a tone that told her he had read her mind as she wondered if they had been angels and disappeared into thin air . `` i 'm sure they just went to change out of those clothes . i do n't have your names , '' mr. cole told them quietly . alejo held out his hand as mr. cole reached forward to shake it firmly . rupert 's eyes crinkled slightly again . rupert 's gaze fell on wara , and she slowly pulled the hat and fake braid off her head , leaving her own hair falling in disarray around her shoulders . `` i 'm wara cadogan , '' she told him smally , shaking one thick , rough hand with her own . rupert motioned them towards the brown leather couches ."
308,20,"the reason you 're here is because i have a job offer for you , which i 'll tell you about when you 're ready . but for now , i really want to help you , however i can . i know things are a little up in the air right now , to say the least . i work for an organization that can help . '' wara followed alejo in taking a seat on the couch , across from rupert cole . alejo regarded the older man calmly , face giving nothing away . now before you laugh , it 's not like this happens all the time . this is only the third time god showed me something in a dream . '' wara crossed her arms and leaned back into the cool leather of the couch , feeling a little out of her element . after all , he had known they would be coming here . `` so , what i saw was a man with a gun against his forehead . alejo nodded a little uncomfortably , probably remembering the scene at pairumani . `` and yet here you are , '' rupert waved one burly forearm , `` at my house , safe and sound . i saw you being carried into the hospital , and a girl with dark hair and a star over her head was standing near the door , crying . i saw the sign on the hospital : univalle . i was about to follow you inside , alejo , when a man grabbed my arm and said , 'they will look for him because of what happened to the bus . ' now in my dream , i understood exactly what he was talking about : the death road bus accident . rupert 's calm gaze searched alejo 's face , which had grown very serious . `` it was n't an accident , '' alejo admitted in a low voice . `` my brother robert cole works at the embassy , and took a call from a man who talked about that bus , and told him the american girl was still alive and with him ."
309,20,"`` listen , '' he sighed and continued lowly , `` the truth is , the both of you are in a heap of trouble , and i believe i 'm supposed to help you . from the little i know , you , '' he jerked a thumb in alejo 's direction , `` are in a lot of trouble . you 've broken bolivian law and , i assume , have people from your organization after you . and you , '' rupert looked at wara steadily but kindly , `` are in trouble because you know things you should n't know and have seen things that no civilian who was just riding a bus should have to see . neither of you can just go back into your old lives , just show up in society as you were . rupert heaved a sigh and then said , `` there 's a reason i sent tabor and sandal to get you out of that hospital so quickly after my dream . i was relieved to see your faces here in my living room , because i wondered if i would get to you in time . come with me , both of you ; there 's something i have to show you . '' alejo and wara wordlessly padded after rupert cole across the hardwood floor and through a darkened doorway . the older man flipped on a light , revealing an office with blond wood walls and multiple low bookcases painted a very ugly burnt orange . a tiny black computer desk sat under a picture window that really needed washing . rupert plopped down on a chair in front of the extra-wide flat screen . `` have a seat there , '' he told them quietly , motioning to two comfortable-looking plaid swivel chairs a few paces behind him . they obeyed , and wara watched as rupert pressed his thumb against the blank computer screen and said a few numbers out loud . immediately , the computer whirled and came to life , showing a background with a gray generic windows drawing and two small rows of icons . sandal and tabor were back , having changed out of the tattered clothes from the hospital . they waited in silence at the back of the office , arms crossed in front of their chests . `` i apologize in advance , in case this is upsetting . '' wara assumed rupert was talking to her . `` i know about this video from my brother who works at the american embassy , robert ."
310,20,"it was posted on youtube , but of course has already been taken down . but the embassy has a copy , i have a copy ? who knows who else has this . '' rupert scooted his chair to one side , glanced back at alejo with very serious eyes , and then the pixels of color on the wide computer screen came together in the image of a young guy with a reddish goatee wearing black against a background of a large black , white , and green stripe with a red triangle . the flag of palestine , was the first thing wara thought as she frowned at the large flag . then her blood ran cold as it registered that the lanky , blond guy standing there was wearing a long-sleeve black shirt underneath a layer of explosives and wires encasing his chest . the young man stood in front of the flag in a black woolen sailor 's cap , wearing the explosive vest in a very matter-of-fact fashion . instead of brandishing a long machine gun , as was the typical image wara had seen of suicide bombers , he was gripping a violin over one shoulder , standing still for the camera . wara started when she heard alejo fly out of his chair , biting back a loud curse . his face was contorted , and he kicked at the swivel chair with one violent motion , clenching his fist . heart spiraling down to her toes , wara turned back to the man on the screen and realized that it was the same pale gabriel who had left her at the hospital . she gripped the armrests of her chair tighter . gabriel was repeating a prayer or verse from the quran in arabic . when he finished , he looked into the camera almost curiously and said , `` first i would like to send a message to my parents . dad , you were wonderful , and i thank you for your example . mom , i pray that allah will grant you the grace to continue to be a faithful believer despite all the trials . you know that allah will reward me with paradise , and i will be there , waiting for both of you . mom , i will especially be waiting for your good cooking . '' at this point , gabriel 's lips twisted into a wry smile , and his green eyes searched the camera . `` i do this as my jihad against the cause of injustice , against those who maim and kill god 's people in palestine and around the world . '' gabriel looked at his violin a moment , reflectively , and then continued , `` i am not a tough warrior or a soldier ."
311,20,"but with this my weapon , my talent that allah has given me , i fight for his cause in the world and thus win his favor for paradise . '' gabriel quoted a verse from the quran , in spanish : `` allah has bought from the believers their lives and their money in exchange for paradise . thus , they fight in the cause of allah , willing to kill and get killed . such is his truthful pledge in the torah , the gospel , and the quran - and who fulfills his pledge better than allah ? you shall rejoice in making such an exchange . alejo was back in his chair , leaning forward , pleading . but of course everyone realized that he already had . `` i have always been a faithful muslim , '' gabriel 's eyes bored into theirs from the screen , `` except for a few indiscretions where i allowed my heart to get ahead of my faithful service to allah . for that , i offer my life now in jihad , against the injustices of the world and against the unrighteousness in my own heart . i pray allah will purify me by fire and accept me into paradise . '' wara struggled to inflate her frozen lungs . had gabriel thought he disobeyed god by letting her and alejo go ? `` i know that certain people will be very ticked off that i did this . '' gabriel 's mouth twisted wryly again , and he lowered the violin to his side . `` but please know that i really cared about you all , all of my friends , and am thankful to have enjoyed so many good memories together . i 'll miss the brownies , the trips , all our conversations over coffee . but then again , i may not miss them at all . i think that in paradise all those things will fade into memory , because i 'm sure that life there is pretty good . '' gabriel lowered his lashes , then looked up and started to walk towards the camera . `` this was a very strange video of this type , i know ."
312,20,"i 'll be waiting for all you guys , so please do n't disappoint me , ok ? '' he disappeared to the side of the screen , leaving for one moment the view of the huge palestinian flag , hanging in silence . then the video was cut , and the only thing visible was an advertisement from youtube . alejo was bowed over onto his knees , sobbing . wara was stunned to see stern alejo sitting there , crying like a baby . `` i thought that you might know him , '' he said in a gravelly voice . `` of course , this is what happened to the hotel diplomat this afternoon . i also have a video taken from a camera phone found in the rubble , of the actual detonation , which you will not be allowed to see . '' wara sucked in a deep breath , fighting nausea . `` the embassy was n't really investigating anything after the phone call you made , not yet . but with these videos , the investigation starts for real . the u.s. , bolivia , and israel will be combing every corner to find out who the man in the video is , and who is connected to him . '' it could have been wara 's imagination , but rupert 's blue eyes seemed a little misty and his face wore the look of a man who had lost many comrades in his day . `` i -- -i think i need to go to lay down , '' wara stammered , standing up shakily and facing sandal . `` can ? is there a room here where i can sleep ? '' `` of course , '' sandal understood perfectly . feeling faint , wara left the office and the sound of alejo 's tears . 31 plaid alejo woke the next morning with a cool breeze rustling the gauze curtains and caressing his face . he was lying on his stomach on a single bed with thick wool blankets in a room with walls that smelled of cedar . his limbs felt like lead and his heart torn to pieces , but he forced himself to sit up on the edge of the bed and breathe ."
313,20,"the man wara loved was dead , thanks to alejo gabriel had blown himself to pieces in jihad , trying to make allah love him . alejo still remembered the scoffing tone of his friend 's voice in the delivery truck when alejo told him his decision about jesus : `` the quran tells us everything we need to please god . what better way to earn allah 's favor than as a suicide bomber , making the ultimate sacrifice to do allah 's will ? alejo resisted the urge to sink back down onto the bed , depressed . only the savior of the world can atone for the sins of men . god , i ca n't think about anything but wara 's tortured eyes as she misses noah , or gabriel , shouting allah akbar and pulling the detonation cord . alejo groaned and leaned forward onto his knees . last night , after alejo had composed himself , rupert told him that , from the camera phone video , it was clear that gabriel had entered the restaurant in a tuxedo , apparently hired to play the violin in the restaurant of the hotel diplomat during lunch . he had simply walked over to the table of the two israeli diplomats while playing a violin piece and detonated the explosives . the early estimates were in favor of a death toll of over seventy . i have to do something , or i 'm going to go crazy in here . tabor was about his size and had left him a mound of clean clothes on top of a cedar chest in the corner . alejo got dressed and padded out of his room on bare feet , towards the bathroom on the first floor where he and wara had been given rooms . leaving the bathroom , alejo could hear the soft clink of silverware coming from the kitchen , around the corner from the end of the hall . he found rupert cole , along with tabor and sandal , breakfasting on pancakes and coffee . rupert was lounging in a worn , khaki bathrobe with the same woolly slippers on his feet . sandal was wearing a tight red sweat suit that no one over twenty-five should be caught dead in , covered in jewels and large silver letters . her jet black hair was tied back in a messy ponytail , dark circles under her eyes . she slowly nursed a chipped mug of black coffee , eyes flitting to alejo with a bare acknowledgement of his entrance . alejo immediately pegged her as not a morning person ."
314,20,"tabor wore running gear and seemed chipper and alert . he nodded at alejo and gulped the last of something that looked like a protein energy shake . `` ru really wants you to stay , '' tabor said , languid eyes twinkling . alejo slid into a chair across the table from tabor , where an empty place setting seemed to be waiting . he assumed that tabor and sandal must be some kind of agents in the organization rupert worked with , the `` job offer '' he had mentioned last night . if he had to guess , he would say sandal was from iran or iraq , and tabor from israel . rupert ducked into the kitchen and reappeared with a glass carafe of french press coffee , which he emptied into alejo 's mug . i assume you like strong coffee , '' he said in an even tone , then placed a platter covered with tinfoil in front of alejo . `` the ones with nuts are banana mango . then there are the german chocolate ones , too . alejo looked up at him and offered a tight smile . he was actually glad that rupert was holding off on the job offer until after breakfast , because alejo felt like dirt . `` no , she 's still sleeping , '' sandal croaked , looking up groggily from her coffee , `` which i would still be if certain people had n't insisted i go running with them . '' `` i do n't know why you did n't just stay in bed . you only ran like a hundred meters with me , anyway . '' sandal glared at him , then forked a bite of pancake rather violently . she speared alejo with her bleary gaze , about to speak when rupert dumped two pancakes on alejo 's plate and clapped him on the shoulder . `` you need to eat , '' he said calmly , but the tone left no doubt it was an order . alejo reluctantly forced himself to eat and gulp down coffee . when he had emptied his plate , rupert scraped his chair back and said , `` come walk outside with me . ''"
315,20,"glancing towards the hall and still seeing no sign of wara , alejo nodded curtly . `` i suppose i should change out of my bathrobe , '' rupert sighed , glancing down at his plaid pajama pants , fuzzy robe , and slippers . he shuffled up the winding wood staircase , where alejo assumed her slept . by the time alejo had retrieved his sandals and washed up a little , rupert was waiting outside the door on a narrow stone path that cut through the grass of his lawn . beyond the lawn , a dusty area began where rings of tall barbed wire fences circled ostrich pens . alejo shoved hands in his pockets as the two of them fell in step on a slow walk around the lawn . `` this is my home , yes , '' rupert said thoughtfully . `` i 'm gone of course , often , for my work . '' and you live here , in the bolivian countryside , and have an ostrich farm . why would a gringo want to live all the way out here ? '' my parents were american , but i never applied for my american citizenship after the age of eighteen . '' rupert grinned and raised one fuzzy eyebrow at alejo . `` would you be at all shocked if i told you my parents were missionaries in morocco ? the man you are looking at is one hundred percent moroccan , heart and soul . '' so , would you be at all shocked if i told you i 'm a pastor 's son ? '' rupert 's calm eyes did , indeed , widen . he recovered quickly and cleared his throat . `` yeah , well you at least have been following the path of your parents . the example my parents gave me when i was young was not one i wanted to follow . '' there was a long pause , and then rupert said , `` i have n't always been on the straight and narrow path , walking in the light ."
316,20,"i 'm sure you would n't be shocked if i told you i used to be cia . i worked at the top levels for ten years , with the cia for a total of twenty-five years . i was mean , ornery , and i would do anything to get the job done . by the time i was fifty i was on my third wife . '' alejo pressed his lips together , staring straight ahead . `` ten years ago , the lord found me and called me into his kingdom -- -just like that , from right in the middle of the places of power of the kingdom of this world . i became his disciple-and everything changed . i had a new boss , and i could no longer do whatever the powers-that-be above me ordered me to do , when it was against the orders of jesus . `` well , alejo , i realized i could n't continue in the cia and follow jesus . when i emptied out my retirement account to give to the poor , my third wife , ellie , left me . so now , here i am , alone and with all the time in the world to do what the lord brings my way . rupert 's voice drawled lazily , but his tone was intense . they had reached the far corner of the property now , and rupert led them into a small grape arbor . he lowered himself with a grunt onto the grass under the tangled mass of vines , and alejo followed him , sitting cross-legged on the cool ground . he now knew about rupert 's past : missionary kid from morocco , cia , three failed marriages . what he did n't know was what was going on now , in the present . `` i guess you brought me here for the recruitment speech , '' he said , measuring rupert with his eyes . but the fact you were recommended to me in a dream makes me think god brought you here for the recruitment speech . '' alejo scrunched up his face , surprised by the thought . `` we 're called ci , '' rupert told him ."
317,20,"`` short for cole , inc , the shipping company here in morocco my grandfather owned and gave to me . we 've transformed the company into something a little different . the agents who work with us are called lukes . there 's a verse in the bible we believe in , and it says , 'the spirit of the lord is upon me , because he has anointed me to preach good news to the poor , to bring liberty to the captives . ' we believe in that , bringing god 's kingdom to earth . '' so rupert wants me to work with him and become a luke . `` most of us in ci may not have come by our special skills in the best of ways , '' rupert continued explaining . `` but now that we belong to jesus we want to use our talents to obey him , not give power and riches to the kingdoms of this world . we work to save those who are in prison or in danger for their belief in jesus or their defense of human rights . '' alejo 's temple throbbed and he felt himself grimacing . of course , this was what he wanted to do . when he worked with the prism , had n't it been to bring justice to the world , to help those in need ? he could do this , work with rupert in ci . what you 're saying is all i want to do . what would you say if we prayed , right now ? '' `` ok. '' when rupert had finished praying , alejo felt too weak to get up just yet . he started to say hoarsely , but rupert was already heading out of the vineyard . `` take a half-hour , '' he said , eyes sparkling . we have plenty of time to discuss details about ci later . there is one thing we have to talk about now , though ."
318,20,"alejo could n't be sure , but he could have sworn that , just before rupert turned to go , he had winked . the half hour alone under the grape leaves was intense , and alejo prayed and thought , trying to get his bearings . he felt so relieved , being forgiven by jesus . but there were so many things that were still messed up , other people he had hurt . right now , i 'm thinking mainly of wara and my family . an image of noah hearst 's very pale , grieving parents flashed through his mind and he sighed . there did n't seem to be much he could ever do to make it right with them . alejo closed his eyes , listening to the sound of songbirds in the fruit trees outside the grape arbor . fallen grapes fermenting in the sun gave off the essence of sweet red wine . rays of sunlight filtered through the leaves and warmed his face . it amazed him again , and he remembered the despair he had felt in univalle , when he woke up and realized everything was black . alejo thought about the cool steel of the khan 's gun against his temple , the hurt of betrayed love in the pashto man 's red eyes as he stared alejo down . he could n't remember the actual shot , but he was sure it should have been lethal . god had let him live , and brought him here , to this place , to another follower of jesus who seemed to understand everything he was going through . a dry crunching sounded outside the canopy of grape leaves ; the hanging greenery parted , and rupert ducked inside , downing something from an ancient olive-green thermos with golden paisleys . another red plaid thermos was in his other hand , which he held out towards alejo . `` coffee , '' he said briefly , taking another swig . `` you might as well know , i 'm an addict . '' alejo unscrewed the lid of the thermos and took a drink of the bitter liquid . another perk of working with him -- -along with the fact that he had dreams of the future and seemed to hear directly from god ."
319,20,"rupert downed more coffee , then stiffly sat down in the grass at a comfortable distance from alejo . `` ah , what are we doing here hiding out under the leaves and sitting in the muck like kindergartners ? '' `` i have a slew of chairs over on the porch . but it is kind of nice in here , is n't it ? rupert settled in a little , then faced alejo squarely . `` the time is coming to ask all your questions , but i want you to work with me . if you accept , i would like to propose a time of discipleship here , at the farm . what that means is learning to follow jesus , to be a disciple . we would spend three months together , along with the other guys who come in and out of here , and i 'd teach you everything i 've learned over the years . do you think i would drive you batty ? '' even if you find out later i do n't meet your requirements to work in ci , i think i really need to stay here . he felt his mouth tip into a lopsided smile . after the three months , you would go on an exploratory trip with some of my lukes , to open your eyes a little to what we do and help you decide if you want to join . i want you to know , too , that we can help your family . i 'll tell you about that later , some very nice options of places they can settle . `` i really messed her life up , too , '' alejo muttered . his relief was intense at the idea of someone helping him resettle his family and wara somewhere safe . `` can you get a new id and passport for her , too ? we could ask her where she 'd like to live , maybe close to my family ? '' `` and , sending her to live with your family is n't what i wanted to talk to you about ."
320,20,"last night in my office , you mentioned her a lot . you talked about how she has great linguistic skills , makes even-keeled decisions under pressure , and has good tactical decisions -- -for a civilian , you understand . so , son , i was thinking that wara should also stay here with us . we need more female lukes , and with her coloring she would be able to pass as native in many places that a lot of the other women ca n't . wara could work with us , '' rupert repeated , `` and you can help train her . '' he paused , trying to think of something rational to say . `` she does n't know anything about ? all this kind of life . '' `` neither did you , when you started , '' rupert shrugged , taking a large swallow of coffee . when we prayed today , we talked about god 's forgiveness . what i wanted to talk with you about now is the issue of forgiveness from others who you have offended . unintentionally , but i still believe that god would have you make it right . '' this was a totally unexpected turn of events . he had envisioned his new connection with rupert helping his family and wara to a safe location , to happily start their lives over . not wara in close proximity to him , who she did n't care for at all . besides , being close to him was dangerous . `` alejo , i have a sort of penance for you , '' rupert continued explaining to a dumbfounded alejo . `` not to be forgiven by god , but to make things right and restore what you have destroyed . because of what happened , wara 's safety , work , and the man she loved were taken away . if wara joins ci , you can protect her and watch out for her . you can help her use her talents for the kingdom , by sharing what you know so she can work with us ."
321,20,"and you can try to give back what you took away : the man that she loved . '' i do n't know what you 're talking about . '' `` i 'm assigning you to love wara , and be the man that she loves in return . he swallowed against a throat that was dry like sandpaper , then sputtered . i 'm the man who blew up her bus and killed noah . '' alejo felt sure that rupert would see the craziness of what he had just suggested . `` yes , you did tell me about that , '' rupert remarked calmly , seemingly unfazed . i think we should explain all this to wara-about ci , the exploratory trip , and see if she accepts . if she feels called to join and agrees to go on the trip , then it 'll be all settled . you will do what i say , train her , and be the man she loves . '' alejo had to really work to compose himself enough to speak . `` sir , i would like her to work with you , because i think she would be good at it , and i know she can learn . i 'd feel a lot better knowing i could keep an eye on her . but i 'm 100 % sure she would never accept , not if she knows i 'm here . alejo could just see the look on her face now : repulsion at the idea . `` it 's never going to happen , '' he repeated . `` she might accept being a luke , but she would never love ? .me . '' `` it 's really not that complicated , alejo , '' he continued slowly , as if explaining something to a small , particularly dull child . alejo 's mouth opened , then snapped shut . he unscrewed the lid to his thermos with a vengeance and took a long gulp of hot , strong coffee ."
322,20,"`` besides , '' rupert was pressing on , `` i 've spent quite a few years in my day around guys like you . i can read you pretty well , even if no one else can . coffee spewed from alejo 's lips onto his muddy knees as he nearly choked . `` i think you 're already a little attracted to her . c'mon , i 'm not asking you to crawl on your hands and knees from here to the vatican with a belt of nails around your waist , or live for a year on locusts and honey . just a little penance , a little making things right . rupert heaved himself up from the ground with a loud crack , clumps of dirt clinging to his worn jeans . alejo was still stunned , and he wiped coffee from his chin with one sleeve , watching rupert warily . `` we should tell her tonight , at the latest , '' rupert said , walking towards the edge of the arbor . apparently noticing alejo draw back like a deer in the headlights , rupert turned around and crossed his arms , annoyed . `` i did n't mean we should tell her tonight that you 're proposing marriage ! all i meant was that we should talk with her about ci and see what she says . '' alejo got up from the muddy grass , rather shakily . `` you said that wara was in the dream you had , did n't you ? '' he asked , feeling a headache coming on . `` god sent her to me , too , and i think we are just beginning to discover the reason . '' with another wink , rupert disappeared into the yard , leaving alejo alone , standing in the arbor . with a deep groan , alejo shoved his hands in his pockets and began walking towards the house . 32 white on wara 's fifth day at the ostrich farm , she allowed herself to admit that rupert 's pancakes really were delicious . that morning , he had cooked up one pile with fresh raspberries and cream , and the other with bittersweet chocolate and dulce de leche ."
323,20,"the day before it had been orange butterscotch and strawberries with a wine sauce . wara still could n't remember what she had had for breakfast the first morning she had come here ; it was all still a blur . the night had been filled with violent dreams about noah and gabriel , and wara had woken up late , without the strength to talk to anyone . on day number two , at night , rupert had sat down , with a very silent alejo , and presented the crazy plan in which she , a flabby linguist from montana , would become part of the organization rupert worked with , called ci . she truly could n't imagine she would be any use ; she did n't know anything about all this spy-style business . but it seemed obvious that god wanted her here , and honestly , she did n't have the strength at the moment to spend hours analyzing why . day number four was the day she had sat in rupert 's office and told him she would go on a trip to learn more about ci . when she informed rupert that the answer was yes , she had been sitting in one of the plaid swivel chairs in rupert 's office , trying not to look at the blank computer screen where she had seen gabriel 's suicide video . rupert stood behind alejo 's swivel chair , and his teeth flashed in a grin under his bushy mustache as he punched alejo in the shoulder . alejo smiled weakly at rupert 's words . rupert walked over to wara and clasped her hand , shaking it warmly . `` i swear i will take care of you like my own daughter . of course , you can still change your mind after your exploratory trip , but if you 're who i see when i look at you , i know you wo n't . '' now it was wara 's seventh day at rupert 's little ostrich farm , and tomorrow she would be leaving to fly to lima . she would spend a few days with the martirs , then fly home to bozeman to spend three months with her family . alejo would go to see his family after wara left them , and help them get settled in a new location that he and rupert had worked out . then alejo would come back here to the ostrich farm to stay for the time until their exploratory trip . i need time to heal , wara thought as she leaned back into one of rupert 's chocolate leather sofas and stretched her bare feet out on the coffee table . her laptop was open next to her on the couch and she was alone in the living room , listening to the sound of noah 's voice . until a few days ago , she had n't remembered that her laptop contained two albums of music noah and eduardo sejas had recorded in cochabamba at a studio ."
324,20,"maybe it was n't professional quality , but to wara noah 's voice was beautiful . a door scraped across the wood of rupert 's living room and she saw the older man and alejo standing in the office . `` wara , dear , could you come in here for a minute ? '' rupert was grinning , as if he and alejo were in the middle of a joke . alejo , however , had the pained grimace of a man who had just escaped the dentist after a root canal . what plots had they been hatching in rupert 's office ? wara reluctantly muted noah mid-song and slid her bare feet to the floor . she headed towards the office , where rupert motioned towards a swivel chair . `` we 've already covered a few things for your upcoming trip , '' he addressed both of them . `` and the rest we 'll talk about later , after you 've had more time . wara 's flight 's leaving tomorrow , though , so it 's about time to put the finishing touches on her passport . of course i have to make your docs with different names , since you 're both supposed to be dead . now , '' rupert fought off a yawn and leaned into the swivel chair with a heavy squeak , `` i 've got you down as paulo . '' he fixed his eyes on alejo , who grimly nodded . `` paul , the man who , like you , was healed from blindness by god . she had known rupert was going to ask her this ; he had warned her at breakfast this morning . after pancakes , she had taken a walk and thought : if alejo is paul , then i am peter . once again she had seen noah beside her on the bus , holding her hand with eyes full of grace and saying those words : you 're back . at the seaside , after jesus rose again , he brought peter back . peter swore with a curse he did n't know jesus and jesus forgave him ."
325,20,"unfortunately , peter was not a good name for women . thankfully , wara knew quite a few languages . `` i 'm thinking about ? petra , '' she said carefully , trying out the sound of the name on her lips . the living room was dim as they left rupert 's office , closing the door on him as he powered up his spy computer to make some skype calls . a single , white porcelain lamp with a scuffed shade was shining from the corner next to the sofas . tabor and sandal were nowhere in sight . preferring to say goodnight here rather than in the pitch black hallway on the way to their rooms , wara turned towards alejo , the words on her tongue . then she noticed him crouching on the floor in front of her , head bowed towards the floor . `` wara , '' he said gruffly , `` i 'm so sorry . '' he did n't remove his gaze from the floor and his hands shook . `` i can never pay you for what i did to you . wara took an unsteady step back and swallowed hard . i 'm here because he forgave my huge debt . and now it 's time for me to follow in his footsteps . the words formed very slowly in her brain . `` alejo , it 's ok , '' she said , then slid down to the warm wood floor in front of him . starting visibly , alejo lifted his head and peered at her with reddened hazel eyes . he let his head roll back towards the ceiling , then faced her again . he lowered himself down to sit cross-legged as she was , not even bothering to swipe away the raw tears matting his eyelashes . she struggled to know what else to say to him ."
326,20,"but what good is forgiveness if it 's only words ? there was something she still had n't said to him , and it was important . `` thank you , '' she told him honestly , searching his face . alejo blinked , then his face found a hint of the famous martir grin he shared with his father . they sat there staring at each other for a few minutes , letting the moment sink in . then alejo broke the silence , voice thick with relief . `` so , we 'll meet in three months , then . wara paused to consider , then decided to blaze forward . maybe you can call sometime , just , you know , to make sure that none of the bad guys have hauled me away . '' she pressed her lips together and tried to match alejo 's small smile . `` you are going to be pretty hard to get a hold of out here on the farm with rupert . '' alejo blinked fast , obviously pleased with her idea . `` should i give you the phone number to my parents ' house ? '' now alejo 's mouth flickered into a full-blown smile . the warm white light of the lamp glinted off his eyes as the two of them sat facing each other , she with a spark of curiosity , he with eyes making a solemn promise . 33 grape after the ostriches had been fed and all the fences repaired and in working order , alejo carried a wooden porch chair into the luxuriant grape arbor . he plopped down in the chair , slinging his feet up on an overturned five gallon bucket he left inside the arbor for the times he was too lazy to bring a chair . it had been two months since alejo had visited his family in lima , then flown with them to a medium-sized city in italy , where they would make their new home . since he had come back to rupert 's farm , alejo had been busy studying the bible with rupert and doing odd jobs around the property . usually he was done feeding the huge birds by about five ."
327,20,"it was now winter in bolivia , leaving him an hour before sundown to sit out here and think . it was crazy , but a lot of the time he thought about her . he had talked to wara a few times at her parents ' house , short , uneventful conversations that still made him really happy . in only three more weeks , he would see her face-to-face , and they would take a trip together to decide if they would work with ci . as to the destination of the trip , rupert had kept silence , not even wanting to hint . in reality , there were only nineteen days left until alejo would talk with wara in person . alone behind the grapevines , alejo could n't pretend that he had n't counted the days a few times . besides wara , no one should have the number of the nondescript little cell phone alejo carried in his pocket . alejo warily punched the talk button and pressed an ear to the speaker . the hairs on alejo 's arm stood on end . oh my goodness , it 's been so long ! '' stalin 's tone was not cautious at all . i 've run away , to join the circus , as they say . as to how i got this number -- -do n't ask . let 's just say since i 'm the only living member of the prism who knows you 're alive , i 'm the only one who thought to have a look around for you . '' `` you left the prism , '' alejo stated warily , crossing one leg over the other on the five gallon bucket . `` yeah , che , i should have listened to you earlier . after you told me what was going on-about the poor kids being recruited and going over to do holy war-well , i just did n't feel right . and gabriel ? man , i ca n't even talk about that . but then that day , you know , at pairumani ? ''"
328,20,"stalin 's voice cracked and he swore softly . i let ishmael shoot my best friend for being an infidel . '' alejo found himself grinning , despite the contrition in stalin 's voice . `` yeah , well , there was n't much you could do , '' alejo said . `` we would have been a pretty pair , both lying there with holes in our heads . and from what wara tells me , you saved my life later , dropping me off at the hospital . '' alejo could n't bring himself to mention the fact that gabriel had also been there . `` she go off back to usalandia to live happily ever after with some gringo ? '' she certainly was n't about to stay here with me to live happily ever after . '' stalin may be out of the prism , but there 's no way he 's going to get any info out of me about wara . `` so you got out ... what about lzaro and benjamin ? '' `` both sent to another country in south america . they 'll stay out of bolivia for a while , i assume . '' alejo could picture stalin shaking his head , scraggly hair dragging over his bulky shoulders . `` i hightailed it out of there after we got to asuncion , and took my parents with me . they 're safely tucked away in japan ? i know you wo n't tell . '' the conversation cheered alejo up more than he could have imagined . stalin was alive and well , and possibly dining every evening on sushi and rice . alejo assumed that ishmael khan would n't be showing up in bolivia for some time , after an anonymous call alejo had made explaining that the khan foundation was spiriting away bolivians to fight as mujahedeen , in the name of scholarships and higher education . surprisingly , stalin kept in touch ; a week after his phone call , alejo 's cell shimmered with the alien sound that announced an arriving text from his old friend ."
329,20,"alejo was debating between `` las vegas '' and `` disneyland '' when a second wave of sound announced stalin 's answer . alejo clicked the sound off and read : `` at mass . i 'm sitting here in spain at mass with about five little old ladies . '' then , following quickly , `` and they 're all dressed in black . alejo pulled out the side keyboard , which he had used maybe once , and keyed in , `` despite the creepiness of black , are you finding what you 're looking for ? '' the image of stalin , probably dressed in a t-shirt that accented his beer belly and ratty old jeans , kneeling on the thin wooden rail at the back of the cathedral pew was extremely amusing . it was also fascinating , given the fact that stalin believed he already knew everything about god and had said he would rather have his carnal pleasures . alejo was sure the fact that he was nervously repeating mass along with five wrinkly , age-encrusted spanish women meant that stalin was rethinking whether he was going to pay the price . `` not yet ? there 's something here , but i still do n't know if i 'm ready . `` i was very impressed with you , willing to die for what you believe . '' `` but then again , so was gabriel , '' stalin added . god have mercy ? he knows i 'm looking , but the women here in spain are so beautiful ? '' alejo typed , `` do n't you want to talk on the phone ? alejo slid his phone back in his pocket with a smile and leaned his head back towards the sunshine . 34 lilac a country had never seemed so empty and hollow as spain did at that moment to stalin gomez . while mom and dad had their hearts set on a little house in japan , stalin had known immediately upon arriving to get them settled in that japan would never be for him . `` creepy , very creepy '' were the only words that described for him the temples with dull golden statues smiling pacifically at him as he passed . the mlange of slippery sea creatures tacked to wooden planks with wicked looking nails would have been eerie enough at some sort of taxidermy for water creatures display . the fact that it was in a part of the market meant for grocery shopping had given him the heebie-jeebies . with all the money he had pilfered from his bank account , stalin bought his parents a three bedroom house in a cozy neighborhood full of foreigners , a shiny silver lexus , and hired two servants to clean , cook , and fill the house with furniture ."
330,20,"then he had gotten back on the plane to a more pleasant destination , planning on sending his parents tickets to come visit . they were n't that old yet , after all . spain seemed like a perfect pick to settle down and hide . it was warm , they spoke spanish , and rumors were that bathing was topless . at first , the city of cordoba , where stalin had rented a nice flat , had seemed very cosmopolitan and smacked of europe . all the excitement soon died away as he found himself lumbering down the gray sidewalks day after day , with no job , no steady girlfriend , and no friends to speak of . the conversation he had with alejo that day in the coffee shop about jesus kept ringing in stalin 's ears , ever since he had realized that for alejo , the whole jesus thing was more than just an intellectual debate about which religion was right . the exact moment stalin had realized this had been when alejo did n't flinch with a gun to his head and had said he would n't change his mind about jesus being god . today , stalin 's heart felt heavy as well , and as he left the massive cathedral where he had been at mass he bought a strawberry ice cream cone from a vendor on the sidewalk . then he turned down one of the ancient , narrow side streets to meander his way in the general direction of home . there really was no hurry ; in spain , no one went to bed before midnight , and at the moment it was just after seven . stalin took a large lick of the sickly-sweet ice cream , the tried to clean a sticky drop of pink off his lips with the paper-thin napkin wrapped around his cone . all of a sudden , he stopped , eyes falling upon a little sign with a picture of a white dove that said libreria la paz . below , in smaller letters , it said , `` libreria evangelica '' . something about the store drew stalin towards its rugged stone steps like a piece of lint up the funnel of a vacuum cleaner , but he hesitated . he imagined himself walking into that store to browse books and finding himself swarmed by a pack of hunchbacked crones in black dresses and head coverings , who would then drag him over to a gold-crowned image of the virgin and force him to recite the rosary until he was born again . the glass door squeaked quietly and a little girl wearing a hot pink short set skipped down the steps , followed by a middle-aged guy in a polo shirt who could have been her father . there you go ? people younger than eighty come to this store . realizing he had been holding his breath , stalin drew in a gust of air and then nearly shrieked , feeling the cold drip of melting ice cream soak his fingers . he hurriedly licked all the way around the cold cone , then each finger one by one , glancing around guiltily to see if anyone was watching ."
331,20,"finally , stalin pulled himself together and clumped up the stairs to the bookstore , some part of him praying to god that there would be some books here worth reading that could explain to him more about what it was that would n't let him just put jesus at the back of his mind . a bell over the door jangled softly as stalin entered , and he was relieved when the man behind the counter only waved politely at him , then turned away to let the customer browse the shop in peace . it was a small bookstore , with white wooden shelves filled with different titles lining the walls and a small section for music and t-shirts . ignoring everything but the books , stalin began at one end , noticing right away that the volumes seemed to be rather thin . remembering to keep up on licking his ice cream so it would n't flood the bookstore 's red carpet , stalin cocked his head sideways to better scan the titles , getting more disgruntled as he went along . in one section , he found books with titles such as `` a new you in forty days ! `` , `` god can control your diet '' , and `` exercising for jesus '' . puzzled , he moved on to the next rows of books and saw several covers featuring blown-up photos of people with white smiles with flashy clothes . proclaimed one book with the image of a slick hispanic man in an expensive purple suit . stalin 's brows drew together as he read , `` the ten-day plan to secure wealth '' and `` plant the seed and it will grow '' . a thin rivulet of strawberry ice cream escaped down the side of stalin 's cone and over his hand , splatting onto the carpet below . a curse was on the tip of stalin 's tongue , until he remembered where he was and gulped , glancing over at the man behind the counter . seeing the guy safely reading , paying no attention to stalin soiling his store and cussing , stalin turned back to the books , pretty confused . he had studied christianity in depth during his masters and phd , of course , along with all the other religions . they may not have been the most exciting reading in the world , but he remembered a plethora of thick volumes about theology and christian thought . those books were not just a little weighty ; they were the kind you could use for weight-lifting around the house , if you ever did such a thing . the shiny books stalin saw lined up around this bookstore seemed to be about anything except christianity . was n't there anything here that just told about jesus ? stalin stared in horror as the mushy pink mound that was left on top of his cone slid onto the floor with one fluid motion , falling with a soundless whoosh onto the cherry red carpet . now he did swear , albeit under his breath , then jerked his head up as he heard a soft chuckle , coming from nearby ."
332,20,"spiky , white high heels turned into long legs , then a flowery skirt and a tight , lilac-colored jacket . in front of stalin stood the most beautiful woman he had ever seen-and that was saying a lot . her hair fell to her waist , and was chestnut brown with shimmers of red . with twinkling eyes , the woman was regarding stalin with amusement : first his face , which he intuited must be a shade between lobster and beet red , and then the flattened pile of melting ice cream staining the carpet . `` too hot for ice cream today , '' she remarked , and then twisted her waist gracefully to pull a packet of tissues out of her purse . `` do n't worry ; this carpet is so worn no one will ever notice . '' and just like that , she scooped up the fallen ice cream with a wad of tissues and tossed it into a trash can standing against a pillar in the middle of the small room . stalin felt his mouth hang open as she raised her hand and he saw long , perfectly-manicured nails painted lilac and silver . most importantly of all , he saw no wedding band . `` i 'm shannon , '' the amazing creature said , holding out one perfect hand towards stalin . `` my father always loved ireland so he gave me an irish name . '' her accent told stalin she was all spanish , however . he forced himself to close his mouth and reached out to shake her hand with one of his own sticky ones . many smooth things to say flooded stalin 's mind at the moment , but unexpectedly , all of them seemed out of place here in the middle of this christian bookstore , surrounded by the surreal sound of churchy music floating from a stereo . instead , he said , `` do n't they have any books here that talk about something ? serious ? i feel like i 'm in the self-help section of some bookstore . where can i find books about something like ? the atonement , for example . or the theological arguments for why jesus was divine . '' stalin found himself taken aback when shannon chuckled again , a deep , full-throated laugh . `` you wo n't find anything like that in here , '' she said in a conspiratorial tone ."
333,20,"`` if that 's what you 're after , the man you want to talk to is my father . '' `` he 's the pastor of an evangelical church here , '' she explained , `` but he 's also quite a scholar . my daddy has written three books , and he has a whole room for a library with all kinds of fat books about everything you can imagine . there are a lot about the atonement . '' `` a few , '' shannon flicked her hand dismissively . i 'm getting my phd now and my thesis is quite ? theological . so i get some studying time in , yes . '' shannon pulled a purple cell phone out of her purse and glanced at the time . `` daddy 's waiting for me at home now , so i 've really got to go . '' heart sinking , stalin pressed his lips together so his jaw would n't hang open again , gawking at shannon . then , in a magical , wonderful moment of awe , stalin saw shannon 's full lips open again and the words that she said were : `` why do n't you come home for dinner tonight ? a guy like you , interested in learning more about jesus and theology ? my daddy would love to talk to you . '' stalin felt as though the flaming arrow of cupid had pierced his chest . `` i 've really got to run , though , so make up your mind quick . '' shannon placed the phone into her purse and half-turned towards the door , beginning to walk out . stalin took in the skirt , the legs , the high heels , and one millisecond was all it took for him to propel himself forward , like a dog hooked to a leash , towards shannon and her daddy the pastor who would tell him all about jesus . the end s 0 cotton candy sky tehran , iran , 2017 to sami , the white-hot explosion of sun that staggered him as the blindfold was ripped from his eyes was more brilliant than the glory of any starry spotlight where adoring fans screamed his name . a rubber boot connected with his back as the rush of light hit his wide-open eyes , slamming him to the pavement . rivers of radiant colors stormed his vision as sami lifted his head , and he vaguely made out the city park and the crowds gathered , absolutely silent . his life had been lived surrounded by multitudes , but today no one reached frenzied hands towards him in the hope that his own fingers would briefly connect with theirs between wild chords strummed on the electric guitar ."
334,20,"no one was rapturously snapping photos of him with their cell phone camera , plotting to show the blurry concert images to their friends . sami 's eyes cleared enough to realize that he was encircled by uniformed police bearing the thick plexiglas shields that were synonymous with riot control . they formed a writhing barrier between him and the crowd , an ominous warning to anyone who tried to capture the scene on a cell phone camera . but still the crowds stayed , fixed eerily in place behind the police line , silent . for nearly ten years sami had heard his fans ' hysteric screams and cheers , accorded to him as the lead singer of iran 's most popular rock band , ashavan . today , under a baby blue sky sprayed with cotton-candy clouds , the last sound sami would hear from those fans , warily planted behind the police in the park , was their silence . today , while children raced up the slide in the distance and the ice cream man with his cart strolled by gaping , sami would be publicly beheaded . kneeling on the asphalt , sami closed his eyes and felt as if he were watching himself from the sky , only a spectator to this gruesomely comic event : a thirty-year-old literature major-turned-rock star , sentenced to beheading in the park for a list of unpleasant crimes . something rustled behind him and sami snapped back to reality . a guard yanked on the cuffs around his wrists , checking if his arms were secured . sami 's ankles were also chained together , as they had often been in the four months he had spent in the maximum security prison . `` get up , '' the guard ordered , dragging him to his feet . a slimy smudge of perspiration marred the young guard 's right eyebrow as he avoided the prisoner 's eyes . it was more than obvious he did n't want to be here . a dozen feet away , circled by a dreary ring of hoary stones , a cement block protruded from the park square . a murky stain began at its heart , spreading snaking tentacles across the surface of the block and down its sides : lifeblood , spilled here under the sun after afternoon prayers in the past . sami stumbled to his bare feet , barely aware of the sensation of his soles on the burning pavement . once he had worn trendy italian leather shoes and jeans from paris that had cost three hundred euros . today , sami 's feet were bare and bleeding . he wore tattered cotton pants , stained from the floor of his cell , and a simple white t-shirt ."
335,20,"the shirt hung loosely over his frame , muscles wasted away from days of doing nothing but praying in his cell instead of working out at an elite gym club . even so , he still towered over the two guards at his side , tall and broad-shouldered . a collective gasp rise up from the myriad of dark eyes staring at him in the park and sami thought that probably the people gathered here today barely recognized him . the old sami was gone , and he was a different person now . the new sami did n't mind standing barefoot in dirty white , sans ray-bans and without beautiful women following his every move . in a few minutes he would be dressed in pure white , screaming the name of the one who had made him able to sing in the first place . the young , sweaty guard who had a death grip on sami 's arm was named hourmazd . `` they 're waiting , '' hourmazd said reluctantly . sami felt his feet slap across the hot , soiled square in slow motion . next to the chipped concrete chopping block , the executioner waited in a crisp black uniform and aviator ray-bans , gripping a saudi arabian scimitar . at attention a few steps behind , two doctors in white coats stood watching the proceedings . one of them held a dove gray tarp , folded neat and square ; this would be to wrap sami 's body . at the prison , it had been explained to him that after the beheading his body and head would be carried off by the doctors , who would then reattach the two items and bury sami in full accordance with islamic burial laws . none of sami 's family had any intentions of burying their wayward relative in the christian manner . at the moment , whether his dead body would be laid in the ground facing mecca or not was the last thing on sami 's mind . standing before the executioner 's block , sami 's eyes blazed across the gathered crowd one last time , not surprised to see neither his mother nor his father here to witness the gory sight . several feet behind one of the policemen 's opaque shields , a pale face peeped out from under a nondescript black chador veil . sami 's heart surged within him and he stared at her , taking in the last beauty he would ever see in this place called earth . he met her weeping eyes calmly , intensely begging her not to cry and give herself away . and then time for scanning the solemn crowd was up ; hourmazd and the other guard forced sami to his knees ."
336,20,"hot fingers grabbed his temple like a vise , twisting his head to one side , plastering one cheek against the icy concrete . a filmy coating of dust and pebbles had settled onto the block , and sami 's hand instinctively jerked forward to swipe the scratchy debris off his cheek , then pulled up short against the biting metal cuffs . urgent hands still held him down , kneeling , and sami realized he was facing the crowd , saw that ava was looking up towards heaven . sami swallowed and his adam 's apple grazed the abrasive stone . we could have gone away to germany or canada together . we could have had six or seven little iranian babies , who would have grown up hearing about jesus every day and playing whatever kind of music they wanted , for him . you would end up wide-hipped and disheveled from all those children , and i would get bald and wrinkly . but we would sit together by the fireplace every night with our children , singing with the guitar and loving each other . a ream of black cloth descended in front of sami 's vision and cinched in a hard knot behind his skull . the blindfold pressed his lashes tightly against his cheeks , leaving him blind , each beat of his heart echoing slowly in the darkness . the pressure of the hands against his head and back disappeared and an unearthly hush descended upon the park . the charges against him were read out loud , a list of things sami could never imagine becoming . worship of satan a mullah began to pray loudly in arabic , and sami waited with his temple to the icy block . in prison he had been warned ; if he moved , the blade could miss and he would n't be killed at the first fall of the scimitar . heart pounding in his chest , sami waited in the darkness , knowing that in just a minute more he would see the light . 1 karate gone bad she laid the guitar case on the smooth tree stump among the pines and cried , knowing only the trees would hear . a few tears later she stopped , scrubbing her face on her soft tiered skirt , never one for prolonged weeping . she let her eyes run over the battered case , balanced on the ancient stump like an offering , then carefully opened the dented clasps . the honey-colored taylor guitar still nestled in emerald velvet . wara sniffed loudly and smiled , remembered him grinning from the stool at the front of the caf , playing this guitar and singing his heart out ."
337,20,"she cradled the taylor across her lap and began to pick her way through a few chords . it had been three months , and it still hurt . his arm had been around wara when the bus went over the ravine , but she was thrown out the window to safety . since then she had been here in montana , living with her parents on the ranch that was her childhood home . life as a missionary in bolivia was over , dreams smashed to pieces with the shattered glass of the bus where noah died . a new chapter was about to begin , and honestly , wara really did n't think she was ready . staying here on the bench in the little sheltering circle of trees on the ranch was sounding better and better all the time . wara tensed and huddled into the comforting familiarity of the guitar , totally aware that her reaction to the sound was overkill . squirrels and birds did live in the trees that surrounded her , and yellowed leaves were constantly crunching their way to the ground now that fall was in full swing . but after the bus accident in bolivia she had been kidnapped and nearly killed by the muslim group who had bombed her bus . so unexpected sounds made her a little nervous . she shrieked without meaning to , nearly dropping the guitar on her toes . because all of a sudden , defying her expectations that the little noise would end up being a stray squirrel scuttling around in the trees , a solid male figure emerged from the shadows . she fizzled with adrenaline , vision full of a broad-shouldered man , skin the color of a mocha latte , wearing a black shirt and brown corduroys . she gasped again , less fear and more irritation lacing her voice now . the intruder was now out of the shadows , holding up two tan hands in a gesture meant to calm her down . the dark curls that had hung around his collar were gone , but those clear hazel eyes were unmistakable . all the seven martir children had them . it 's me , '' he said , only adding more fuel to the storm of adrenaline and annoyance lashing her insides . the ex-leader of the prism , the group that tried to kill her ."
338,20,"he had been behind the bomb that killed noah on the bus . and then he had left everything to behind to save wara . `` you ? you scared the beejeebers out of me ! '' she had never imagined she would see him here . sure , in bolivia they had both been recruited by a man named rupert to work with an organization called ci . wara had known she would see alejo again , next week when they set off on an exploratory trip to make their final decision about working with ci in the future . but for goodness sake , she was supposed to have the weekend still to deal with this before seeing alejo again ! yes , this was the friendly midwest , but wara recognized not the tiniest hint of welcome in her voice . some of the spark in alejo 's hazel eyes faded . `` last week we said we 'd meet up on the trip , since we 're both headed the same way . because alejo had asked her to forgive him , they 'd talked on the phone for a few minutes every couple weeks since bolivia . it gave wara the opportunity to say something decent to the brother of her best friend nazaret , instead of simmering with anger and resentment towards him for what he had done . `` see you soon , then , '' alejo had said over her cell a week ago . `` i-i 'm sorry , '' wara exhaled slowly and closed her eyes . they opened to alejo crossing the space between them tentatively , then offering a hand in greeting . they cheek-smooched mechanically , bolivian-style , and alejo cautiously took a seat on the other extreme of the bench . he looked younger with his hair shaved , face smoothed of many of the tortured lines that had marked it three months earlier . the light in his eye flickered , begging wara to let it come back to life as she had promised him through forgiveness after what he 'd done . she could let the light live , or blow it back out . her heart hurt as she crossed her arms over her gray henley top and tried the hint of a smile ."
339,20,"i just really was n't expecting you . '' `` i know , '' alejo 's lips twisted into a smile . `` i just thought i 'd drop by so we could take the trip to morocco together . and i , uh , thought i could see where you live , maybe meet your parents . '' wara fought for polite words , all the while nearly swallowing her tongue . she blinked hard against the memory of alejo 's first connecting with her face , the sudden gravity as she spun into the dirt and collapsed . alejo pressing the hunting knife to her throat and dragging her into the forest . and her best friend nazaret 's brother . and , insanely , her possible future co-worker . a little panicked , her gaze flitted around her little sanctuary of trees , the cedar bench that had been there as long as she could remember . beyond was the house she had always known , her childhood bedroom , the living room where she 'd ripped open presents on christmas and drank coffee over a good novel . `` my parents are n't here now , though . alejo leaned back into the bench , seemingly content just taking in the shades of changing autumn leaves . wara suddenly felt smothered , faced with the prospect of the next several days of his company . what in the world were they supposed to talk about ? she eyed him sideways , but he just sat there with that zen-like tranquility , meditating on nature . per your instructions , '' she informed him just to break the silence . alejo 's eyes lit up in surprise and he tore his gaze from the nearly-naked trees . i hope you never have to get in a fight , but i feel better knowing you 're learning some tricks to keep up your sleeve . '' alejo raised one eyebrow and grinned dangerously as he eyed wara 's long plaid skirt ."
340,20,"`` think you can show me some of what you 've learned ? i 've got to see if you 've been slacking . '' his tone softened , and wara suspected he did n't really think she had learned anything but had only assigned her to learn martial arts to keep her mind off the unpleasant past . `` besides , '' alejo 's tone was quiet yet challenging . `` i do n't think you 'll turn down the chance to give me a few good kicks . '' suddenly he was off the bench and a few feet away , feet planted firmly on the ground . arching an eyebrow that said she really did n't plan to be , wara slowly stood up , pulling a rubber band off her wrist to twist her hair into a rough ponytail . in the three months since she had left bolivia , her dark hair was growing long and straight , looking a little more polished than the uneven cut she had sported before . `` now , '' alejo was grinning solemnly , `` i do n't want to be too mean to you , either , since this is our first fight . so for today i 'm just going to use beginner skills . with that , alejo sidestepped around towards her back so fast she barely had time to register that he was going to try to grab her from behind . wara 's eyes widened as she racked her mind for what she was supposed to do in this situation . she had been going to classes every stinking day , after all . even if alejo had told her to do karate to make her feel better , it had worked . whacking and kicking things had ended up to be a very entertaining way to spend the last there months . the correct kick flashed into her mind as she was already beginning to execute it out of instinct . she managed to twist away from alejo just in time , feeling the thickness of his arms brush by her cheek . apparently all the hours of practice were paying off ! but now alejo was coming at her again , ready to take a swing at her head . moving easily , wara ducked to the left just in time , then rolled to the ground and shot a strong kick upward , barely missing alejo 's belly ."
341,20,"it appeared her muscles really were stronger from all those hours spent at okinawa karate studio . he eyed her with something she could almost call appreciation . you could hold me off for a while with those lightning kicks . unfortunately , because i 'm bigger , i can do this . '' before she even knew how it happened , he had hauled her to her feet and had her against a near-by tree . there was no way she could escape his weight , and his steely grip on her elbows tightened painfully if she even attempted to move . she shrieked , feeling the rage of losing and the powerlessness of not being able to do a thing about it . blame it on being an only child , but wara hated losing . she grunted , and flung her head backwards just where she imagined alejo 's eye socket should be . she actually saw a few white stars as her skull connected with his face , but the satisfaction of hearing him swear under his breath was more than worth it . the hold on her elbows tightened even more , and alejo pressed her farther into the tree , his cheek plastered against hers . `` ok , you win , '' she pronounced , speaking carefully since her lips were only centimeters from the tree bark . the hiss of alejo 's breath in her ear was quite annoying . `` i 'll show you how to do this hold i 've got your arms in . someday , i hope you 'll be able to kick my rear in a fight ? well , at least if i have the flu . '' wara glared , hoping he could see her scowl from the side as he pulled away from her and released the death hold on her arms . wara 's gaze jerked upward as a flurry of dust and bark rained down on her head with the dull whap of an object slamming into the tree above her . her knees buckled as his weight slammed into her and they crashed to the ground . her first thought was : it 's a bullet . alejo remained on top of her , and she flipped her head towards the source of the sound , more than a little frantic ."
342,20,"surreally , alejo had whipped out a gun and was in position to shoot anything that came into sight from behind the trees . but instead of another bullet , a low voice cut through the clearing . `` get away from her , or you 're a dead man . wara 's mind fuzzed over , unbelieving . alejo 's forearm tensed around the gun as a lanky man in a denim jacket appeared , half-sheltered behind a golden oak tree . his eyes narrowed and he trained an unwavering shotgun exactly at alejo 's head . wara screamed at the man holding the gun . she elbowed alejo roughly , face sizzling with chagrin . he wo n't shoot us ? it 's just my dad . '' rachel moschell met and married her husband , eduardo , in cochabamba , bolivia . they have three adorable children and currently live in beautiful cochabamba . rachelmoschell @ hotmail.com im not crazy ! christopher david petersen copyright 2011 christopher david petersen smashwords edition climbing on longs peak the diamond , estes park co ( im the dark spot 1500 ft above the valley ) see that photo above thats just before all hell broke loose while climbing on longs peak in estes park , colorado . now , i hate to be one for over-drama , but when i say all hell broke loose , im talking fire and brimstone kinda hell . some quick background first : at the point in the photo that my friend isaac had taken the picture , we had been climbing for nearly twelve hours and were now roughly 1500 feet above the valley floor . we had started up a steep snow face well before dawn and after day break , the skies looked clear and the winds were light . the skies clouded over and with it , brought winds , plummeting temperatures and light snow . you say for most mountaineers , a few flurries normally wouldnt increase the pucker factor . i wont go into the definition of pucker factor but trust me , a high pucker factor really is not good . as it was , we were looking at a low pf , so i really wasnt too worried , but i did keep a watchful eye on the deteriorating conditions ."
343,20,"shortly after that photo , all hell broke loose . the temperatures hovered around zero and the light snow opened up into a full blown blizzard . as the snows accumulated in the upper reaches of the mountain , huge pockets of that light fluffy white stuff would break loose and race down the cliff in the form of spindrift avalanches . aside from the obvious ( death ) , spindrift avalanches really suck because all too frequently , they pour off the upper face above you and down the back of your neck . has anyone every dropped an ice cube down your back ? well , that would be a welcome relief to a pile of snow . fortunately , due to my superior intellect , i was able to recognize the repetitive event after only being caught in them five times . before the sixth dowsing of snow , i pulled my hood over my head . isaacs and my plan for the climb was simple . we had planned to traverse the cliff a hundred feet more ( from that point in the photo ) , then climb the upper rock face of the diamond for fifty feet or so , then climb onto a steep snow slope above . once we reached that snow slope , it would be easy ( but dangerous ) climbing to the summit . by the time we were making that traverse to the diamond , i was tired . i hadnt worked on my conditioning as well as i should have prior to the climb and the higher elevations were really wearing me out . to make matters worse , i didnt bring enough food or water , so my energy reserves were pretty low . to my relief , isaac led the traverse while i hung back and paid out the rope . it felt good to hang off the cliff by a bunch of tiny slings instead of making that dangerous traverse , out on the sharp end of the rope as its called in climbing . i hung under a large block that sheltered me from the spindrift avalanches above , while i watched isaac pick his way across the cliff . little by little , he alternated his hands and feet as he moved sideways , relying on the hand and footholds to hold him to the steep cliff . hanging there in the cold , the winds howled . i could feel the energy draining from my body by the minute ."
344,20,"i shivered uncontrollably now and shook out each hand to knock some warmth back into them . time seemed to move so slowly as i watched isaac cross that traverse . every so often , isaac placed a piece of climbing gear into the rocks and threaded the rope through it . if he fell , hed only drop the length past the climbing gear instead 1500 feet below . halfway across the traverse , isaac stopped . he was now at a point called the notch couloir . the notch couloir was a wide break in the cliff that ran nearly to the top of the mountain . it was far less steep and if viewing it from a distance , it could even be considered a mini-valley carved at the top of the cliff . i watched isaac stand like a statue , far out in front of me . im freakin freezen here , i remember thinking to myself as i watched him stand idly by . just then , the world went white before me . an enormous spindrift avalanche careened off the cliff face above me and completely blocked my view of isaac . holy mackeral , i yelled out only i didnt say mackerel . no sir , that was a lot of snow , enough to fill up a couple of very large houses . i felt the rope go taut and pulled hard to take up the slack . i could feel that sickening feeling in the pit of my stomach as i envisioned isaac being swept over the cliff by the avalanche . a moment later , as the last of the snowy dust floated on by , i could see him . there was isaac : still standing where i saw him last . the rope had only gone taut due to the weight of the snow as it rushed over it . i yelled out to isaac , but he never heard me ."
345,20,"i saw isaac look up toward the notch couloir , then shuffle quickly across . facing the mountain , he moved his right foot to his right , then moved his left foot over to match it . over and over , isaac repeated the sequence , shuffling across the cliff as he continued to stare up toward the top . as he moved , i paid out the rope , holding him in case he lost his footing and slipped off the edge of the cliff . i was his lifeline , but i had no idea if i could hold his weight in the event of a fall . watching him cross , i looked down the full length of the 1500 foot cliff . due to the deteriorating conditions , we needed to move faster and place less gear on the route for protection during a fall . i hadnt really thought about it before , but having time to analyze the scene , i now realized that a fall over that cliff could almost certainly rip me from my stance . i felt damned scared , but buried my fears and concentrated on my job . moments later , isaac made it to the other side of the snowy slope . i pulled hard on the rope and locked off my belaying device . then i saw it through the falling snow . the mother of all spindrift avalanches creating a white cloud of snow that rushed down the snowy face and over the cliff . i remember saying in my mind , but again , i didnt say crap . i braced myself again for the tug that i figured would be isaac . as the snow clear out , there was isaac , still clinging to the rocks on the other side of the snow slope and he was grinning ear to ear . isaac yelled across the cliff face to me . the rush of beating the tempest had his adrenaline pumping . i could see he was scared , yet invigorated . ok man , youre up next , he yelled out to me ."
346,20,"it was indeed my turn to run the gauntlet . i looked around me in a futile attempt to avoid the inevitable , but finally isaac yelled back over to me again . lets go , he yelled out to me with deep impatience in his voice . quickly i dismantled the anchors holding me to the mountain and started my way across the rock and snowy cliff . hand over hand , i reached for anything that i could grab , each time , double checking that isaac was taking up the slack . the rocky face was cold and now had a light dusting of snow on it . my thin polypropylene gloves were great when the temps were in the forties , but now the temps were hovering around zero , rendering the gloves almost useless . my fingers were so cold , they were cramping as i reached for my next handhold . i was now become increasingly worried i wasnt going to be able to hold on much longer . my survival instincts kicked in and i dug deep . throwing caution to the wind , i decided to make risky moves across the cliff face , hoping my hands wouldnt fail before reaching the snowy slope of the notch couloir . i moved quickly and deliberately , but with awkward lunges that continually held me off balance . my heart was pumping and i could feel the anxiety building as i closed the distance on the snowy slope to my right . a minute later , as my hands were giving out , i made my final step onto the snow slope where i fell forward and rested . good job dude , now cross the couloir , i heard isaac yell to me as i lay and rested . as if in a dream state , i heard him yell to me , and you got ta time the avalanches . up till that moment , i hadnt realized the amount of snow that had been falling . at some point out on that cliff , the snow increased in intensity from heavy to savage . the snowflakes were large and accumulating at a rate of nearly two feet an hour . with that much unstable snow above us , the spindrift avalanches were now rolling down the notch couloir every fifteen seconds ."
347,20,"crossing the 50 feet wide couloir would take all of that fifteen seconds , if you moved fast . if you didnt , the result could be disastrous . that much snow could easily sweep you off and over the cliff . no sooner than i wisecracked , i watched a wall of snow barreling down at me as it roared through the snow slopes narrow valley above . quickly , i dug my hands and feet into the snow and hung on . i watched for only a moment , then just before impact , i buried my head down into my shoulders and braced myself for the terrifying wave of snow . at first , the snow flowed over me like a gentle stream of water , but that didnt last long . a split second later , i felt the full force of the wall of snow that raged over the top of me . it taunted me , laughed at me , mocked my insignificant strength as it pushed and dragged me lower from my dug-in position . i could feel my hands and feet being ripped from their anchors and i focused all my energy on them , trying to embed them further in the hard packed snow . as i began to slide , i felt the unmistakable tug of the rope on my climbers harness yanking me sideways as isaac fought to keep that malevolent force from dragging me off the cliff . nooo , i remember screaming in my mind as my feet broke free of solid land and floated in space . i was going over the cliff edge the cliff edge that perched 1500 feet above the world . as quickly as the avalanche came , it went . i immediately crawled higher and leapt to my feet . i gave a cursory glance at the cliff edge just inches below me , then over at isaac . he was smiling duuuude , you almost cratered , man ! i knew i had only seconds before the next wave of snow came . isaac pulled hard on the rope , snapping me out of my foggy state and i started off across the open snow slope . the snow was deep now , almost past my knees and i dug deep into my reserves to plow through the heavy mess ."
348,20,"forty feet , thirty feet , twenty feet i powered across the slope like a steaming locomotive , focusing only onmy destination . i saw isaac look upward and i knew disaster was on its way . harder and more determined , i plowed across the last feet steps . twenty feet , ten feet , then i heard the roar of the wave from above . i looked up and saw the next wall of snow roiling as it charged down the snow slope . suddenly , i felt a hard jerk on my jacket , only it wasnt from above it was sideways . isaac reached out , grabbed my jacket and hauled me into safety . i looked back and watched my deep footprints vanish in a moments blink as the heavy wall of snow obliterated any signs of my existence . dude man , you were almost a statistic pretty cool , huh ? isaac yelled to me over the roar of the avalanche . isaac had set up a bomber anchor system and for the moment , i felt fairly secure . i looked over to isaac and he was now looking at a rock wall behind us . ok man , we got ta climb up this rocky face , then step around the corner to the diamond . well do that short pitch of rock , then step off that and onto the snow slope above . i remember in my mind saying , hell no , its not ok. im cold , tired , scared and im pretty sure i need a new change of under-britches . yup , i replied dryly through gritted teeth . the freakin diamond on longs peak in the middle of winter what were we , insane ? ! ! only the mother of all rock faces in colorado . its nearly 2000 feet of sheer and overhanging rock , that only the best and most skilled climbers attempt to climb . fortunately , we were only planning on doing the very last fifty feet of it ."
349,20,"that last section was supposed to be relatively easy climbing , but now , it was getting dark and the snows were really accumulating on the rocky surfaces that we were depending on for handholds . hold me , i want to check out the diamond , isaac said to me . i paid out the rope as he worked his way lower toward the cliffs edge . once there , he grabbed a rocky handhold and extended himself out over the 1500 foot drop off . he looked down for a moment , then to his left to survey the upper face that we were about to climb . he stared at it for what felt like an eternity . isaac pulled himself back over land and worked his way back up to me . that whole face is covered in snow , isaac said . yeah , sh # t my pants , then use my ice axes to climb up the snowy mess in front of us , i suggested . isaac looked up at the wall of snow , rock and ice that stood between us and the upper snow slope twenty feet higher . if we could just get above it , the summit would only be a few hundred feet more of easy snow climbing . isaac turned to me and said , ok , after sh # tting your pants , go for . i done sh # tting you got me , i replied dryly . i took out my ice axes , looped the lanyards around my wrists and approached the mess in front of me . for those who dont know what an ice axe is , it is a miniature pick axe . you swing the pick into ice and pull on the handle to climb higher . i brushed the heavy snow off the rocks and searched for a handhold . as i placed my hand on a nice blocky surface , it quickly slid off . ice a thin layer of ice had now glazed the rocks surfaces . using my hands alone just wasnt going to work ."
350,20,"undaunted , i decided to use the pick of my ice axes to try to climb higher . i placed the front point into a tiny crack and pulled hard . i pulled on the axe handle and moved higher as isaac paid out the rope . this was scary climbing , with a pf ( pucker factor ) of about an 8 . ice axes are used for thick ice where the front point of the axe sinks deep into ice , giving you a secure hold . now , my axes front points were only held to the rock by shear gravity . if i moved the wrong way , they could easily just pop off the rock and id fall not good . i moved up a few feet to the outer corner where the blocky face above met the face of the diamond . gingerly , i placed my axes on the glazed rocks and pulled hard , trying to get them to stick . that diamond was literally covered in snow . i looked up at the corner i was now climbing . a few feet higher , it appeared that the texture became more blocky and easier to climb . the problem was that id have to straddle the corner with one leg on the blocky face and the other on the face of the diamond . id be hanging , literally , 1500 feet above the valley floor by only the tiny points of my axes . isaac must have seen the fear in my eyes . he smiled encouragingly and yelled , youll be ok. my stomach churned as i looked down through the falling snow . it was almost dark and i could barely see the large blocks of snow on the valley floor , far below . my hands sweated even while they froze to the axe handles . pf = 10 i reached up and scraped off some snow above me , looking for a good placement . feeling around , i located a tiny crack and slipped the point of the axe into it ."
351,20,"as i weighted it , i moved my right foot out onto the diamonds face . with half my body hanging out over 1500 feet of air , i was now straddling the hairy edge of my raging fear . i didnt want to look down i couldnt really . something in my subconscious mind wouldnt allow me to do it . suddenly , a wild blast of arctic wind slammed into my body , rocking me from my stance . my feet skidded momentarily , then one popped off its placement . quickly , i found another foot hold , but then again , another gust of wind slammed into me , knocking both feet loose . in an instant , i was now dangling from my ice axes over the 1500 foot cliff , swinging wildly in the wind . i lost my breath as i frantically searched with my feat for any type of purchase . fumbling , freaking and fatiguing , i was running out of strength and running out of time . my left axe wobbled and popped out of its feeble placement . isaac anticipated my fall and was now doing his best to reel in what little slack in the rope he could find . i felt my body lunge sideways toward him . he was nearly pulling me off the cliff . as i flailed in the air , i made a desperate attempt to hook my axe on anything that would hold . isaac tugged again and drew me in from the corner . i reached for the blocky face and i scrambled my feet to find something to stand on below . suddenly , my foot found something a nob , a tiny nob . i stepped on it and immediately pushed hard forcing me closing to isaac . i sprung from the cliff once more , dangling again , wildly thrashing in the wind ."
352,20,"i could feel the veins in my neck pulsating with savage fear . what felt like hours were mere seconds but it was enough to drain me of all mental and physical strength . i made another desperate lung with my free hand . isaac had somehow hauled me off the face of the diamond , pulled me around the corner and i was now standing a few feet from him on the blocky face above . out of breath , out of strength and out of my mind , i jump backward and dropped to the snow slope next to isaac . i collapsed in my tiny crater and rested . moving on instinct alone , i rolled onto my stomach and dug my frozen hands into the deep snow as i planted my boots in below me . i buried my face in the snow and waited . the thick violent wave , rolled over the top of me as isaac stood firmly and held me with the rope . i fought hard for my position , but was no match for the forces of nature . with very little strength left , i was ripped from my position and dragged down-slope toward the edge of the cliff . abruptly , my slide came to a stop as the snow fought to push me further . i felt the wave of the avalanche dissipate and i looked up to investigate my predicament . there , standing with teeth clenched , stood isaac . with his arms outstretched , he hauled back on the rope and prevented my slide off the cliff . you just going to lay there lollygagging all night ? quickly , i jumped to my feet and plowed through the deep snow , ascending the short distance between us . if i wasnt so tired , id kill you right now . now youre gon na wuss-out when were so close to the summit ? good call lets get the hell out of here , isaac responded in grave tone ."
353,20,"at that point , i was too tired to do anything but belay him back across the snow slope . darkness had finally come and the snows were raging now , reducing the visibility to near whiteout conditions . isaac ascended higher on the slope and waited for the next avalanche to pass through . even before the rush had dissipated , he started off to the other side . i paid out the rope through frozen finger as he plowed his way through the deep snow . forty feet , thirty feet , isaac moved with determination . he was nearly to the halfway mark , when i heard him scream over the wind . just then , isaac was caught in an avalanche . the blizzards intensity had heightened , dumping even greater amounts of snow onto the upper regions above us . the resultant snow created spindrift avalanched in greater quantity and ferocity . isaac jumped to the ground and burrowed in as quickly as he could , but it was too late . the wave of snow rolled into him , knocking him backward and dragging him down the mountain . i heard him scream out , now barely audible twenty feet from him . i pulled hard and watched in desperation as he continued to slide toward the edge of the cliff . as his slid , isaac rolled over onto his stomach and pounded his hands and feet into the snow , desperately trying to anchor himself to the slope . downward he slipped : twenty feet , fifteen feet , ten feet toward the edge of the cliff . his boots seemed mere feet from going over . as the wave slowed , so did isaacs descent . he jumped up and tried to swim higher up the slope . seconds later , he jumped back down once more and buried his limbs into the snows around him ."
354,20,"i pulled hard on the rope , holding him against the inevitable . like a malevolent entity , the snow raged over the top of him again , threatening him , punishing him for his presence on the mountain . as isaac fought for his life , he began his downward slide toward the cliff . i watched in horror as his feet broke through the crust of snow that defined the cliffs edge . like a man swimming through mighty river rapids , isaac flailed his arms and nudged his knees higher . then , as quickly as the avalanche struck , it was gone . isaac leapt to his feet and lunged through the snows as he fought his way to the far side of the snow slope . the gods of nature smiled down upon me . i timed the avalanches correctly and sprang across the snow-slope like a gazelle . i remember the look of relief in isaacs eyes as i stepped beside him , barely making it past the next avalanche in series . he asked lovely , i replied in pleasant tone . for the next five hours , isaac and i worked our way back across the mountain , then down the long and steep snow slope that lead to the valley floor . fortunately for us , the blizzard slowed quite a bit and the spindrift avalanches all but disappeared . by the time we got back to our camp , it was after midnight . we had been climbing for almost 20 hours straight . ive told this story before and usually receive the same reactions : head shakes and the standard verbal remonstrations , why would you do that ? well , all i have to say is that a crazy man wouldnt have dangled from a solitary ice axe , 1500 feet above the ground , petrified beyond comprehension . ps : years later , my friend isaac , tangled with another avalanche while climbing alone . if you enjoyed the short story above , please read the following sample chapters of tear in time ( tear as in torn ) . tear in time christopher david petersen copyright 2011 christopher david petersen smashwords edition tt : chapter 1 chattanooga , tennessee alton park region june 8th , 2005 life and destiny stood for one last moment , perfectly synced in time ."
355,20,"never again would the world see the past as they remembered , as one death would change the worlds destiny forever . -- - -- - -- - -- - -- - trae williams leaned to one side as he sat on his mothers decrepit front porch and watched his sister play in their front yard . lena williams , an energetic eight-year-old , raced back and forth across the worn lawn as she chased after tiny moths that had hidden themselves on the blades of grass . with each swipe of her hand , she expertly snatched the tiny white targets out of midair , then released them back to the world safely . damn le , youre like a ninja or something , trae replied . beaming with pride , lena replied , too bad mom cant see my skills . maybe you can show her then , trae answered . moms always working , lena said disapprovingly , then added , too bad we dont have a dad like sharices , next door . he just dont come around no more and sharices mom dont work cause shes lazy , trae replied as delicately as he knew how . lena stopped running and sat down next to trae . that was before you were born , trae replied . he wasnt around much , even before he got sent up , trae answered . damn , le , you never even seen im before . i just do , traeim sure he misses me too , lena replied . trae knew his sister was hurting from her fathers rejection . hoping to take her mind off her pain , he searched for anything to distract her . hey , le : check out those moths over by the street . bet you cant catch em all , trae said , with a challenging smirk . immediately , lena sprang to her feet and darted to the edge of the road , both hands sweeping through the air as she lunged for more moths . trae watched her for a moment , then became distracted as an older buick with faded paint slowly drifted toward the stop sign at the beginning of their street ."
356,20,"unremarkable at first , the long length of time spent at the stop sign made the old sedan a conspicuous sight . trae focused more of his attention on the car . he squinted hard as he tried to see through the darkened , tinted windows , but it was of no use . the old buick was literally parked at the stop sign for what now felt like an eternity . he glanced over to lena , then back at the suspicious car . a knot in the pit of his stomach began to grow . le , come here for a minute , trae said in nervous tone . i almost caught em all , lena replied , indifferent to the world around her . trae saw the brakes release from the old buick , then quickly stop again , almost as if by accident . he looked up the street to see if the vehicle had intended on pulling out but reconsidered due to another passing car . strangely , there were no other vehicles in sight . hearing trae use her full name , lena stopped and stared at her brother for a moment . she could see the peculiar look spread across his face as he turned back toward the mysterious buick . maybe you should go in the house for a minute , trae replied , now feeling the anxiety of the moment . besides , i can take care of myself , lena stated proudly . uh huh , sure you can just get in the house , trae responded bluntly . just one more m. lena began , but was cut short by the revving of the buicks engine . suddenly , aggressively , the old buick released its brakes and stormed around the corner . with tires squealing and smoke billowing from behind the car , the old sedan charged up the street toward them . oh no , trae murmured to himself , almost in sobbing tone ."
357,20,"with little time to react , trae sprang to his feet and hurried toward his sister . she knew something was wrong , but was too young and naive to fully understand traes actions . trae watched in horror as the buicks dark tinted windows began to lower . in seconds , his worst fears were realized as the occupants extended their guns out from the windows . with deafening sound , their automatic weapons came to life . as bolts of white light streaked from the ends of the gun barrels , trae lunged for lena , knocking her to the ground . he instinctively rolled on top of her to protect her as a hail of bullets tore up the ground around them . as the faded buick roared past , trae and lena lay motionless on the front lawn , their minds and bodies unable to react . as time seemed to slow , trae could almost count the bullets as they exited the guns . one by one , each bullet miraculously missed it mark . suddenly , he realized they both were alive and had made it through the drive-by shooting . quickly , trae leapt to his feet , pulling lena up with him . the sight of the two still alive spread quickly to the driver of the car . in an instant , he slammed on his brakes and brought the old buick to a quick halt . throwing it in reverse , he immediately roared backward down the street toward trae and lena . seconds later , the driver slammed on the brakes once more and brought the heavy vehicle to a quick stop . trae grabbed lena around the waist and sprang from the edge of the road . like the stride of a gazelle , he bounded across the front lawn with amazing speed and agility , his adrenaline pumping at full capacity . as the faded buick came to a stop , all its doors were flung open and four young men exited the vehicle quickly . with their guns still drawn , they wasted no time in continuing their task ."
358,20,"trae leaped to the top step of his front porch and felt a sharp razor-like object strike his left side . before the first bullet could even register , a second bullet struck him in the right shoulder , rendering his arm useless . instantly , lena dropped onto the porch , trae collapsing beside her . an eerie quiet spread over the neighborhood as the four thugs reloaded . knowing this was their only hope of survival , trae crawled to the front door and tried to wrap his fingers around the lower corner . with his hand covered in blood , they slipped off the edge of the door . le , get in the house stay low , trae ordered . lena , scared and crying , lay beside her brother , unable to move . nodding reluctantly , lena quickly stood up and pulled the front door open as trae moved to shield her from the four men nearby . instantly , a roar of bullets unleashed a swath of destruction across the front of the house , breaking windows and knocking shingles from the siding . as lena began to enter the house , another bullet entered traes lower back , knocking him forward against the door , closing it momentarily across lenas body . trae rolled to his side and dropped down onto the deck of the porch once more . trae said , his voice now barely audible . no , i can help you , lena replied with determination . before trae could protest , lena reached down and grabbed him by his shirt . she pulled with all her might as trae pushed with his feet . suddenly , lena exhaled abruptly and sounded a guttural moan , as a bullet struck her in the chest . immediately , she slumped to the ground , then rolled over on top of trae . with both victims down , the four thugs ran back to the waiting car and sped off . once again , an eerie quiet swept over the neighborhood as the neighbors , one by one , ventured out into the warzone ."
359,20,"further south , along signal mountain , dr. phineas morgan stood on his wooden deck . perched high above the valley floor , he stared out toward northern chattanooga and tried to shut out the images of carnage that had just taken place.from his location a few miles away , he could not see the muzzle flashes , nor did he hear the gunshots ; but strangely , he knew exactly where the shots were fired and who they were fired upon . sadly , he checked his watch : 10:30am . in a moment of solemn respect , he uttered a few simple words , forgive me lena . turning away , he stared out over the city and spoke . the dominoes of destiny are now tumbling ... godspeed , david . t t : chapter 2 chattanooga , tennessee , june 7 , 1862 8:30am the tennessee river quietly flowed south and west as it made its way past missionary ridge , toward the city of chattanooga . the april rains were now a month past and the wild and raging torrent that threatened to breech the swollen banks was now a gentle lazy river that quietly meandered its way through the valley . the muddy water that had angrily lapped the rivers banks receded some , leaving heavy , waterlogged brush and debris drying in the morning sunshine.soft and tranquil , the water trickled past the fallen branches that scraped the surface of the river , catching any unsuspecting object that dared to tempt its grasp . flowing placidly south into the city , the river touched the edge of civilization , then abruptly changed course and headed north , past signal mountain . several miles later , changing course once more , it looped around the mountain and continued its previous direction south , carrying with it the tiny bits and fragments of an industrialized city hard at work . sitting patiently on an elevated boulder , a young boy hung his makeshift fishing pole over the water in an attempt to catch his breakfast . looking toward the city , he could see the tall smoke stacks that emitted the evidence of men toiling at work . a light , gentle breeze blew across the valley of high plains grasses , carrying with it the fragrance of fresh cut hay and wildflowers . the breeze brushed past his face , filling his tiny nostrils with the scent of nature , and sending warm contentment throughout his body as the sun shined down upon him . he reveled in his independence as he envisioned other boys suffering through school while he enjoyed his day of truancy . further up river , leaving the city limits , a raft made from hastily hewn logs of birch were haphazardly strung together with cord and vine , creating an unstable , yet functional mode of travel . dirty and bedraggled , the two aged trappers floated downstream , extending into the water , long poles made from pine saplings , skillfully placed to navigate the many bends in the river on the way to their next destination . inside the city limits , at the sharpest bend in the river , a small force of confederates guarded the main dock and prepared to unload supplies . in the morning sun , under the direction of the regimental captain , the men formed a human chain that led from boat to horse-drawn wagons ."
360,20,"hand over hand , they passed the goods and ammunition from one soldier to the next in sequence , until the final soldier arranged and stacked the supplies neatly in the back of the wagon . at this hour of the day , the sun sat lower in the cloudless sky , warming the temperatures to a comfortable seventy degrees . if it were not for their thankless duty to task , the soldiers would normally have enjoyed the balmy climate . as it was , their heavy labor created torrents of salty sweat that streamed down their faces , and soaked through their cotton shirts and heavy gray uniforms . when the wagon had been completely filled , the driver snapped the reins to the team of horses and started off to their encampment , whereupon the next driver in line took his place for loading . beyond the dock , a local merchant swept off the elevated wooden walkway in front of his general store . a small cloud of dust rose in the air as he briskly cleared away the caked mud that had collected between the wide spacing of the wooden boards that ran the length of the street . at the rear entrance , a young man helped load heavy sacks and other supplies into a waiting wagon to be delivered to a local resident . further up the boardwalk , the blacksmith and livery were hard at work , attending to the needs of the community as well as those of the confederate officers that had entrusted their belongings to their care . at the center of the industrious town , off the open green , the one room schoolhouse bustled with activity and the sound of childrens voices , as they recited passages pulled from the important authors of the day , such as twain , thoreau , dickens and blake , each childs voice as distinctive as the passage they read . beyond the main thoroughfare , on the secondary and tertiary roads , tiny houses dotted the roads leading out of town . hung on public display , tiny diapers , socks , shirts , dresses and other freshly washed articles of clothing were draped over the makeshift clotheslines and pinned in place with wedges of wood , and allowed to dry in the brilliant sunshine as the matron of the home moved through her chores of the day . this day began as any other day : monotonous and routine , men , women and children alike , functioning in their singular importance while contributing to the whole of their society . unsuspecting and mostly indifferent to the violent world beyond their borders , they went about their lives , contented in their own daily struggles . -- - -- - -- - -- - -- - on the opposite side of the river , hidden in the dense thicket and underbrush , several companies of union sharpshooters lay in wait . quietly and undetected , they had moved to the rivers edge , sneaking in under the protection of darkness . perfectly concealed , they laid on their stomachs and waited for their signal . they watched in anxious fascination as the confederates on the opposite side of the river worked to unload their delivered supplies . with their rifles aimed at their targets , they whiled away the time by calculating windage and elevation . time seemed to slow as they waited on their signal of death ."
361,20,"at two hundred yards away , they were well aware of their ability to hit their mark . spread out shoulder to shoulder , they presented a menacing sight . shifting their weight from side to side , they tried to alleviate their discomfort . as their arms and legs fell asleep , they shook them out , recirculating the blood through their extremities , gaining the feeling in their hands and feet once again . for an unlucky few , insects presented more of a distraction than the lack of feeling in their limbs . with regularity , ants returning to their nest would find their passage blocked by the hulking mass in blue . upon investigation , the ants angrily attacked any bare skin , biting and pinching in a futile attempt to drive away the enemy . their feeble assault was met with equal aggression as the soldier swatted and crushed his irritating attackers . waiting quietly in the underbrush , each soldier pondered his own fate . any attempt to push the morbidity from their minds proved fruitless , as they watched the enemy in their sights , reminding them again of the possibility of their own forthcoming violent death . searching for solace , they turned to their companions , whispering inquiries about families and future.in return , they received warm reassurance as the sound of their comrades whisper helped to sooth their deep worry . having sat through the bite of cold as they crawled in under darkness , hunger pangs from lack of food , and the contemplation of death , the union volunteers of the 79th pennsylvania were ready and determined to complete their task . up in the foothills , away from the edge of the river , the union artillery waited on their orders from gen. james negley . high on his horse , barrel-chested and confident , he posed an impressive figure . he sat pensively and observed the scene below . lifting his spyglass to his eye , he continued to look for weakness and opportunity . with an authoritative voice , he redirected cannons down the line to specific targets as he developed his impromptu battle plan . as the union soldiers manned their stations of artillery , they looked out over the valley at the confederate soldiers drilling in formation in an open field far on the opposite side of the river . several cannons were already directed toward them , but with a quick nod of his head , gen. negley ordered additional cannon support on that location . feeling somewhat detached from the confederates impending doom , they obeyed their orders and indifferently aimed the deadly weapons at the center of the field ."
362,20,"standing by their designated cannon , each soldier mentally prepared himself for the battle . at their elevated position , and protected by the river , they all felt relatively safe : that is , safer than their comrades below by the river . they had survived the previous years battles , and were well seasoned in their trade . they knew there would be casualties , but felt relatively sure that with the element of surprise , the battle would be fairly one-sided . they looked down at their comrades who had crept up to the river 's edge just before dawn . a sense of sadness and anxiety come over them , knowing they were in harms way . any retaliation by rebel forces would start with them . well-hidden in the thickets , the confederate soldiers would have a tough time distinguishing the exact locations of each union soldier . the confederates would hear the sound of the union rifles and fire in that direction . most of the boys in blue would be lucky , and escape the wild and harried volleys of lead . the previous day , june 6th , dr. jeb morgan prepared one of the supply wagons as a makeshift operating table in preparation for the impending battle . as a commissioned medical officer in the regular union army , he held the rank of captain . serving in the military for most of his life , he was no stranger to the horrors that warfare could bring . his battlefield experience was extensive , having served in the mexican-american war of 1846-1848 , various indian campaigns , and now the war between the states . dr. morgan was a short , stout , older man of sixty , with a full head of white hair , a long , white , flowing beard , and piercing blue eyes . having dodged mexican bullets and fought hand to hand with indians , he possessed an inner strength and courage , as well as intelligence , that were uncommon for most , distinguishing himself for his skill with a firearm as well as a scalpel . recognized for his abilities , he had been offered lofty positions at comfortable hospitals of his choosing , yet rejected the honor , preferring instead to remain in the field , saving a greater number of lives ; much to his superiors dismay . far behind the union front line , the doctor had searched for a suitable location to operate . in a protected grove of birch trees , he found a large flat area with lush green grass . as the principal surgeon for the brigade , it was his job to ensure a site that was far enough from the action to allow for undistracted work , yet close enough to the front lines for quick evacuation and treatment ."
363,20,"ordinarily , dr. morgan preferred the protected confines of houses and barns , commandeered from private citizens at the onset of battle . with the battle for chattanooga started from a location far removed from civilization in order to preserve the element of surprise , the wooded clearing would have to suffice . the previous day , while gen. negley prepared his battle plan , dr. morgan scoured the foothills near signal mountain on horseback . as he rode up through the rolling terrain , the trees and vegetation became less dense , allowing him to catch glimpses of the city . leveling off , he rode through the forest of white birch , weaving a path around the denser areas until he found the clearing.immediately , he recognized the qualities of the find . he deduced the small field would allow for bright light to operate by , and the trees at the clearings edge would provide comfortable shade to the wounded as they recovered . it wasnt perfect , but he felt he had worked in worse conditions while fighting in the west . this would certainly be more tolerable as long as the good weather held . after locating the medical encampment , dr. morgan quickly summoned a wagon to be used as an operating gurney and prepared his instruments . with the canopy removed , he neatly arranged his supplies on the right side , along the length of the wooden side-bracing . within arms reach , he placed his instruments first ; a basin and canteen of water next ; then cotton batting and other bandages last . at the head of the wagon , he arranged the necessary supplies for the assistant , such as chloroform , bandages , and morphine in powder form , as well as opium as an analgesic . with the preparation for surgeries in place , he rejoined the front lines , offering his assistance where he could , leaving an assistant to watch over their makeshift hospital in his absence . the following day , june seventh the day of the battle dr. morgan woke early after a restful night 's sleep under one of the many cannons aimed at the city . he was offered a tent for accommodation , but declined special privilege , electing to rough it under a cannon instead of putting others out . a selfless man , he figured the boys that were fighting and dying should at least be granted the small pleasure of the comfort of a tent . after years of adapting to the rigors of warfare , he learned to sleep wherever he laid his head . the dawn of the new morning created cool dew that had soaked through the unprotected parts of his body , mainly his legs and boots , producing mild discomfort . by 8:30am , his clothing had dried out completely and he focused on his duties of the day . filling up on hardtack , a hard , flavorless cracker , and some water , he administered various remedies to the soldiers that had reported for sick call while he ate ."
364,20,"of the thirteen men reporting various symptoms , only one was deemed incapacitated.suffering from acute dysentery , he was given a mixture of quinine and dover 's powder , and sent to the medical encampment for recovery . dr. morgan was a compassionate and sympathetic older man , but tough nonetheless . his private philosophy was , `` if you can walk , you can fight . '' with his duties accomplished for the moment , gen. negley ordered dr. morgan to his station with a reverent nod . they both were seasoned military men who understood each other implicitly . with a respectful salute , the doctor turned and walked past the soldiers readying themselves at their own stations . he could now see the woeful anxiety on their faces as he made his way past , and he flashed them a courteous smile , trying to ease their worry . locating his horse , a dark brown canadian stallion called bill , named for an old friend that had died at the hands of an indian ambush years before , he mounted the saddle , adjusted his boots in the stirrups , and with a quick snap of the reins , turned and rode off toward safety . with his sword lifted to an exalted position above his head , gen. negley roared the order to commence firing . loud and with great authority , he repeated his simple command over and over as he rode up the line . instantly , his men responded and lit the fuses to their cannons . like violent demons , the cannons came to life as they reported with a thunderous roar , shaking the ground under them . the well-trained soldiers began their work . in groups of three , one loaded the powder and wadding , one loaded the shell or heavy ball , and the third lit the charge . they were as a machine , working in perfect sequence and timing to efficiently deliver unto the enemy , their deadly payload . whistling through the air , the shells and cannonballs picked up particulates of dust and small flying insects as they arced across the valley toward chattanooga , killing anything in their path before reaching their final destination . the loud cannon fire from above signaled the sharpshooters below to unleash their own deadly volley of destruction . in reflex , they pulled their triggers and sent the tiny , yet deadly pieces of lead on their individual paths of doom , as they quickly reloaded their weapons with practiced speed . with a startled jolt , the town and the confederate soldiers both stood in place as their minds tried to quickly process the disbelief of their forthcoming death . unable to move , they heard the whistle of air as the projectiles hurled toward them ."
365,20,"those with their backs to the volley waited and listened as the whistle grew quickly louder , into a thunderous rush of air . those facing the volley watched in disbelief as they quickly trained their eyes on the direction of sound , watching the heavy ball and tiny bullets disrupt the air in front of them just before impact . as fate and misfortune collided , so did shell and flesh . in the group of drilling confederate soldiers , the first volley hit its mark with deadly accuracy . one unlucky private watched in horror as a shell found its mark in the chest of the unlucky companion marching in front of him . the shell tore through his uniform , flesh and ribcage , instantly killing him even before the shell 's internal mechanisms sensed the pressure of impact . with a great explosion , the canister fragmented into thousands of tiny projectiles , completely disintegrating the whole of the soldiers existence . there would be no burial for him , as there was not a remnant left of his body . continuing on their way , the fragments of the now exploded shell found their next victim in the watching soldier . as the hot pieces of metal tore through his body , it severed his extremities , as well as buried molten metal into his own chest . deflected , yet still deadly , the fragments found other victims all around the location of impact , sending blood , torn limbs and other shredded body parts into their fellow soldiers . for a lucky few who escaped the initial impact , the concussion from the shockwave of the explosion ruptured their eardrums , disorienting them and rendering them useless . as other shells exploded into and around the stunned , helpless soldiers , the same gory results affected the devastating loss of the entire company . along the waterfront , the confederate soldiers that were unloading supplies met with the same fate as their drilling comrades . shells fell around them , exploding into thousands of fragments and tearing through their bodies , killing the closest to impact while maiming and impairing others further away from the epicenter . cries of agony could be heard as they fell . as the union sharpshooters unleashed their hail of shot , balls of lead sailed through the air with an awful shrill , telegraphing their intentions . the bullets found their mark , tearing through gray cloth , violently ripping through flesh and bone , and creating large , gaping wounds for germs and disease to enter the body unrestricted . collapsing to the ground , many screamed out in agony , clutching their bleeding wounds in a desperate attempt to relieve the pain as death quickly overcame them . others lay in torment as hypovolemic shock quickly enveloped their bodies from the loss of blood ."
366,20,"all around the city , that first barrage of munitions inflicted devastating damage . not only was the confederate encampment targeted : loading docks on the river , telegraph offices , livery stables and blacksmith shops were also targeted . anything that could be used to further the confederates cause was targeted in the first volley of union fire . within seconds of the first discharge from the union rifles and cannons , another round quickly sounded , followed by a third and fourth volley . the murderous fire seemed unrepulsed at first , but slowly , the confederate soldiers that had not been wounded , and others that had not been targeted withdrew and regrouped to form a defensive line at various points around the city . with determined anger , positioned behind a breastwork of wagons and supplies , a band of confederates located both sources of gunfire coming from the opposite side of the river and higher up in the foothills , and unleashed their first of many volleys of retaliation and repel . as union soldiers lay on their stomachs and reloaded , they heard the sound of lead crashing through the branches and thickets above them as the confederates searched for their targets by trial and error . with the next round by the union sharpshooters , more confederates lay dead and wounded , but with this volley came a pinpointing of the unions exact positions . with orders to aim low , the confederates returned fire into the lower banks of the river . cries of pain and agony testified to the confederates skill , as several union soldiers now lay dead and permanently maimed , slowly reducing their effective force . just as with the confederates , the union soldiers now were on the defensive , and scrambled for a moment , regrouping into a smaller fighting force . unbeknownst to the union command , out beyond the city limits , the confederates loaded several cannons . tucked away in a grove of tall oaks for protection from the elements , they were easily missed by their opposing force . quickly , the three-man teams loaded their cannons and took careful aim at the union battery . with the command to fire at will , the confederates opened up on the union forces staged in the foothills of signal mountain . with visibility drastically reduced by the repeated cannon fire , the union forces struggled to see targets . by the time the union artillery brigade saw the heavy smoke from the confederate volley , it was too late . as the scream of the fragmentation canisters telegraphed their arrival , the union soldiers could only stand and watch in horror as the tiny projectiles grew larger in their vision , the speed leaving them little else to do but stand and watch their impending death . the first of the four canisters roared into camp and impacted the ground between two cannon batteries , immediately exploding into tiny shards of twisted and molten metal . instantly , the thousands of fragments traveled from the point of impact and found the first of their victims in the two union soldiers that stood between the two cannons ."
367,20,"within a blink of an eye , their bodies absorbed most of the fragments , nearly obliterating any proof of their existence . blood and bone splattered the two cannons in a characteristically horrific pattern of death and destruction . as the fragments deflected and ricocheted off objects human and metallic , their destruction was devastating , in all , killing and maiming nine union soldiers . a split second later , two more canisters roared in after the first , these two impacting the bluff just below the union 's cannoning . although the projectiles embedded in the earth and exploded , their destructive intention would not be denied . the soil heaved and broke apart , sending large amounts of fast-moving granules of dirt and pebbles toward the union battery , ripping into flesh , maiming several union men hard at work , the force knocking them to the ground in agonizing pain . the last canister rocketed over the heads of the union soldiers and hit a birch tree high up in its trunk , exploding and instantly amputating its upper half from the lower . the crash of the tree as it hit the ground went unnoticed as the union forces turned their destructive force onto the cloud of confederate smoke far out beyond chattanooga . with a wave of his sword , gen. negley bellowed the order to silence the cannons at the far edge of town . quickly , the teams of three jockeyed their cannons toward the fading confederate smoke , calculated the angle of trajectory , and lit their charges . the repositioned cannons came to life as their muzzles spewed fire , smoke , and metallic death , the recoil sending them reeling backward against their restraints . seconds later , far out beyond the city proper , primary explosions could be seen as the shells hit their targets , followed by several secondary explosions , signaling the destruction of enemy ammo caches that had ignited as a result of the primary detonation . violently jolted from his lazy stare up river , the young boy sitting on the elevated boulder fishing for his breakfast nearly fell into the water in reflex to the loud explosions . he quickly gathered his things and jumped from rock to rock , desperately fleeing for cover . still at the bank of the river , he found two large boulders to hide behind , giving him safe cover during the violent exchange . closer to the action , the two bedraggled trappers , upon hearing the deafening explosions that were killing their countrymen , quickly deduced that their only safe escape was to continue their poling down river . any attempt to make land might expose them as combatants and draw fire from either side . they grabbed their poles even harder and strained to push the tiny raft faster down river . hand over hand , they pushed on the flimsy poles , nearly breaking them as they rushed to evade harms way . painful blisters formed and quickly broke , leaving fresh blood along the length of the poles as they continued to push for their lives ."
368,20,"standing on the left side of the raft , without warning , a single stray bullet whistled through the air and impacted the back of the first trappers head . the lead ball mushroomed and shattered his skull , propelling bone , brain and blood down the front of his tattered clothes and into the river . instantly , he fell overboard and floated downstream . in shock from witnessing the death of his companion , the remaining trapper cried out in anguish as he helplessly watched his friend floating away , trailing behind him a path of red water . reality snapped him back into focus as another bullet embedded into one of the logs of the raft , fracturing it and sending tiny splinters into the water . he looked back at the pelts of beaver and muskrat he and his now deceased friend had toiled over for the previous two months . he hesitated for a moment , then grabbed a handful of beaver pelts , his rifle , and a tiny strongbox of money , then quickly jumped into the water . struggling to stay afloat with the weight of the rifle , he kicked his boots wildly under the water . as his head dipped below the surface , he was about to let go of the rifle when his feet touched bottom . he pushed off the muddy floor of the river and popped his head above the water , took a gasp of air and sunk below the water again . finding the bottom of the river once more , he launched his waterlogged body above the surface and gasped for another breath of air . as he sank back into the water , his head now was above the water line . he had managed to move close enough to shore to now wade toward land with his handful of belongings safe . spotting a large boulder at the rivers edge , he made his way toward it , keeping his head mostly submerged for cover . at the boulder , he threw his pelts and strongbox onto higher ground and positioned his rifle for defense . with the powder wet and useless , he still aimed his weapon , hoping he would not be called on to bluff . shaking and scared , the young boy huddled close to the rock , having just witnessed the drama of the trappers unfold further upriver . at the tender age of seven , he had never seen a man killed before , and the sight of the old trapper 's violent death shook him to his core . his world had changed in an instant , the graphic vision imprinted in his memory forever . he openly wept as he watched the remains of the old man drift slowly downstream past him ."
369,20,"union corporal amol fletcher , part of a three-man team assigned to artillery , had been standing at his post when the first of the four confederate shells exploded . fighting two cannons away , the blast sent shrapnel through his team , decapitating one private and missing the other , while he himself took a large fragment to his lower leg , nearly severing his calf from the bone . instantly , he dropped to the ground in agony . as he cried out in pain , he clutched the dangling flesh , irrationally trying to reattach it to the bone . in his delirium , his world seemed to slow . no one noticed him as he lay sprawled on the ground between the cannons . as bullets passed over his head , he heard their whistle , and for a moment forgot about his injury as a sense of self-preservation overtook him . he rolled on his belly and began to crawl . pulling with his arms and pushing with his uninjured leg , he slowly worked his way through cannon and soldier , dragging a trail of blood behind him . as hypovolemic shock began to develop from the loss of blood , the pain from his gaping wound became less noticeable . he moved faster and with more determination . suddenly , a soldier lay in his path , face down . corporal fletcher grabbed his shoulder to roll him over as he felt the sting of hot lead graze his forearm and impact the back of the soldiers head . instantly , the soldiers skull exploded , covering corporal fletcher 's face with blood , bits of brain and bone . he jerked away in reflex and cried out in fear , only to feel the mind-numbing pain of his own injury . as fear enveloped him further , he quickly crawled around the deceased soldier and continued on his path . up ahead , several yards away , he spotted a boulder for protection . fear and anxiety coursed through his veins as he struggled to stay alive . desperately , deliberately , he stretched his hands out in front of him , clawing at anything he could use to further his escape . as he crawled , the elevation dropped off slightly , allowing him more protection from the bullets passing above ."
370,20,"with grass and mud embedded in his fingernails , he reached the larger boulder and pulled himself around it to safety lying on his stomach , he rolled over and sat up against the smooth granite rock . he heard the sound of bullets ricocheting off the boulder and deflecting into the trees around him as he instinctively ducked from the sound . with his adrenaline pumping , he reached down to his grass- and dirt-stained shirt and ripped off a strip from its bottom edge . taking the strip in both hands , he lifted the hanging flesh and secured it to the bone with the cloth , tying a loose knot to hold his calf in place as the pain caused him to scream in reflex . a short distance away , a private pulling a horse-drawn ambulance heard the painful shriek of corporal fletcher over the thunder of war . this was his first pass through as he searched for casualties . hearing the horrific screams , he snapped the reins to the team of horses and quickly located the suffering corporal , barely conscious but still feeling his agony . he leaped down from the buckboard and ran to his side with a canteen of cool water . kneeling , he placed the canteen to the corporal 's lips and slowly poured a few swallows into his mouth . corporal fletcher , in his grave state , choked and coughed as the water entered his mouth , causing him to cry out in pain once more . instinctively he pushed the privates hand away and opened his eyes . in a weakened voice , he said , they 've killed me . looking down at corporal fletcher 's blood , which had pooled under his leg , the private quickly realized the gravity of the situation . as he reached to lift the fading corporal , he replied , nonsense . doc morgan will have that leg off in no time . you 'll be good as new in a just a few days . he smiled as he spoke , hoping to lift the corporal 's spirits . even in the corporal 's deteriorated state , he knew the grisly torture that awaited him once back at the makeshift hospital . he stiffened a moment and looked down at his maimed appendage . he envisioned the painful procedure , then the disfigured remnant that would be left as a sad reminder of the reality of war ."
371,20,"disheartened , he slumped into the arms of the private , who struggled to lift him into the waiting ambulance . moments later , laying in one of the hard , wooden gurneys , he was reminded of his agony as the private snapped the reins , abruptly jarring the wagon , sending excruciating pain through his gaping wound and up his spine . sorry , the private responded sincerely , although there was little he could do to improve the comfort of the wounded . moments later , through his own screams of agony , he heard the cries of another wounded soldier being loaded into the wooden ambulance . he glanced over to see a young boy of sixteen , thin , with wavy yellow hair , being roughly hauled into the gurney on the opposite side of the wagon . with the ghastly wound in his stomach , he did n't have long to live . his blues eyes were sunken and dulled from the loss of blood , a good deal of which completely saturated his shirt and pants , as well as his hands , as he had tried in relieve the pain with pressure to his wound . lying there in his agony , he cried out to god to end his suffering . corporal fletcher could almost feel the young boy 's despair as he irrationally waited in vain for a higher power to answer his dying prayer . with the realization that he was all alone , he retreated into the far recesses of his mind , his last haven for solace . rolling his head from side to side , he murmured under his breath , `` mama , mama . '' at the end of his consciousness , unable to speak , corporal fletcher mustered the last bit of his strength as he stretched out a weak , shaking hand , and gently laid it upon the privates shoulder . the young privates eyes widened a moment as he quietly spoke in a receiving tone , `` mama . as the corporals world went black , he slipped into unconsciousness , having brought some measure of relief to the poor dying boy beside him . it was all he could do , and it was enough . shortly after losing consciousness , the young boy quietly died beside him , passing beyond the horrific end into peace . -- - -- - -- - -- - -- - dr. jeb morgan paced back and forth by the operating wagon , envisioning the dead and wounded with each report of the union cannons . with each crack of a twig or an unusual sound of the wind , he craned his head to listen more intently , hoping for any advanced warning of the ambulances delivering their wounded . the minutes felt like hours as he reached into his pants pocket and pulled out his elgin pocket watch . he pressed the tiny button of the gold timepiece and popped the cover , exposing the hands of time ."
372,20,"huh , only 10:30 , he said aloud , frustrated at how slow time felt during moments of anguish . he snapped the cover closed and shoved the watch back into his pants pocket once more . returned to his pacing , he gazed through the grove of birch trees , trying to view the battle at his protected location . barely visible , columns of smoke and debris could be seen rising off the valley floor . the sight made him wonder how the confederates were faring , and if their own surgeon was also nervously pacing . it started as a low clicking sound , barely audible . at first dr. morgan thought it might be cannon echoes reverberating off the mountains , but as the sound persisted , he recognized the distinctive repetitive sound . it was the hooves from a team of horses as they trotted . he strained his eyes in the direction of the sound , but still saw nothing . he spun on his heels and ran toward the operating wagon . ok , men ; were on , dr. morgan called out in a deep authoritative voice . fetch my smock , he ordered a nearby private , who was sitting on the ground , sunning himself . yes sir , the private quickly responded , hopping to his feet . moments later , the screams of pain could be heard as the driver hauled the wounded over rocks , logs and uneven ground as he made his way through the birch forest to the makeshift medical camp . he pulled into the clearing and rolled to the waiting operating wagon . standing in their clean white smocks stood dr. morgan , assistant surgeon george fowler , pvt . douglas , who had been resting earlier , and pvt . the horses came to a halt with the rear of the ambulance just past the operating wagon . immediately , dr. morgan ran to the wounded and began his assessment . there were three soldiers lying with their feet toward him ."
373,20,"he quickly saw corporal fletcher 's leg and the pool of blood that had collected under it . as he climbed up into the ambulance , the private driving the wagon met him in the middle . pointing to the young boy of sixteen , he shook his head sadly and moved his gaze to the private laying at the bottom of the wagon between the two gurneys . the young private was still conscious and suffering terribly due to a bullet that had penetrated his leg just below the knee and smashed through the bone , leaving a gaping wound and shattered fragments embedded into the raw , mangled flesh . assessing the situation , dr. morgan quickly pronounced the young boy dead , and turned his attention to the two men still living . feeling corp. fletcher had the gravest injury , he motioned to the two privates to carry him to the operating table . immediately , the two lifted the gurney out of the ambulance and over to the other wagon . as dr. morgan cut away a portion of the corporals pant leg , asst . dr. morgan looked up while cutting and said , abruptly , save it . i 'll have his leg off well before he ever wakes up . fowler stowed the chloroform and replied , you think he 'll ever regain consciousness after this ? dr. morgan replied simply , then added , once i tie off those arteries , i think he 'll be ok ; that is , if we can control the infection . fowler just nodded as he jumped down off the wagon and came around to the back . he stood for a moment and awaited further orders . fowler watched as dr. morgan placed the mechanical tourniquet just above the knee and over the femoral artery . with the strap wrapping around the leg , he pulled hard to tighten the cloth band around the skin . he then turned a large lever on the tourniquet to take in the excess slack . moments later , the blood that oozed from the wound slowed to a slight trickle . dr. morgan 's hands were already covered in blood as he reached for his scalpel . with his pant leg gone , corporal fletcher 's right leg was fully exposed ."
374,20,"starting at the top surface of the leg , dr. morgan began the amputation as he explained the procedure to asst . right , i know this is your first time , so i 'll try to explain as much as practicable . first we determine the point of incision closest to the wound . we always try to leave as much of the amputating limb as possible . i 'd say we could safely amputate about an inch or so behind the wound , dr. morgan said as he placed the scalpel on the top of the leg . looking up at his assistant , then up to corp. fletcher to ensure he was unconscious , he was now ready . start at the top , here , he said , pointing with the scalpel . we pierce through the upper integuments skin , that is cutting through the fascia and just into the muscle . this really should be quite simple with him unconscious . as he explained , he pierced through both layers of skin and into the muscle as he sliced from the top and worked his way around to the bottom , blood and fatty yellow tissue immediately oozing from the laceration . at the bottom , he reached around the leg , coming up from underneath on the opposite side and continued to make his incision up the other side , ending at his first point of incision . the two incisions were so quick , asst . ok , i need you to pull back the first layer as i cut down to the bone . just be careful of your fingers though . i 'm moving pretty fast here and we do n't want an accidental amputation of any of your digits , ok ? fowler nervously nodded his head and placed his unwashed fingers into the incision and began to pull back on the skin , opening it wider for dr. morgan . sir , why do n't we cut right down to the bone on the first pass ? looking up at his assistant , dr. morgan replied , good question , lad . we could do this in one pass , but we lose the precision as we slice deep into the muscle . the remaining stump usually ends up grossly disfigured , more so than is acceptable , frequently leaving the appendage quite painful for use ."
375,20,"the accepted practice is the double incision , as we are doing now . we will produce a stump that will retain more muscle tissue covering the bone , making it a less painful , as well as a more useful appendage . fowler nodded , then turned his attention to his fingers as he pulled the incision open . dr. morgan reached for a longer bladed scalpel . he inserted it into the bloody tissue at the top , then angled the blade so that he would be cutting several inches up and underneath his assistants hand , effectively cutting out a cone shaped piece of muscle down to the bone . the first pass , the doctor sliced deeply into the flesh , slicing though vein , muscle and tendons , hitting the bone and increasing blood flow onto the table . fowler pulled back the freshly sliced muscle as the doctor worked quickly . reaching over the leg once more , the doctor continued his conical-shaped incision from the bottom and worked his way to the top . with his hands saturated in blood , he reached for a long strip of cloth a few inches wide . he worked around the bone , then pulled up on each end of the strip , lightly suspending the leg for a moment . he then pulled the cloth up the leg , which pulled the muscles higher up the bone . ok , we 've pulled the muscles higher up the bone . i 'll cut through the bone as close to the cloth as i can without cutting through it the cloth , that is . when we release the cloth , the muscle will spring back to its original position , covering the bone by a couple of inches , allowing for greater cushioning after healing , dr. morgan elaborated . he reached for his saw and placed his thumb on the bone as a guide . resting the saw against his thumb , he pulled two times toward himself , leaving a small pilot slot to start the cut . he then began to aggressively saw through the bone . in seconds , he was nearly through the bone , as he began to slow . at the end , he only pulled the saw toward himself , insuring that the bone would not splinter . with the last pull of the saw , the lower leg completely detached from the upper leg ."
376,20,"at the end of the table , the top-heavy foot rolled to one side under its own weight , and fell from the table into the grass below . the blood pooled around the end of the stump as the assistant released the cloth holding the muscle . quickly reaching for a pre-threaded needle , the doctor began to tie off the various blood vessels , starting with the femoral artery . see those strands that look like tiny pieces of twine ? they are the various blood vessels that supplied the lower leg with blood . those all need to be tied off or he 'll bleed to death , the doctor said as he worked . with the bleeding completely stopped , he slowly released the tourniquet and watched for leakages at the end of the stump . seeing none , he then began to sew up the exposed wound . he quickly pulled the extra skin over the muscle and began to stitch across them . the ligatures should not be too close , as there needs to be room for drainage of any excess blood and pus while the appendage heals , the doctor said as he stitched , his assistant looking on in fascination . when he was done suturing , he allowed asst . fowler to bandage the end while he rinsed off his tools and threw the bloody foot into a basket to be carried away later . turning to his assistance , he said dryly , let 's hope there wo n't be too many of these today . the whole bloody experience was almost too graphic for him as he tried to process the procedure in his mind . right , let 's have a look at the other fellow , shall we ? bandaging the corporals amputated leg , he looked up to see that dr. morgan was already cutting away the other soldiers pant leg , presaging the next operative process . moments later , the sound of distant gallops could be heard as more teams of horses began to arrive , pulling their wooden ambulances as they rushed the wounded to safety . faster than they could operate , the privates carried more wounded union soldiers to the operating wagon . the basket of amputated limbs mounded over as the doctor disposed of the useless appendages , throwing them unceremoniously onto the bloody pile of flesh and bone that had already began to rot in the heat of the day . as each mangled limb landed on the bloody mound , swarms of flies darted away , escaping the falling limb , then quickly returned and continued their forage of filth and disease on their newly found real estate ."
377,20,"as the wounded flowed in , they were helped to the shady edges of the grassy clearing to wait their turn under the knife.disheartening moans of agony could be heard everywhere as the injured men left one horrific world and entered another . working quickly to overcome the numbers , dr. morgan set up another operating wagon for asst . working side by side , dr. morgan monitored his assistants work . at first , the doctor assigned simple amputations to dr. fowler , but as the number of wounded mounted and dr. fowler began to grow into his newly acquired skills , dr. morgan allowed him to take on more complex surgeries . with two doctors working , the basket used to dispose of the limbs had long since disappeared under the carnage . the stench of iron hung heavy in the air from the blood that spewed from the wounded . through blank and pallor faces , some stared out into nothingness as shock deadened reality . others winced and grimaced with each breath they took , and still others cried out in agony , each time dying a thousand deaths . hearing the suffering of their countrymen only served to stiffen both doctors resolve to save more men . throughout the day and into the night , the two surgeons worked frantically to save the injured and the dying . as their exhaustion set in , and hysteria and despair overwhelmed them , they searched within themselves for the strength to continue . eventually , their own bodies and minds began to fail them . they had pushed themselves to the limits of human endurance . with the battle not yet complete , they both knew that tomorrow would bring further death and pain . if they were going to be of service to the young men risking their lives for their country , they both would need some much deserved rest . with the last flicker of light from the nearly spent oil lamps , the blood soaked surgeons made their way across the other side of the clearing to their two canvas tents . with a quick change of clothing , they laid down on their cots and fell quickly asleep . tt : chapter 3 june 8th , 2005 elanger hospital was a bustling modern hospital with four branches spread out on each side of the city of chattanooga ; north , south , east , west , and one at the center of the city , accounting for five in total . regarded as a teaching hospital , they developed and performed the latest cutting-edge medical techniques , producing some of the finest medical staff in the country ; although all too often the advancements came as a result of the gang-related violence that erupted within the inner city , many times catching the innocent in its crossfire . dr. david warner burst through the swinging wooden double-doors and headed to the scrub station ."
378,20,"he asked as he turned on the water and pulled on the soap dispenser , releasing a large dollop into his hands . vigorously he scrubbed from his fingertips to his elbows as he listened to his supporting staff inform him of the emergency . `` doctor , we have a gunshot victim with an entry and exit wound between the seventh and eighth rib , entry through the abdomen . her belly 's distended , must be filling up with blood . her vitals are low , about eighty-five over sixty . her foley output is bright red and shes hypovolemic from the blood loss . triage has intubated her and already infused 2 liters of plasma , '' replied surgical resident kerry stadler , as he too scrubbed in for emergency surgery . prepped and ready , '' dr stadler replied . dr. warner asked in abbreviated speech , a function of his occupation . before he could receive an answer , surgical nurse jill edwards burst through the door . pulling her mask from her face , she anxiously reported , `` doctors , you 'd better hurry . bp is eighty over fifty-five , pulse ox is eighty-five . '' without hesitation , dr. warner quickly responded , `` gloves and gown , now ! and set up a thoracotomy tray , along with a laporatomy just in case . '' both doctors washed the soap from their hands and arms quickly as the pressure and anxiety of the situation worsened . dr. stadler asked as he started to tie his gown . as the two doctors quickly donned their attire , nurse edwards pulled on her protective mask and rushed back into the or to prep the ultrasound equipment and set up the thoracotomy tray . moving through the double doors , dr warner heard the sounds of alarms as the medical equipment coldly reported a patient in crisis . he scanned the various devices as the patients levels continued to drop into the danger zone . as he rushed to the patients side , dr. warner 's eyes widen in disbelief as he realized the age of the tiny victim ."
379,20,"`` eight years , '' nurse edwards replied , her voice sadly exposing what her mask disguised . the chart says lena williams , nurse edwards replied . shaking his head in disgust , he listened as the cardiac monitor sounded slower beats and become erratic . immediately , he reacted out of instinct . hang another two on the rapid infuser , he said , his voice showing the strain as the youth of his patient weighed heavy in his mind . bp 's seventy over fifty and dropping , pulse ox is eighty-two , dr. stadler informed his mentor and colleague . i just lost her pulse , nurse edwards cried out as the cardiac monitor sounded the unmistakable tone of flat line . charge the paddles to fifty , dr. warner retorted back . nurse edwards quickly wheeled over the defibrillator and programmed the setting to pediatric , while charging the external paddles to fifty joules . she quickly handed them to dr. warner , then injected an amp of atropine into the patients iv . as dr. warner prepared paddles , dr. stadler scanned the young patients belly with ultrasound . rotating the small metallic wand at various angles , images showed on the monitor , confirming their suspicions of the hidden trauma . having applied conductive gel , dr. warner placed one of the paddles to the upper right clavicle , and one just below and to the left of the young patients left nipple . dr. stadler broke off his examination just as dr warner depressed the buttons on the paddles , delivering a charge to the heart as well as other nearby organs . the patients body convulsed from the current coursing through her . her chest heaved and expanded , then fell and contracted back onto the table . the three medical personnel focused on the cardiac monitor for signs of activity . they held their breath in vain : the monitor continued to report a single monotone sound of flat line . still in v-fib , dr. stadler cried out . desperation could be heard as he spoke ."
380,20,"fifty again , dr. warner called out once more . he replaced the paddles in the previous locations and delivered a second charge . again the tiny patient 's body convulsed . as the three waited for the electrical shock to dissipate and reset the heart , the cardiac monitor registered a single beep , then another and still another as the young patient 's heart began to return to its singular function , pumping life 's blood once again through her tiny body . sinus tach , dr. stadler cried out in relief . dr. warner roughly placed paddles back on tray . he asked dr. stadler , who had now resumed his examination , nervous sweat beading up on his brow . looks like some major hemorrhaging where the bullet hit the spleen , pancreas and kidney . replied the dr. stadler , now regaining his composure . ok , eight blade , dr. warner requested . instantly , nurse edwards handed him a scalpel from the tray of stainless steel instruments , butt end first , taking care not to slice her own hand as she pulled away . even with years of experience , the thought of slicing into the poor little girl that lay in front of him felt offensive . dr. warner strengthened his resolve and made his incision , cutting through the various layers of tissue as blood flowed freely from the opening . immediately the unmistakable stench of blood and fecal matter wafted through their protective masks . he finished the incision and called , clamp . nurse edwards placed the clamp in his hand . dr warner positioned the clamp , holding open the incision as he tried to examine the damage through the draining blood . dr. stadler inserted the probe into the incision and began to suck out the excess blood . clean out as much of that fecal matter as possible , dr. warner cautioned as dr. stadler worked . got it , dr. stadler replied , carefully sucking up the blood and debris from the abdominal cavity ."
381,20,"with a better view , dr. warner could now see the damaged organs more clearly . it was apparent the spleen , pancreas and colon , as well as the left kidney had some form of trauma . i need a 4-0 prolene and an r.b.-1 needle , now . dr warner asked , as nurse edwards handed him the needle and suture . does n't look small , that 's all i know , replied dr. stadler , still suctioning the colon . looks like about a .22 , dr. warner informed . small entry wound , but heavy internal trauma from the shockwave as it passed through at the high velocity . while dr. warner worked to repair the damaged spleen , dr. stadler answered nurse edward 's question . as a bullet travels , it pushes the air out of the way , creating a field of turbulent air around the bullet . that air around the bullet , the shockwave , has almost as much destructive force as the bullet itself : so instead of a quarter of an inch bullet causing damage , you have to add the inch of shockwave to the problem too , dr. stadler said . awful , just awful , nurse edwards replied sadly . dr. warner called out as he quickly worked . bp seventy-five over fifty , pulse ox eighty , replied nurse edwards she 's bleeding everywhere , dr. warner complained . he turned to dr. stadler and instructed him to repair the transverse colon . looks like we have a small puncture in the transverse colon . can you repair it while i attend to the spleen ? eight blade with suction , and a 4-0 and an r.b.-1 standing by , dr. stadler rattled off in quick succession to nurse edwards . like a gentle father teaching his son , dr. warner delicately cautioned dr. stadler , one thing at a time , he said , then added , work frantically in control . gotcha , dr. stadler replied , slightly embarrassed by his over zealousness . as they both worked frantically to repair the damaged organs , the flow of blood went on nearly unabated ."
382,20,"nurse edwards kept a careful eye trained on the monitors as well as the doctors , anticipating their needs before their requests . doctors , bp is dropping again , sixty-five over forty-eight . pulse ox is very low : seventy-seven , nurse edwards announced . we 're working the areas now , dr. warner , dr. stadler replied . no , no , with this much blood loss there has to be a much larger source , like the vena cava or the aorta , dr. warner speculated . the bullet exited out her back , through the kidneys , dr. stadler replied . i know , but this much blood loss is n't adding up . the bullet missed the renal and spleenic veins and arteries . this ca n't be from just the organs , dr. warner replied . the two doctors worked feverishly to repair the damaged and bleeding organs as the patients vitals continued to fall . having repaired the spleen and the transverse colon , the two moved onto the pancreas and left kidney . more suction , kerry , dr. warner instructed dr. stadler . he then glanced up and asked nurse edwards , how 's our supply ? she taking blood faster than we can give it , she retorted back instantly . hang another two units , dr. warner requested anxiously . would you agree that the bullet entered the abdomen , broke the rib and continued through the spleen , pancreas and out the kidney ? dr. warner asked as he worked on the kidney . there seems to be an abrasion heading up into the upper posterior peritoneum , dr. stadler said , as he lifted the pancreas slightly and pointed to an abrasion that angled up toward the middle of the patients body instead of down and through it . that 's another entry wound , dr. warner replied . but theres only one entry wound , dr. stadler replied in disbelief ."
383,20,"two bullets entered through the same location , dr. warner responded as he accepted the scalpel from nurse edwards and began to make a long incision down the patients breastbone . a .22 caliber ca n't break a rib , then have enough energy remaining to tear through all these organs . there had to be more than one bullet , and i 'm betting its also the cause for the massive blood loss , he explained as he finished his incision . i mean , two bullets with the same entry wound ? dr. stadler asked rhetorically , shaking his head now in further disbelief . stenal saw , dr. warner asked next , then added , i never would have guessed it if i hadnt seen it with my own eyes . quickly , nurse edwards handed dr. warner the saw . placing it at the base of the sternum , he began to cut through the breastbone , the smell of bone and blood penetrating through their masks and into their nostrils . anticipating his request , nurse edwards handed him the instrument immediately . inserting it directly into the incision , he turned the lever and separated the ribs enough to view the upper chest cavity . probe , dr. warner requested from nurse edwards . he then called to dr. stadler to begin suctioning the open areas . as he did , dr. warner examined the cleaned areas . i need more suction , dr. warner asked with frustration . oh man , we have trauma to the inferior vena cava . working feverishly to repair the profuse bleeding , the needle contacted something hard . at first he thought it was a rib fragment , but upon closer inspection dr. warner realized it was the second bullet . forceps , dr. warner requested with an almost frantic tone . he inserted the forceps into the cavity , gently pushing aside the still-bleeding vena cava and gently extracted the deformed and mangled bullet . they sliced through the veins on contact , he announced ."
384,20,"there must be a dozen fissures to repair . as he unceremoniously tossed the clamped bullet and forceps into a stainless steel container , he continued to suture the tears to the damaged vein and surrounding organs . moments later , dr. warner watched as the heart began to slow . just then , the cardiac monitor sounded . he quickly placed his gloved fingers around the heart and began to squeeze , attempting manual heart compressions even before nurse edwards could speak . doctor , she 's in pea , nurse edwards announced . push another amp of epi and charge the internal paddles to fifteen , dr. warner demanded . handing him the paddles , they watch as he inserted them into her chest cavity and placed them on the still heart . clear , dr. warner called out he depressed the button and sent the shock directly into the young patients heart.as they listened for signs of life from the cardiac monitor , reality set in . he shocked the heart , sending the current deep within , but to no effect . the cardiac monitor continued to report its menacing tone flat line . as he continued with manual compressions he called out once more , charge to thirty . inserting the internal paddles again , he delivered a massive jolt to the patient 's heart . in horror and sadness , they watched the monitor register no change . dr. warner frantically searched his mind for a solution as he continued manual compressions . even with his years of education and training , the damage was too extensive for him to overcome . he pulled his hands from her chest and stood back . with his gloved hands dripping fresh blood onto the floor , he hung his head low . as nurse edwards called the time of death , he stood motionless as he watched the lifeless body of the young girl . his mind raced as he stared at the carnage in front of him ."
385,20,"he thought about the smiles she must have displayed just a few hours before . he thought about the hugs her mom must have given her that morning , and the pain the parents would be feeling forever . he thought about her violent death and the injustice of it all . deeply saddened and sickened by the grievous sight , he could stand no more . he turned and walked out the or doors , oblivious to all , in a state of shock and disbelief . with his gown soaked in blood and his gloves dripping a red path behind him , he made his way down the corridor toward the elevator . in a blurred and confused state , he was unable to hear his name being called as he walked . standing in front of the elevator , he pushed the button . he looked back up the hallway to nurse edwards , who was calling his name , but heard nothing . as if in slow motion , he stepped in and the doors slowly closed behind him . nurse edwards called as she ran down the corridor toward the elevator . she watched as the doors closed behind him . as she stared at the bloody footprints that seemed to vanish through the elevator doors , she caught a slight movement with her peripheral vision . looking up , she watched with sadness as a droplet of blood pooled , then slide down from the elevator button . reaching into her pocket , she pulled out a tissue and reverently wiped off the sad remains of the young victim , imprinting in her memory , forever the pain of the senseless tragedy . in a daze , dr. david warner stood in the middle elevator and stared through an old photo hanging on the back wall . as the metal doors closed behind him , he felt a small shudder , then a slight drop as he momentarily became weightless as the elevator began to descend . ignoring the fact that he had not pressed a floor to descend to , he felt any place but the or was a good place . as david struggled to free his mind of tragedy , his eyes began to focus on the picture in front of him . slowly at first , then more detailed as he descended , the photo came into focus ."
386,20,"he was no longer staring through the photo , but directly at it . somehow it helped to soothe the pain that gnawed away at his soul . the photo was an antique , a reflection of the past ; a unique display of history that showed how elanger hospital came to pass . the photo was of a group of civil war doctors standing over a patient after a recent amputation . at its center was the patient , laying on a makeshift gurney built from an old wooden wagon , sedated and bandaged , with his lower right leg , a stump , resting and on display as a testimony to the doctors abilities . standing behind the patient , dressed in uniform with their bloody smocks still fastened to them , several military doctors stood proudly for the photo . hardened and determined , their faces were devoid of all expression , save for one - pride . at the left side of the photo sat an old man on a rickety stool . with his white flowing beard and hair , he looked much older than his more distinguished-looking colleagues . he too wore a bloody smock , and his face also carried the expression of pride . yet something else shone through in the old mans eyes wisdom . while the others looked into the camera , he looked beyond it , as if deep in thought and oblivious to its presence . he appeared somewhat accidental to the photos purpose . at the bottom of the photo , david read the inscription : original site of elanger hospital , 1862 . david gazed upon the doctors in the photo . he looked at the bandage , bulbous and barbaric on the poor soldiers leg . a feeling of contempt swept over his body . a hundred and fifty years of progress and we still cant save em , he shouted out irrationally , his fists clenched in anger and still encased in bloody gloves . then , in a fit of rage , he punched the picture on the wall , the glass shattering and dropping to the floor of the elevator , cracking the cheap plastic frame . the sound of shattering glass and cracking plastic snapped him back to reality ."
387,20,"he bent over and picked up the old photo , leaving the broken shards of glass still at the floor of the elevator . he began to replace the picture on the bent hook when he felt his knees begin to buckle slightly as the elevator began to slow to a stop . a moment later , david heard the sound of a bell as the elevator settled into its floor . suddenly , he saw his gloved hands , sticky with drying blood , holding the framed picture held out in front of him . he looked down at his gown and realized he was covered in blood , a fact that had escaped his attention moments before . as the mechanized sound of the heavy metal doors signaled their opening , he felt a light balmy breeze brush by his neck . the air suddenly felt dense , as if the relative humidity dramatically increased . a strange yet familiar odor drifted from behind him and penetrated his nostrils . turning around to investigate , he stiffened and froze in place . as his eyes took in the sight before him , his mind struggled to make sense of the scene beyond the doors of the elevator . his heart began to pump wildly and his whole body shook . he felt he was dreaming : but never before had a dream felt so real . i need you to hold his leg , david heard just outside the door of the elevator . david squinted at first , then rubbed his eyes and refocused on the vision before him . there , several yards away , he watched as a man dressed in a blue military uniform stood over another man laying on a wooden gurney . the man standing looked familiar to him , and he searched his mind to make the connection . im almost finished , the voice called again from beyond the elevator door . david looked around inside the elevator , then over to the control panel . at the bottom of the panel , a circular button labeled g was highlighted . he thought it strange that he ended up at the ground floor , as he had not pushed any of the buttons on the panel ."
388,20,"he turned back to the scene that was unfolding in front of him . the light , balmy breeze was still blowing in his face , and the strange odor , now foul and offensive , still penetrated his nostrils . david watched in fascination as he realized the military man beckoning him was , in fact , a doctor performing crude surgery on the other man laying unconscious on the wooden gurney . the man standing before him was the same man in the picture . david looked at the picture in his hands , then back at the man beyond the elevator . he was indeed the doctor ; the older-looking man with a white flowing beard and hair . this is one strange dream , david said out loud . are you just going to stand there or are you going to help me ? the old doctor called out to david in frustration . david thought about answering him , but thought it to be silly . its just a dream , he thought to himself . then , reconsidering , he rationalized to himself , what would be the harm ? david called to the old man , what do you want me to do ? tear that cloth into strips , the old doctor responded immediately , pointing to a mound of cloth on the grass at the foot of the wagon . something in his gut was telling him not to go . he felt paralyzed with indecision , but then , throwing caution to the wind , he stepped forward . as he passed through the doorway of the elevator and stepped out onto the grass , time seemed to slow for a moment . he heard voices and sounds as if they were being played to him at half speed . he turned and looked back into the elevator , but strangely , he saw only its interior : the hospital he expected to see housing it was not there . david turned and took a step onto the grass ."
389,20,"time seemed to resume its normal speed . he suddenly heard the deafening sounds of thunder and recognized the foul stench of rotting flesh . he turned to look back at the elevator , but it was no longer there : only grass and birch trees , which partially obstructed the war that raged off in the distant valley . david said out loud , as a wave of fear and confusion spread through his body . son , i really need your help here , david heard , as the old voice shouted from behind him . david turned and looked at the old doctor , then back at the spot of grass that used to be the elevator . suddenly , a loud clap of thunder sounded just beyond the birch trees , shaking the ground under his feet . he heard screams of agony and realized that the sounds hed been hearing were not thunder after all , but were in fact artillery explosions . instinctively , david ran toward the old doctor , frantically searching for cover as he closed the distance . the old doctor , seeing the intense fear in davids eyes , quickly recognized the developing problem . he pulled away from his patient and moved quickly to intercept david in flight . youre in no danger , the old doctor called to david as he ran to him and grabbed his arms , reassuring him of his safety . theyre trying to kill us , david replied , almost hysterical . the doctor casually looked beyond david at the raging war , then back into his eyes , and replied , `` well , i suppose they are , but we 're out of range of their artillery . '' he scratched the top of his head with his bloody fingernails and continued , `` i guess a wild bullet could accidentally find us up here , but it 's not likely , '' he then took a long look at david 's clothes . a confused expression crossed his face as he spoke . `` that is quite an unusual uniform you have on . david replied , still in a deep state of shock . the old doc questioned with a bit of suspicion , then added , `` do n't tell me you 're gray ? '' david was about to speak when another shell hit a bank just beyond the birch trees , startling both he and the old doctor ."
390,20,"with a quick look over david 's shoulder , then back to his patient on the wooden wagon , the doctor refocused on his duty . we have work to do , '' the old doctor said , as he extended his hand in the direction of the patient as an invitation for david to follow him . quickly , they walked back to the wagon , with the doctor leading the way . once at the patients side , the old doctor instructed , `` i need you to tear those rags into thin strips so i can finish bandaging this poor lads stump before he comes to . lord knows he 'll be suffering enough when he wakes without us fidgeting with his bandage , so be quick with your work . '' david pulled off his rubber gloves and tucked them into his pocket . with his mind struggling to make sense of the situation , he reached down and begin to tear the cloth into strips in an effort to buy himself time to sort through the complexities of his dream . his mind raced from one topic to the next , never answering his questions as each problem became a pandoras box of other unanswerable questions , distracting and derailing him from solving anything . as he looked around , he could hear the cries of agony , the sounds of war , the smell of death , and suddenly he realized that this was no dream . he was now existing in another era in time : the civil war the 1860s . as he tore off each strip of cloth , he handed it to the old doctor , who used it to secure the amputee 's bandages in place . as he worked , the old doctor began to interrogate his new assistant . `` i see you 've been in surgery already . i do n't recall another medical unit around here . the old doctor asked casually as he worked . david searched his mind for an answer that would be suitable for the old man . he knew he could n't say he was from the future . quickly he devised a cover story until he could make sense of his dilemma . `` i have medical training and thought i could be of use , david replied , hoping his answer would suffice . the old doctor asked without breaking his concentration ."
391,20,"i am just a medically trained individual who wants to lend a hand to these poor boys , david replied . i am not in the military , david responded . he knew the questions would keep coming and that he needed to find a better reason for his presence . id like to join the military to in order to practice medicine . i am a very skilled practitioner and feel i can be of real use here , david finished , hoping he hadnt overplayed his abilities . the old doctor said , continuing his interrogation . i was trained in new england at harvard university . david asked , unsure if his ivy league alma mater wouldnt raise even more suspicion . we are short-staffed here , to be sure . my assistants mean well but are bumbling country boys , if you understand my inference , the old doctor said as he winked at david . completely , doctor , david replied back with a smile of understanding . the old doctor asked , now warming to david a bit . my name is jebadiah morgan , dr. morgan replied , his modesty eliminating fancy titles from his name . he tied the last bandage and lifted his head . with piercing eyes , he stared directly into davids . slowly , he extended his hand in greeting . im pleased to make your acquaintance , david . now , if you will indulge me a while , id like to see your abilities . i have a young man waiting amputation id like you to attend to . if you prove your skill , i will consult with gen. negley regarding employment ."
392,20,"david replied , trying to contain his confidence . dr. morgan signaled to the private to bring up the next patient . as they waited , he showed david to his station , pointing out the instruments he 'd be operating with , as well as suturing materials and bandaging . david viewed his crude operating environment with shock . he had n't thought about it until that moment , but he was trained to operate in a highly technical environment . this was as primitive as he could imagine . dr. morgan sensed davids apprehension and said , son , are you sure you 're up for this ? it 's a bit more primitive than i 'm used to , but i can manage , david replied . i want you to perform as a trained operator . these young men deserve more than a butcher or a charlatan . if you are either , please speak the truth , dr. morgan stated boldly and with conviction . doctor , i can assure you my skills as a surgeon are more than adequate . i just need a moment to acclimate myself to an environment i 'm not accustomed to , david replied with a bold and confident tone , in an effort to reassure dr. morgan . as the assistants laid the next patient on the wooden wagon , david could see the agony of the young soldier and immediately began his assessment . without the basic equipment to understand the patients vital signs , david could only make limited observations . he quickly took the patients pulse and determined it to be weaker than normal . next , he checked pupil dilation and reaction with a match . satisfied , he then examined the patient 's mouth , tongue and skin for dehydration and color . he observed that his skin color was pale and felt clammy . in addition , the young man seemed somewhat withdrawn and lethargic ."
393,20,"trying not to move the traumatized leg too much , he moved it only slightly , cutting away the pant leg . he observed that a large caliber bullet had indeed passed through the calf , but had left a gaping wound upon exiting . david determined that with careful cleaning and repair , the leg could be saved , although without antibiotics , the post treatment would be problematic . david immediately bent the young man 's undamaged leg at the knee , leaving the traumatized leg laying flat . he then moved to the front of the wagon , grabbed a blanket , and draped it over the patient . `` dr. warner , what is your assessment ? '' `` the patient is suffering from mild hypovolemic shock . i am making some effort to stabilize him before invasive surgery . the large bore bullet has indeed left a great deal of trauma to the calf , but i believe i can save the leg . '' david recalled from his courses in school that the anesthesia of choice during this period was chloroform . he continued , `` do we have the chloroform ready ? '' we must remove it before gangrene develops , '' dr. morgan said . `` i 've examined the wound and feel it is relatively clean , thanks to his pant leg protecting the trauma . after a proper cleaning , i can repair the muscle , veins and arteries , but will need a strong cleansing solution and freshly boiled water . i believe he will have some degree of infection , but the chance of gangrene is much lower than you might think , '' david replied . dr. morgan asked incredulously , then added with great concern , `` and what if the infection spreads and gangrene develops ? '' `` we 'd amputate , but then he 'd be no worse off than if we had amputated now . at least we give him a chance to save the leg , '' david reasoned . dr. morgan asked , now intrigued by david 's plan . `` i can only assure you he wo n't die under my care , though saving his leg under these conditions is n't going to be easy , '' david responded ."
394,20,"dr. morgan coifed his long white beard as he contemplated the procedure . he looked over at the patient , then back at david , deep in worry as he struggled to trust this mysterious doctor who appeared just minutes before . david could see the old man 's forehead furrow as he thought . a moment later , david saw the worried expression leave the old man 's face . he now began to smile a bit as he came to grips with his decision . tell me exactly what you need , '' dr. morgan finally replied . `` two pots of boiling water , distilled or grain alcohol , soap , and clean dressings , '' david replied . `` it 's going to take some time to collect these things . `` keeping the water boiling is the only time consuming consideration , '' david responded . a fire had already been smoldering from early morning usage , so dr. morgan tossed more wood on the coals . twenty minutes later , two pots of water boiled wildly as david sorted through dr. morgan 's limited instruments required to perform the surgery . resigned to his selection , david placed the instruments into the boiling water for sterilization . he then poured off some of the boiling water into third pot and began to scrub his hands and arms with the soap , as well as the rubber gloves he had in his pocket . satisfied with his cleansing , he slowly washed away the soap . dr. morgan looked on ill-amused with the display by this strange doctor . a man of medicine for more than thirty-five years , he regarded the prep work as shenanigans reserved for roadside carpetbaggers as a means to disguise their lack of content . david looked over and could see the contempt in dr. morgans eyes . he knew the old doctor was losing his patience , and with that lost , he too was losing what little credibility he might have had . quickly , david set up next to the young soldier . with the help of the old doctor , the patient was anesthetized in a matter of minutes ."
395,20,"with the patient out , dr. morgan looked on closely . david put on his now-sterilized gloves , and then applied a generous amount of the moonshine he obtained from the old doctor to the area around the wound in an effort to sterilize it . ok , doctor : as you can see , the patients leg is torn up pretty badly . im going to make an incision through the back of the calf to inspect and then repair any damage i might find , david started . with the patients legs bent at the knees and rolled to one side so he had a clear view , he made an incision across the entry wound large enough to view inside when spread apart . as if on cue , dr. morgan moved in for a closer look . david then brought out a pair of retractors used to hold open an incision . he delicately placed the instrument in the incision and expanded it , giving him a good view of the wound . next , he rinsed out the incision with a salted water solution he had prepared before the surgery . dabbing the excess blood , he was able to see the damaged muscle tissue and a torn vein . using his scalpel , he cut away the torn and mangled muscle tissue . again , he rinsed out the interior of the wound with moonshine and his makeshift saline solution . with the smallest needle from the old doctors bag of instruments , david began to sew the reconstructed muscles as well as the arteries , using very few sutures to accomplish his task . now , the sutures will remain there forever , but the body will adapt to them . i believe this should take care of this side of the wound , david replied softly , completely engrossed in his work . he closed the entry wound and move onto the more extensive damage on the other side of the calf . dr. morgan looked on in total fascination . never before had he seen or even heard of surgery so delicate and so complicated performed with such ease and skill . eagerly , he waited for david to attempt the more difficult area of the operation . after watching the first phase of the operation , david had indeed proven himself to be a quite gifted surgeon ."
396,20,"dr. morgan now watched as any spectator would watch a professional in his element . he was in awe and excited to observe even greater feats of medicine . once again , david did his best to rinse and clean the wound with the salted water solution , and then sterilize it with the distilled alcohol . pulling the scalpel from the hot water , he began to work the damaged muscle tissue on the exit wound . the damage was much more extensive , but manageable . as he removed tissue , he would temporarily close the wound to ensure the proper shape of the reconstruction . working quickly , he then began to suture the arteries and muscle as he had done on the previous side , using very few stitches to accomplish the task . he then closed the wound as he had done on the other side . when completed , he rinsed again and sterilized the entire area with the alcohol . with the operation over , he began to bandage the wound . a few minutes later , as the patient was gaining consciousness , david had tied the last bandage . the operation was now over and david felt confident he had done his best to inhibit infection . in a days time , the results of his work would be evident . for continued reading , please purchase at smashwords.com : http : //www.smashwords.com/books/view/48854 night of the assassin russell blake smashwords edition . no part of this book may be used , reproduced or transmitted in any form or by any means , electronic or mechanical , including photocopying , recording , or by any information storage or retrieval system , without the written permission of the publisher , except where permitted by law , or in the case of brief quotations embodied in critical articles and reviews . for information , contact books @ russellblake.com . how often do you hear a review say that ? other reviews describing it as near perfection and incredibly well written arent lying . russell blake is on par with the biggest names in the business . and i mean grisham , turrow , ludlum , forsyth , brown ."
397,20,"the plot is intricate and completely unexpected at every turn . al ross is a hateful , extremely well-written character with believable complexity and nuance , plunged into a global conspiracy nightmare hes ill-equipped to survive . dont want to spoil the end , but its a barn-burner . jennifer989 `` the artistry in this work as the brush strokes build layers , brings you to wonder if something like this could be true ! many works of fiction have a main character that is so scrubbed up that he no longer resembles a human male . you start out despising him , then start to feel sorry for him , until finally you almost like him and wish him well - although that outcome seems unlikely , the way the story develops . this is almost a how to.. for budding writers . how to write without one word or one sentence that could be edited out ! tight narrative , great story , scary scenario . i almost never give five stars , but this has earned it ! '' k. mcdicken `` russell blake is fast becoming my favorite new author . take an unlikely main character , a scarily probable conspiracy , a government run amok , cocaine dealers , commandos , whores , a burro , and a tightly meshed action/intrigue plot , and you have what to me is the most original thriller of the year . i dont want to spoil the ending but it completely blew me away , and how the suspense was sustained to the last few pages as a surprise was great . i loved fatal exchange and had tears of laughter running down my face for how to sell a gazillion ebooks , and now spent a big chunk of my night reading till 4am to get to the end of geronimo breach . highest recommendation for a highly original and entertaining novel . '' semi-used `` okay , im from the other side of the pond ( you can find most of my reviews and on the uk site ) and im not a patient/forgiving reader if the writer confuses me or dawdles in their narrative . i was pleasantly surprised to find myself going along with the easy style and broad strokes of the narrative . the plot is very skillfully contrived but the real art i found was in the affinity i found myself unable to resist with the down-on-his-life main character , al . i also love burros after following als steady transition as he encounters hurdle after hurdle . i laughed aloud in some scenes ( i wont spoil it ) when al is , lets say ... compromised ."
398,20,"i loved the ending but also wished the story hadnt ended - so for that reason im taking the trouble to recommend it . '' write into print for the `` zero sum trilogy '' `` blakes latest is absolutely amazing . i literally could not put down my kindle until i finished all three books in the trilogy ! russell blake has a very unique talent at painting a beautiful story with words , and the zero sum trilogy practically reads like poetry . 5 stars arent enough to rate this wonderful trilogy : 10 stars would be more accurate ! '' amber norrgard `` russell blakes zero sum trilogy is truly amazing . i initially downloaded book 1 because it was free and before i was done i had purchased the book 2 & 3 bundle . this is my first time reading a book from russell blake and i felt privileged to have found a book written so intelligently with such a powerful impact . nicolas griffen is a character that you will grow to despise . a wall street financier associated with organized crime and government agencies using the stock market to make huge amounts of money to the detriment of others . dr. steven archer is determined to stop this activity by publishing a website to expose griffen and his associates for what they really are . when he is discovered to be the owner of the website life is forever changed as he is now the target to be destroyed . this trilogy will take you on a extremely fast paced and unexpected roller coaster ride of the fight between good and evil . zero sum is an addicting complex thriller that you will not be able to put down . i highly recommend this book , it is writing at its best . i look forward to reading more from russell blake . '' marilou george ( the kindle book review ) `` i read a review of the zero sum trilogy on steven konkolys blog , and then several reviews here , so i took the plunge . i mean , i dont know a put from a call ( though i did get a short lesson from mr. blake when i mentioned that ) but that didnt stop me from enjoying this thrill ride . i was recuperating from a medical procedure , so i read all three books over the weekend . i even kept a map of one of the locations open on the computer and that made the story all the more vivid ."
399,20,"the hero was smart , made good use of his resources , yet still kept a bit of naivete that had some almost disastrous results . there was a bit of irony at the end , but it worked . id like to see more of steven archer ... '' ms. nancy l. barth for `` fatal exchange '' `` fatal exchange is a page-turning roller coaster ride of action , adventure and thrills . i cant tell you how much i enjoyed this presumably debut offering from russell blake . i couldnt put it down , and stayed up all night to finish it , no exaggeration . six stars , if they had that high a review ! '' `` this is a book that took me completely by surprise . i thought id give it a shot based on the amazon description and 5 star reviews , and it quickly became a page turner i couldnt put down . the plot is complex , sort of like a forsyth or ludlum , and the characters are gripping . cant wait to see what blake does next . '' anthony m. `` fatal exchange is a gritty , '' edge of your seat '' thriller by first time author russell blake . the author cleverly combines a well paced , csi styled crime thriller , with a `` no holds barred '' , plausible international conspiracy . [ ] i can honestly say , that if i could find more books like fatal exchange , i would be left with absolutely no reason to read some of the `` brand '' name authors on the market today . '' steven k. `` this book is in a class by itself . the main plot of the book is exciting and scary ( and maybe a little graphic ) . the pacing is fast , the descriptions are visceral and the twists are unexpected . '' stacy k. for `` king of swords '' `` russell blake is no stranger to the thriller genre . his previous thrillers have turned the headlines inside-out , with gritty , no-holds-barred , edge-of-your-seat plots . with king of swords , russell blake has clearly taken the best of his previous novels and combined them into an honest , often brutal , heart-stopping thriller that left me gasping for air and squirming on my couch . i know this sounds overly dramatic , but in reader-speak ... this book kept me glued to the kindle screen ."
400,20,"in king of swords , the reader is taken on a journey through drug cartel-ruled mexico , where violence often trumps hard cash as the dominant cultural currency . blake clearly draws on his own knowledge of the political and cultural climate in mexico to present a realistic and stark backdrop to a thriller in the fast-paced , intelligent tradition of frederick forsyths , `` day of the jackal . '' - steven konkoly , amazon bestselling author of the jakarta pandemic and black flagged `` king of swords is a great read for anyone who enjoys thrillers like those by forsyth and ludlum . forsyths first , and best , book , day of the jackal , is one of my favorites . ive read it at least five times over the last thirty years , and it always gets my pulse quickening . king of swords has the same effect and reads much faster , with surprises that keep you guessing right to the end . you want to just turn the pages as fast as you can push your kindle forward button . i have a feeling king of swords will be one of the books i come back to again and again . i like the authors other books , having read most or all of them , and their all good , but this one is in a different league . this is a no excuses heavyweight you could put up against any of the big names , and theyd be in trouble . whatever kind of tequila hes drinking id say keep it up , because with novels like this pouring forth , ive got no need to read any of the big traditionally published names anymore . russell blake is an example of an indie author who is surpassing many of the best of the name writers , and kos should put him right in the same ranks as them . '' - david a `` ive read a few of blakes novels and found them diverse in voice and message therein . my favorite was the geronimo breach but this latest has a kind of will of its own . the reader cant help but respect the bad guy along with the mc . if i read the subtext right , then i realized who the real bad guys are - im not spoiling the plot , so youll have to decide for yourself on that score . if you like your plots quick , deep and faithful , id give it a read ... '' - write into print an excerpt from russell blakes novel king of swords follows night of the assassin king of swords by russell blake king of swords is an epic assassination thriller set in modern mexico against a backdrop of cartel violence . captain romero cruz discovers an assassination plot to kill the mexican and u.s. presidents at the g-20 conference in cabo by el rey a super assassin responsible for some of the worlds most shocking killings . visit russells website for more details about the author russell blake lives full time on the pacific coast of mexico . non-fiction novels include the international bestseller an angel with fur ( animal biography ) and how to sell a gazillion ebooks ( while drunk , high or incarcerated ) a joyfully vicious parody of all things writing and self-publishing related ."
401,20,"russell enjoys writing , fishing , playing with his dogs , collecting and sampling tequila , and waging an ongoing battle against world domination by clowns . visit russells salient website for updates a note from the author night of the assassin is the prequel to king of swords , which chronicles the story of the super-assassin , el rey and his plot to execute the presidents of the u.s. and mexico at the g-20 summit in san jose del cabo , mexico . during the chaotic and breakneck writing of that epic tale , i was constantly struck by fleeting insights into the mind of the killer , some of which i captured in glowing detail in that tome . but even as i put king of swords to bed , i couldnt shake the sense of unfinished business . id go to sleep and have vivid dreams , and they were always the same about the characters in my book . specifically , they were about the assassins past . thats unfamiliar to me , for the most part . i had the same general sense when i got done with al , from the geronimo breach , but i had no compulsion to write another book about him , fascinating as his character is . i felt closure at the end of that work . id told als story , as well as i could , and there wasnt more i felt i could add . there were no more words that needed writing . but i no sooner finished king of swords than i started making notes for a prequel . which is really the wrong way to go about it . when starting a story , i always like the once upon a time part at the beginning , and the end at , well , the end . but thats not how it panned out for me this time . i felt driven to write about the assassin some more , and to delve into his background . what created a man who could dispassionately terminate peoples lives for a living ? was he a monster in the traditional sense ? did he kick dogs or swerve to hit them in the road ? did he put his socks on before or after his underwear ?"
402,20,"it was fascinating to me , because el rey was alive in my head . you see , i knew the answers to the questions i was asking , for once in my life . and so it came to pass that i have the opportunity to share with you what i gleaned from him . night of the assassin is a somewhat shorter work , written to flesh out the making of the beast , and is best read as a companion piece after king of swords . it can certainly be read first , but i suspect it will be more satisfying and resonate more if the reader digests king first , night second , then the sequels . thats how i envisioned it , but youre free to do as you like . even if read as a stand-alone or first , night should entertain and satisfy . night of the assassin is a classic prequel , in that it doesnt repeat information already memorialized in king of swords so there may be some gaps that dont seem to make sense until both novels are read . nights purpose , other than to thrill , is to explain , to afford illumination into one of my most fascinating characters yet . el reys past , or at least the highlights of it , are alive on the page . if ive done my job right , youll be hurtled along on a ride like no other , to be at times shocked , titillated , revolted , sad , and ultimately , swept into a dark world of cartel killers and violence , drug deals and paid executions , love and loss . enjoy this humble offering , with my compliments . your servant , russell blake night of the assassin chapter 1 midnight , five years ago , manzanillo , mexico the lights from contessa , a 160-foot christensen super yacht , glowed off the calm surface of the harbor below the grand bay hotel in barra de navidad , twenty-six miles northwest of manzanillo the primary deep water port on the pacific coast of mainland mexico . it was a calm spring night , the air heavy with the scent of the ubiquitous tropical flowers , beaded with moisture from the cloudbursts that had sulked over the hazy , humid day . crickets trilled their mating mantras beneath the broiling heavens , the only sound on the water besides the dull thumping of the disco beat emanating from the massive boats salon , which lay beneath the superstructure that supported a four-passenger helicopter and a complement of jet skis . the creaking lines of the yacht strained as the tide rolled in and the moons perennial pull drew higher the water level in the marina ; the heavy ropes that secured the ship to its long concrete dock keened in futile protest . armed security men clad in black windbreakers patrolled the concrete walkway that curved the length of the exclusive private marina , the unmistakable outline of heckler & koch ump submachine guns a silent testament to their intent . the battle-hardened men chartered with the safety of those aboard the yacht were dead serious , resonating a constant state of readiness against threats from any approach . the drug cartel skirmishes had escalated over the past two years the guards had been in some blistering firefights with rival groups and seen more than their share of blood . these were men for whom killing was routine , and they drew their pay with the understanding that any day might be their last ."
403,20,"a radio crackled as the group members checked in with one another , each confirming that all was calm . the routine was to monitor everyones status at fifteen minute intervals throughout the night . if danger came , it often did so in the wee hours , and the groups leader was keenly sensitive to possible fatigue or boredom a luxury that could prove fatal on that detail . peals of shrill female laughter pierced the night as the salon sliding door opened to allow three scantily clad young mexican women onto the rear deck , where the ashtrays were located near a well-stocked bar and a sumptuous oversized hot tub . the girls were regular company for the owner of the boat , sylvio contreras , the number one warlord in sonora and the head of the zapata cartel . not one was older than nineteen , the youngest seventeen papi contreras liked his meat fresh and tender , the more so since hed celebrated his fiftieth birthday the prior week . he could certainly afford the best , and there was a constant stream of eager girls interested in exchanging their charms for his largesse ; contreras controlled a significant chunk of the colombian cocaine and mexican methamphetamine traffic that made its way through sonora to the united states , and his annual personal take from the trade exceeded one billion u.s. dollars per year . contessa was one of three yachts papi owned the larger ones were on the eastern shore of mexico and in costa rica , one docked in cozumel and the other bouncing around central american ports as its owners whims dictated . contessa was more of a weekend getaway destination , a quick hop from home , whereas the others were good for several weeks aboard . papi burned roughly twelve million dollars a year keeping his boats in the water before even starting the engines . they were ready for him at any hour , staffed with full-time crews consisting of captains , chefs , deckhands , mechanics , maids , bartenders and masseuses . security travelled with him at an extra cost . then again , papi wasnt price-sensitive , and couldnt have told anyone precisely what he spent on his lifestyle . he knew that his plane had cost forty million , and this boat a hundred and twenty , with the others roughly a quarter billion , but when you were rolling a billion or more bucks a year , what did it matter ? the total hed lavished on toys amounted to what he would clear by june , so it had long ago ceased to have any meaning . the girls were in high spirits , fueled by a combination of tequila and cocaine , which was one of the other reasons why a place by papis side was coveted you had access to all the high-grade chemical supplementation you could want , in addition to the lavish financial generosity afforded to his female companions . they blew smoke and chatted about clothes and their favorite television programs , taking a break from the fiesta that was winding down inside . contreras had begun his birthday bash several weeks earlier and had decided to make it a month-long event , hopping from destination to destination with his entourage , which consisted of his brother and a group of five or six girls , accompanied by a security detail of two dozen mercenaries . they flew in a 727 hed acquired for next to nothing when it was put out of service by an american airline and , after ten million in refurbishments at a friends factory in costa rica , it served as his flying army headquarters . tensions were high between the zapatas and the gulf cartel , as well as the sinaloa cartel , and the outbreaks of violence had escalated until the death toll reached into the hundreds each month ."
404,20,"as with most of the disagreements that resolved in bloody skirmishes , this one had to do with power and money . the sinaloa cartel felt that sonora was making too much from its relatively insignificant place in the food chain , and was trying to dis-intermediate contreras in order to increase its net . the gulf cartel was more personal contreras had butchered the family of one of the gulfs ranking captains over some real or imagined slight , and that had ignited a blood feud between the two organizations . all of which was just humdrum business for contreras , who was one of the oldest of the living cartel bosses . hed invented many of the tactics that were now standard in settling disputes , including beheadings , mass executions with bodies left in prominent places as a warning , the murder of judges and cops , and grenade attacks in densely populated urban areas . contreras was a maverick in the trade , an innovator , who more than most understood that if you didnt have someone trying to kill you every moment , you were doing something wrong . contreras had sent the staff and his brother away to stay the night in the hotel perched above the marina so he could enjoy his debauched party with just his companions . he enjoyed his privacy immensely , even though in his line of work it was a commodity rarer than gold . as a cartel head , he was constantly surrounded by security personnel so part of the appeal of his boats was the ability to enjoy at least the illusion of seclusion . the door to the salon slid open again and a heavyset hirsute man with a bushy graying moustache and tousled curly black hair , wearing a versace silk bathrobe and lambskin slippers walked out onto the deck , gesturing to the girls with an unlit cohiba in his right hand . the youngest , veronica , leapt to her feet with a lighter and rushed to attend to their host . contreras smiled at her as he puffed on the hand-rolled cuban cigar , and playfully slapped one of her perfectly-sculpted buttocks after fondling it through her white mini-booty shorts for a few moments . she exclaimed with a giggle , faux indignation and petulance dripping from every syllable . you ready to make a party with your papi ? you know how i like it , contreras rasped in his distinctive sonoran accent . the girls extinguished their cigarettes and exchanged glances . veronica moved to her two new friends and they began kissing , then caressing each other . contreras stood by , watching impassively as the action moved from tepid to hot , and clothes began shedding along with any remaining inhibitions . smooth , creamy-brown skin rubbed against the cushions of the semi-oval exterior seating area , and soon the girls were largely naked , other than a captains hat the oldest , ana , kept perched precariously on her head even as veronicas probing tongue demanded her attention . papi opened a small eighteen-carat gold box and quickly tapped out two small piles of white powder on the glass exterior bar behind him ."
405,20,"he snorted the heaping lines of cocaine laced with levitra with gusto as he leered at the mnage a trois . he shook his head and stamped his foot against the teak deck in what he imagined resembled a wild bulls mating display before throwing his head back and grinning crookedly at the moon as it struggled to break through the gathered clouds . it was a good life ; he was a lucky man . this had been a fantastic birthday so far and whoever had said that life began at fifty wasnt lying . he reached below the bar and extracted a bottle of herradura seleccin suprema tequila and poured a healthy slug of the amber promise into a tumbler before returning his attention to the nubile entertainment . he studied the face of his platinum rolex masterpiece and noted the time a little after midnight . the security team studiously avoided looking up at the transom of the huge ship , preferring to scan the periphery for signs of intruders . papis love for the high life was well known and by now the men had seen everything . it was all fun until he couldnt perform or things turned nasty after too many drugs and the girls ended up begging for forgiveness . theyd had to bury their fair share of young strippers who had failed to judge his moods correctly . a career as a playmate for a narcotraficante was a high-risk , high-reward proposition in a world where the men were inured to violence and thought nothing of snuffing out life on virtually any premise , including because it amused them to do so . a pelican rustled its feathers at the waters edge before taking flight , swooping low over the water as it searched out more tranquil surroundings . two of the sentries swung around at the sound , ready to engage whatever enemy presented itself . they exhaled with relief when they saw the huge bird lumber into the night air . everyones nerves were raw from the prior weeks duty , moving from danger zone to danger zone while contreras partied without a care . they were in friendly territory but that counted for little when he was exposed like this . every moment held the possibility of an attack by enemies who were every bit as vicious and determined as papi , and when he wasnt in his fortified compound back home , the risk-factor went through the roof . the men were working in shifts , eight guards each shift , four hours on , eight off , so they could steal some rest and stay alert . after four hours of high-intensity patrolling , acuity fell off markedly and human error became more likely . the cartel game was one where you only got to make one mistake your last ."
406,20,"papi was paying the highest rates in the world for his security ; they wanted for nothing , but in return , he expected them to keep him safe no matter what , and if that meant every member of the team taking a bullet for him , so be it . the sound of the party from the boat was a headache for them , although no one would dare mention it to papi . but he might as well have painted a big bulls-eye on the super yachts bow for any hostiles in the area . the head of security , alberto , clenched his jaw as the women laughed , each squeal of ecstasy an invitation to disasterin his mind . the old pervert ought to restrict banging around with his doped-up teenagers inside the goddamned boat , not out in the open . why did he need to make such a public display of it ? it was recklessly endangering them all . he sucked down his frustration and concentrated on the job at hand , eyes scanning the surrounding dock area and the buildings for any hint of latent danger . theyd be back at contreras home compound tomorrow afternoon , and so far there had been no attacks ; with any luck theyd make it back without incident , where the routine drill would be executed in a more controlled environment where they knew everyone and owned the town . this was making him nervous exposed on the water , a million miles from nowhere with the boss kite-high on powder and bellowing into the night sky as though he was safe in his own living room . a cat scurried after a large rat on the slick-wet concrete path by the shops at the far end of the marina , setting albertos nerves further on edge . he didnt want to think of how wound-up his men must be after almost ten days of constant vigilance . all he needed was a trigger-happy lapse and theyd have the police and military landing on them , which would be a little awkward given that papi was the number four most wanted man in mexico . money obviously bought selective vision where he was concerned , but it would only go so far . gunfire at a six star hotels exclusive marina could raise the wrong eyebrows and the last thing alberto needed was an all-out gun battle with the military in the dead of night . he silently cursed contreras for being so careless , then exhaled a sigh of relief when he heard the drug lord call his whores back inside the boat with him . alberto had six men on land , two on the boat , and one on each side of the bridge superstructure keeping watch for any potential menace that they might miss from the dock . it would be impossible to sneak up on the yacht from the water in the still of the night a boat would be immediately detected , even if it was being rowed . but he wanted to ensure that all avenues of attack were covered , so even the waterside was being watched . contessa was docked on a side tie , her port side fastened to the pilings and the starboard side facing the harbor opening , beyond which the bay stretched into a black nothingness ."
407,20,"if there was going to be an assault it would have to come from the land because theyd have enough warning from the ships radar to take positions on the waterside and cut any encroaching vessel to pieces . theyd covered all possible approaches yet he was still worried . maybe it was the place , or maybe because it was the last night of papis latest binge . but alberto had an ugly feeling in his guts and it wasnt something hed eaten . his primeval senses tingled as if there was something out there coming for them . and whatever it was , it meant them harm . he called to his men for their radio check-in ; everyone responded immediately , sounding alert and precise . seasoned professional killers from a half dozen countries , making thirty-five grand a month each to lay their lives on the line . he didnt like the odds of anyone foolish enough to take them on in the dead of night . but his gut still told him they had a problem . the assassin checked the luminescent face of his stopwatch , noting with satisfaction that he was on schedule . he listened for the sound of the party at the marina , which was still some distance away . faint gusts of music muttered a vague cadence over the water . the target was making it almost too easy for him . perhaps it was just providence calling time on papi . but whatever the wheels within wheels of cruel nature , he thanked his lucky stars that hed taken this contract one of the largest hed ever been offered , at a million and a half dollars . hed planned the attack to the second and researched everything from the marina layout to the surroundings , even going as far as locating blueprints and a schematic for the ship and committing them to memory . this was his specialty the impossible to carry-off execution of untouchables was his stock-in-trade . it had made him infamous in a relatively short time . but this would be the most difficult sanction yet , due to the heightened vigilance of the security team he knew would be on-edge the final night of their rough duty , which concluded in a vulnerable location ."
408,20,"hed thought through all possible ways of terminating contreras , and when hed decided on his final plan , even he was impressed at the ingenuity of it . now he just needed his contractors to be on time and to do their job , and papi was better than dead . he slipped below the surface of the water and submerged to a depth of fifteen feet . that would be sufficient for his purposes . the small waterproof gps unit hed programmed with the coordinates of the dock radiated an orange glow that was readable from three feet away . by his calculations , he would need ten minutes to swim to his starting position before the plan engaged , though hed allowed himself fifteen , just in case . better safe than sorry on a night like this . his tank held sufficient air to breathe for an hour , which he hoped would be far more than necessary . it had been difficult arranging for all the pieces hed need to end the life of the brutal cartel boss ; expensive too , but sometimes cost was key . hed learned through harsh experience not to pinch pennies or cheap out . by the end of the night hed be far richer , so in the end , whatever his sunk costs were would have paid for themselves . he was nothing if not pragmatic about the job . his easy , practiced stroke propelled him smoothly through the warm water as he neared the private marina . he sensed he was close when he felt a current heralding the mouth of the harbor , as the surging tide pulled him through the broad opening . visibility was zero in the inky darkness so he was flying entirely by his instruments , which told him he had another hundred and fifty yards to go . contessa was berthed at the dock closest to the harbors entrance , commanding the entire length , so there was no cover or alternative to doing the dive . a commotion from the sea bed startled him with a cloud of muddy sediment . a large stingray rose from the muck and glided by him , nudging his neoprene-encased legs with one of its wings . more sensing the creature than seeing it , he was momentarily caught off guard . his respiration increased as he flailed in alarm , causing a rush of bubbles to hurtle to the surface ."
409,20,"battling for control over his breathing , he struggled to slow his heart rate after a few seconds of inward composure , he had it back to beating at a moderate pace . he didnt pause long to dwell on the near-miss , beyond musing that it would be ironic if his meticulously plotted assassination fell apart due to surface froth from a panicked brush with a bottom-dwelling myliobatoidei . another glance at his watch confirmed that he still had five minutes to go . by his reckoning he should be sixty or so yards from the front of the boat , and ninety from his targeted position . after a few more moments of swimming , he dimly registered the hull of the massive ship above him an opaque outline floating on an already dark surface , faintly illuminated by lambent swirls of the surrounding marina lights . carefully calculating the distance , he moved to the spot his schematics told him would be the correct one for his purposes . from a mesh sack attached to his dive belt , he fished out a suction cup with a handle on one end , which he affixed to the hull . the assassin could feel the vibration of the big generators that provided all the power when the massive twin mtu turbo-diesels were at rest . as expected , all systems were operating at full bore on the luxurious yacht . he extracted a waterproof battery-powered drill , and after taking one final confirming look at his position on the hull , he jammed the bit against the fiberglass and depressed the trigger . the diamond-tipped steel shredded its way through hard , fibrous material almost five inches thick . he dropped the drill back into his sack and extracted a small gas canister with a rotating valve on the end , where it connected to a custom-fabricated seven-inch tube that would be a snug fit in the hole . he jammed it up into the new opening and twisted the valve , wishing he could hear the satisfying hiss that would terminate the target . that was where part two of the plan came in . the assassin depressed a button on the suction cup and it dropped away from the hull . he swam to the far side of the ship that was facing the bay and cautiously poked his head out of the water , right next to the section where the engine vents drew in air . another glance at his watch confirmed that he had a hundred and forty more seconds before it was show time . he groped in the sack and , after re-submerging , drilled another hole , this time where the central air conditioning units were situated . he repeated the procedure with a second gas canister and returned to the surface again , hurriedly extending a telescopic tube akin to a car radio antenna . the assassin fitted a third , larger canister onto the end of the extension and , now in position and prepared , waited for the fireworks to begin ."
410,20,"alberto was the first to hear the big choppers rotors . by the time he had radioed to his men , the sound of the aircraft had increased to a chattering roar . a searchlight stabbed through the night , racing over the buildings and then towards the marina , tracing over the assembled boats until it finally alighted on contessas towering mass , blinding the two armed sentries in the top-level bridge . alberto screamed into the radio to his men to hold their fire nobody from the helicopter was shooting . the piercing light slowly moved along the concrete path , locking onto the armed men and freezing each in place before it moved on to the next . eventually , satisfied that there was no unusual mischief going on at the marina , the beam shut off and the chopper rose , hovering for another twenty seconds before banking and moving back towards its home base in manzanillo . it was one of the navy copters , no doubt sent over to check on reports of armed men on the waterfront . the army and the navy chiefs in the area had been paid off , so there shouldnt have been any problem . it likely took a couple of radio exchanges before they called off the dogs . few things in life scared alberto , but the prospect of taking on a contingent of armed mexican marines was one of them ; the army wasnt a problem , but the marines knew their shit . they were the equivalent of the american green berets , the toughest of the tough , and they generally meant business . alberto should know : he employed three ex-marines who were genuine , authentic hard cases even in a world where blood was spilled casually on a daily basis . the unexpected fire-drill over , the patrols commenced again . the night was still , and contessa gently rocked against the swell of the incoming tide , the music from within still booming its siren song into the deep . the assassin made his way through the cabin to the main stateroom , his silenced pistol at the ready . hed brought it in a waterproof bag , in which he kept anything that shouldnt get immersed during the dive . he didnt think hed need to use it , but better to be prepared . hed pulled his flippers off and set them on the rear deck , where he could grab them in a hurry . worst case , he could always swim without them , although it would be much rougher going . that wasnt his most pressing problem now , though ."
411,20,"he needed to memorialize his success and get the proof back to his clients so he could collect the second half of his fee and build his reputation in the process . he pushed the door to the master stateroom open and encountered a tableaux straight out of hell . papi lay naked in the center of the bed , surrounded by his three young playmates , also naked . the nerve gas hed bought from the russians had done its work , circulating via the three zoned air conditioners . hed been guaranteed that the gas would kill within ten seconds of inhalation , but he needed to be sure . the sight of the female corpses , bloody foam caked around their mouths and noses , already cyanotic , had no effect on him . this was his job , his chosen profession . collateral damage was regrettable , but part of the deal . the girls would have likely been dead within a few years anyway , either at the hands of these goonsor their rivals . it was a fast money life , which didnt come with a retirement plan . breathing through his respirator , the assassin studied the dead cartel boss , then fired a single shot through his forehead , more for effect than anything . he inspected his handiwork dispassionately before reaching into the watertight gun bag for a cell phone and a laminated rectangle . approaching the man , he positioned the card almost tenderly on his exposed throat before snapping a photo with the phone . the figure on the card seemed to watch the proceedings without interest , his medieval regal gaze unblinking in perpetuity , the double-edged blade of his clutched sword forever pointing at the heavens . satisfied with his handiwork , the assassin dropped the phone back into the sack and sealed it before placing it into the web bag hanging from his dive belt . he heard movement from up on the bridge heavy footsteps that carried down into the mid-ship stateroom , which could signal either a problem or a shift change . the one part of the plan he hadnt been able to nail was a detailed agenda for the security team . there was just nobody he could find that could be paid off , so hed had to wing it . he hoped that wasnt a fatal flaw tonight . hed know soon enough ; even though his work was done , he still needed to complete phase two of the sanction , which was often the hardest part the part where he got out alive ."
412,20,"alberto called his men to an area near the dock and briefed the new arrivals . they would be on shift until four-twenty , at which point theyd be relieved by a new , fresh set of eight . the men handed the replacements their weapons and spare clips , then moved in a group toward the hotel , a wing of which had been booked for the security detail and boat staff . alberto debated going with them , having already been on for eight hours , but he couldnt eradicate the twisting in his stomach that something was amiss , so he knew there was no way hed be able to sleep . he held up a pair of night vision goggles and studied the rocks of the jetty that protected the harbor , slowly and carefully scanning every foot of them . a cry from the bridge interrupted his reconnaissance , and he looked up to where one of the new arrivals was waving . alberto turned the volume up on his handheld and called to the man . iwas papi or any of the girls swimming earlier today or this evening ? alberto asked , honestly puzzled by the question . theres a pair of without warning the radio went dead . the hair on albertos arms stood up as he peered through the goggles up at the bridge . he couldnt see either of the men who were stationed there as sentries . alberto hissed into the radio , his hopes sinking even as he called . the body of one of the two guards sailed over the side of the bridge , landing in a formless mass four stories below on the concrete surface of the dock near albertos feet . alberto stared at the body in disbelief , a stain of thick , dark blood quickly pooling around the corpse . moments later a second corpse hurtled over the security men all rushed toward the yacht , now in full-scale attack mode . the two men on the bridge had been in unassailable positions , with the only access from the rear deckand the salon , where papi had last been seen leading his friends below to his palatial zebra wood-paneled stateroom . the night abruptly exploded into an inferno , temporarily blinding alberto . from inside the boat , the whump of an incendiary grenade illuminated the interior with a white-hot flash before the ensuing blaze erupted from the side windows , shattered from the scorching blast . a figure in black wearing scuba gear swung from the bridge over the waterside of the ship , dropping the forty feet into the harbor even as alberto hazily trained his weapon on him and opened fire with a hail of bullets ."
413,20,"burst after burst of sizzling lead seared into the water where the diver had submerged , and albertos men quickly joined him , shooting point blank into the surface in the hopes of hitting something . the assassin allowed himself to sink to the bottom , twenty-five feet below the surface . he kicked a few feet and took cover beneath the gargantuan hull , the bullets tearing harmlessly through the deep where he would have been if he was stupid enough to try to swim out of the harbors mouth . hed give it a few minutes and let the gunmen exhaust their wrath before doing so he still had sufficient air . even the most dedicated mercenaries would tire of emptying weapons into the bay for no reason , so it would only be a few more moments before they stopped and began thinking about evacuating before the military arrived to check on the blaze . it would be a long slog across the bay without the swim fins hed been forced to leave on the aft deck . he made a mental note in the future to bring an extra set with him to attach to the hull , where they would be safely waiting for him if he was forced to make a hasty departure . he checked his watch and peered through the gloom at his regulator gauge , which he illuminated using the dim glow from the gps . he had forty-five percent left , which would get him out of the harbor and at least halfway across the bay before he needed to jettison the tank and switch to using his snorkel . with any luck at all he would be on the far side , on the banks of the little fishing hamlet of barra de navidad , within an hour and fifteen minutes , where a battered toyota tacoma sat waiting on a dark , deserted street by the water . it would be the least-expected escape route given it was the farthest point from the ship . if the security detail still had any fight left in them after losing their meal ticket , theyd deploy to the more obvious areas closer to the yacht , although any pursuit would be hurried due to concerns over the arrival of the marines . the odds of there being any serious hunt for him were about zero , he knew . theyd be far more interested in clearing out before they had to explain their heavily armed presence to the military . from the town of barra , he could be in manzanillo within forty minutes , or better yet , at one of the big hotels just north of town . they were showing their age , but he still liked las hadras resort as a place to lay low for a few days while waiting for the wire transfer to hit his account . when he got to shore he would e-mail the photo of papi , with his distinctive calling card in glorious display , using his cell phones internet capability . the client would be suitably impressed , given yet another impossible execution in his notorious string of accomplishments had gone off without a hitch . the gas had been a novel touch and hed been delighted with the results . it was short-duration and would have blown off within five minutes of entering the air-filtration and conditioning system , so the only trace any investigators would find would be the empty canisters wedged into the hull ."
414,20,"at that stage it would be pretty obvious that something in the atmosphere had killed the passengers , so the discovery would have zero effect on anything . the vendor had done well with the choice ; the assassin grinned behind the heavy glass mask hed use him again . reliability in the assassins game was key to sustaining rewarding long-term relationships . rousing himself from his reverie , he began swimming slowly away from the boat , hugging the bottom so as to avoid any telltales to the flashlight beams playing across the surface . they were wasting their time but he wanted to take no further chances . he resolved to hold his breath for the two minutes it would take to make it to the harbor entrance and to safety there was no point in increasing the odds of more shooting by leaving an unnecessary bubble trail up top if he didnt have to . by the time the flames were extinguished there was little left of the ships upper salon or staterooms , other than the main bedroom used by the owner . when alberto made his way down the shattered stairs to the companionway that led to that area , he already knew in his heart what his eyes would confirm . his boss , his sacred charge , was dead . still , nothing could have prepared him for the vision of a naked papi with the tarot card sticking out of his bloody , froth-caked mouth , surrounded by the cold-blue naked flesh of his nubile companions who had obviously died in excruciating agony . his blood ran cold when he saw the image of the seated regent protruding from papis face . hed heard the stories , the rumors of the ghost that came to kill , but had never believed they were true . until hed witnessed the handiwork with his own eyes the handiwork of the king of swords , or el rey as he was known in mexico . he was every heavily protected targets worst nightmare the man who could walk through walls or up the sides of buildings , and from whom no one was safe . seeing the assassins calling card was a loss of any innocence or hope hed ever had . because now , alberto knew that there was indeed a boogeyman , a devil that danced in the darkness , a stealer of things precious for delivery to hell . alberto could say with assurance that there was something that scared him more than the mexican marines , more than torture , more than the prospect of death itself . he , a man for whom slaughter and killing was mundane , had seen the face of true evil , and it had stared back at him , unflinching . el rey had come during the night and stolen papis soul . chapter 2 twenty-five years ago , sinaloa , mexico the flames leapt up into the night sky , their eerie flickering the only evidence that anything man-made had existed in the deserted field of marijuana plants ."
415,20,"the shacks were ablaze , sending embers shooting into the air as they carried the captives hopes of survival to heaven with them . the little girl sobbed , terrified of what was to come . her mother , helpless beside her , howled an incoherent , primal sound into the ground next to the mutilated corpse of her youngest , while futilely struggling against the crude plastic ties that bound her bloody wrists . this had been the worst night in the toddlers short , harsh life , and it seemed surreal to her . the dead form of her father lay sprawled next to her mother , his life extinguished in an unspeakable manner . she had so much to do her life was just starting . true , it had been a difficult existence so far , as the daughter of a dirt-poor farmer in the hills of rural mexico ; another mouth to feed in a hard environment where money was non-existent and the family lived off the land . but , as with most children , she loved her parents wholeheartedly , no matter what the circumstance ; they were her universe and she had just begun viewing the world as a thing apart from them . as the seasons came and went , the familys time was spent working their meager patch of land : a plot of several acres that had been in the family for over a century . they survived without any creature comforts , their power provided by an ancient gas-powered generator which was used only in emergencies gasoline being far too precious a commodity to waste on luxuries such as lights . there was no plumbing ; their water came from an artesian well . still , it was a life , her life , and the only one shed known in her four years on the planet and like most organisms , she wanted it to continue as long as possible . the men had arrived in their huge truck , and soon the shack the little family called home was ablaze and her sister and father were no longer of this world . and now she kneeled , crying while she murmured the only prayer she knew , hoping it would work as a talisman to keep the bad men at bay . our father , who arth in heaven , she lisped in a soft , tremulous tone . she swiveled her head and watched as an older man , who had just arrived after their field had been set alight , walked slowly back to his vehicle holding the hand of a young boy her brother . one of the remaining two men moved beside her and grabbed her mothers hair , lifting her to her knees , her grief shrieking in gasping sobs even as she trembled in shock and fear . her shoulders shook the shabby sleeves of her torn peasant dress , now bloody and filthy from the abuse shed received at the hands of the animals who stood by them with their pistols and cowboy boots . a gunshot rang out , deafening the little girl her mother fell forward onto the bloody dirt , her suffering ended , gone to join her husband and baby . the little girl cried to the silent god who had abandoned her , an innocent , even as she continued to recite the words shed been assured would protect her through anything ."
416,20,"thy king done come she closed her eyes against the horror of the scene and imagined a place where she would be forever young , playing in a beautiful grass field with puppies and ponies ; her father , young , healthy and vibrant running beside her as her mother tossed her baby sister into the air , eliciting squeals of glee from the delighted tike . she sensed the cold menace of the gun barrel against the back of her tiny head , and redoubled her efforts to send her maidez to her creator . thy will be the lead ripped through her cerebrum , abruptly terminating her brief sojourn on earth . her frail body tumbled lifelessly to the ground . the men watched as the cannabis caught fire , fed by the gasoline that had been so frugally saved for the familys power , their butchery merely another days work in their brutal world of enforcement of their absolute power . both would sleep well that night , their consciences long ago having been discarded as impediments to their working for the group that would later become the sinaloa cartel the most powerful and ruthless of the mexican narcotraficantes . the nights drama had been another in a long line of horrors theyd inflicted on their fellow men in order to solidify their jefes control over the region . the citizenry only understood and respected one thing , and that was brute force . they were the delivery system for that primal justice , and they knew that nobody would ever miss the peasant family or question the events of that night . it was all business as usual ; nobody wanted to have the men visit their home if they were too inquisitive about what had happened or where the farmer and his family had gone . the events would remain just another footnote in the slaughter that was an ongoing part of the drug traffic in mexico . there was nobody to defend the innocents , and so they perished , as countless others had before them in brutal episodes that determined nothing . mexicos soil was steeped in the blood of the helpless the men knew that nobody would mourn them . they had no power , no clout , and so were disposable . the enforcers returned to their truck , which started with a roar , and they tore off into the night , down the dirt track that led to civilization , such as it was . ~ ~ ~ twenty years ago , sinaloa , mexico horses whinnied as they galloped around the periphery of the open field . the men gathered in the center whistling at the ponies as they celebrated their temporary equestrian freedom . a sprawling mission-style hacienda sat imposingly in the distance easily twenty-thousand feet of interior space built on a bluff overlooking a river which burbled softly below it as it carried fresh water from the mountains , so vital for the irrigation of the regions crops , which were mainly tomatoes and marijuana . the majority of the cannabis grown in mexico came from sinaloa , and it had been this harvest that had been instrumental in the creation of the modern cartel system . originally , only a few families engaged in the trafficking of marijuana to the u.s. , along with heroin of moderate quality and purity produced in modest , local fields ."
417,20,"it had been a small business , operated like a cottage industry , tightly held with a minimum of violence other than turf wars over growing and distribution rights . then , in the late 1970s , the dynamics had shifted ; the smuggling networks that had been engaged in this relatively benign trade took on the burden of moving cocaine through mexico for the colombian cartels , and then the money got much bigger as the cali and medellin cartels grew increasingly reliant on their mexican smugglers to get the product to the u.s . this naturally led to a situation where the mexicans began getting paid in product , versus cash , driving them to become distributors , as opposed to transporters and the money involved took another quantum jump . by the early 1990s , the mexican cartels were handling much of the trafficking for the colombians , whose cartels had disintegrated in the late 1980s with their survivors now focused mainly on manufacturing . within a little over a decade , a small business had become a multi-billion-dollar industry and the various factions fought it out for the rights to their geographical areas . by 1990 , the sinaloa cartel was the most powerful in all mexico in all the world , in fact primarily because the godfather of the mexican drug trade , miguel angel flix gallardo , was from culiacan , the capital of sinaloa . it was he who ran a hundred percent of the trade through mexico during the seventies and eighties , and he who had the relationships with the colombians . in the mid-eighties , he decided to divide up mexico into regions , so the power that was naturally concentrated in sinaloa remained there , with the other cartels acting as satellites to that main central group . that changed when gallardo went to prison in the late eighties , which created a vacuum in the leadership and opened the door for the smaller , less important cartels to assert a better foothold . in particular , the tijuana cartel and the juarez cartel had jockeyed for greater sway and a larger chunk of the profits , leading to often bloody wars with their sinaloa brethren . the group of men watching the horses laughed easily together , cans of tecate tempering the worst of the mid-day heat . it was fall , the storm season was largely over , but the temperatures could still reach the high nineties during the day , bringing with it substantial humidity . the oldest of the men , don miguel lopez , a tall , lean man with the leathery complexion that came from a lifetime outdoors , had his left hand resting on the shoulder of a ten-year-old boy , already lanky from the summers growth spurt that had left him all arms and legs , an alien in an unfamiliar body . it was his birthday and , at ten , it was time for him to begin learning the skills hed require to survive in an ever-competitive world . in mexico , with a head of the household who was one of the original ranking members of the sinaloa cartel , that translated into more than reading , writing and arithmetic . don miguel , the elder statesman of the group , smoothed his mustache and lifted his cowboy hat , wiping away the sweat from his brow with a soiled red cloth handkerchief he carried for that purpose , and then patted the boys shoulder . its time for you to learn about the way of the world . as part of your birthday , im handing you over to emilio here , who will teach you everything youll need to know about maintaining a healthy body and mind , as well as about horses and weapons . and who knows ; maybe when youre older , he can even teach you a thing or two about women , don miguel joked . the surrounding men obligingly laughed at his playful sense of fun ."
418,20,"my business will be demanding an increasing amount of my time and ill be traveling much of the year , so im entrusting you to emilios capable hands . youre to treat him with the same respect you would afford me . hes your mentor , which is a position of honor , but its also one of responsibility , and if you fail to apply yourself it will reflect poorly on him . he didnt talk much had never seen much point to it . even at his tender age hed discovered that it wasnt what people said , it was what they did that counted , so engaging in what he viewed as meaningless banter served no purpose . he looked up at emilios wizened face , battered by the cruel vagaries of a fickle universe , and fixed the man with his gaze remarkable in its intensity , especially given that he was just a boy . emilio regarded him and then grunted , gesturing with his head for the boy to follow him . the pair walked toward the stables and , once out of view of the men , emilio got down on one knee so as better to get his point across . i know your history , and im here to tell you nothing matters but the present and the future . the only reason the past matters is so you can learn from it . thats the whole reason making mistakes and surviving them matters . experience is what we call the mistakes we survive . emilio grinned , and tussled the boys hair . every day , before you go to school , we will spend an hour together learning how to discipline your body . every afternoon after school , youll spend three hours with me , learning how to discipline your mind . once you have both under total control , well proceed to the fun stuff learning how to shoot , ride , swim , hunt , and how to stay hidden . but i cant teach you anything until you have control over yourself . the boy glared at him dubiously , his dislike of the situation and his new mentor obvious . emilio swatted him on the side of the head , just enough to get his attention . you cant hide your emotions , so youre an open book to anyone who wants to read you ."
419,20,"you dont like me , and its obvious so i now have power over you . youve given me that power by failing to contain your feelings , and i can use it to hurt you . so your first lesson is to control your emotions . if not , theyll control you , and youll be blown around like a leaf , always reacting to whatever storm is taking place in your brain . even at ten years old , the boy had learned to listen . emilio could see the wheels turning in his small head as he absorbed what the older man had said . it doesnt matter to me whether we do this the easy way or the hard way . if youre interested in proving youre stubborn , save your energy for something that matters . you want to prove something , show me youre determined ; youll have plenty of chances . my job is to build you into a leader , a man others will look up to , who makes smart decisions with a level head , and who never , ever loses his cool . youll soon figure out that its better to put some effort into learning what im teaching rather than fighting it . in the end , resisting the lessons will just be delaying the inevitable , which is getting to the fun parts . make a choice , then eliminate all other possible outcomes . i hope you select a good one , emilio concluded , and then opened the barn door and moved inside to the bales of hay . he studied the pile and motioned with his hand to the old pitchfork leaning against the far wall . starting today , and every day until i tell you that you can stop , i want you to move the hay from these bales , over to this pile by the feeding trough . spend one hour per day doing it , every morning before school . emilio glanced at the boy , who now regarded him impassively . the old man reached into his pocket , and produced a new stainless steel wrist watch , tearing off the tags as he examined the clasp . he looked at the time and then tossed it to the boy , who snatched it out of the air with ease ."
420,20,"its always important to give , in order to get . i see youre right-handed by your catch . well work together so that you can do any task with either hand , equally comfortably . if youre ever wounded in one arm , you can use the other , and that edge could be the difference between you living or dying on the floor . the boy nodded his head in the affirmative . never tell me you know something if you dont . i dont mind it if you dont know not knowing if you havent been shown isnt your fault . not knowing because you werent shown because you pretended to knowthats stupidity , emilio cautioned . i know how to tell time ; how to read a clock . im not stupid , the boy declared angrily . but you still havent learned my first lesson . by showing me how youre feeling , either with your voice , or eyes , or body , youre giving me an advantage over you . so well work on you learning to control your emotions , to be cool and collected at all times . its the first lesson ill teach you , and probably the single most valuable . emilio studied the boys features , the dark brown eyes radiating a quiet intensity . once you master the ability to manage your inner domain , you will have power over others , instead of them having power over you . learning to do so is a matter of practice . the more you practice , the more composed youll become , and the faster youll progress . its not just about hiding your emotions from others its about arresting your state . if nothing else , always remember that ."
421,20,"emilio glanced at the pitchfork , then back at the boy . and something tells me you dont like losing , eh ? well , heres another piece of experience from a lifetime of mistakes : winning takes work usually a lot of it . so , happy birthday , treat your watch with care and it will function well for many years and get to the hay its not going to move itself . emilio turned and strode out of the building and onto the dirt riding path , leaving the boy to his thoughts . emilio could tell he was one tough little bastard , that was for sure . you had to break their spirits sufficiently so that they could learn how to behave in a productive manner , but not crush them entirely you wanted a thoroughbred that desired to winor it became a plow horse . don miguel was a smart man , and he had been clear that he expected the boy groomed to be a suitable heir to his rapidly expanding fortune . the next five or six years would be the ones that forged the boys character and made him into whatever he would ultimately be . don miguel had stressed how intelligent the boy was , devouring every book he could get his hands on . that could be a powerful combination of character traits . emilio would steer him in a direction where he had an outlet for his obvious simmering anger . the don didnt have time to raise him and teach him what hed need to know . every day brought more and more threats to the dons survival ; the truth was , he would be in hiding much of the time , directing his affairs from a safe distance . don miguel was now a major player in the mexican trafficking scheme , but with the spoils came the risks . there was a constant and never-ending supply of enemies who would cut his throat for the slightest advantage . the danger was very real and immediate . so he would leave his beloved estancia , his horses , and become a general in the ongoing war , coming home only for brief visits when he deemed it to be safe . it was an unforgiving existence that could end at any moment , but it was the life hed chosen , and now he ran things in much of northern sinaloa he was becoming a fabulously wealthy man , even by cartel standards . in the dons business , there was no retiring , no quitting to pursue other interests ."
422,20,"the trade operated according to the law of the jungle : you kept killing until something killed you . if you were the meanest and smartest predator , perhaps youd have a long life . so far , don miguel had proved to be up to every challenge . that could change in a blink , but emilio didnt think so . he was one in a million ; easily a genius , as well as utterly ruthless and clinically calculating . that combination of traits was rare , especially in a business that boasted more testosterone than a boxing club . but the don was also looking to the future . he realized that the boy would always be a target , no matter what pursuit he chose as an adult . which meant that he needed to be equipped with skills that would enable him to survive in a world filled with enemies . even if he didnt become a predator himself , he would need to learn the lessons that would keep him from showing his soft underbelly to those that would cheerfully rip out his entrails . emilio was the boys best shot at survival . he would teach him the lessons he would need to learn well in order to stay alive , and hopefully to flourish . chapter 3 sixteen years ago , sinaloa , mexico the boy had grown considerably over the thousand days since emilio had taken over his care , and had mastered all of the tasks hed been assigned . he was remarkably self-possessed , excelled in his studies , and had worked diligently on his exercises . emilio had transitioned him from hay to a real workout , in order to keep up with his rapidly developing physique . his upper body was sculpted by a series of isometric exercises , culminating in chin-ups and push-ups ; his lower body was conditioned with increasingly longer runs . even as he approached his fourteenth birthday , he could easily be mistaken for two years older and his gait had taken on the measured confidence of an athlete . don miguel had occasionally stopped by and each time hed been surprised by the boys development . gone for six months at a time , it seemed that with each visit , the boy was a few inches taller and sporting a few more pounds of muscle . don miguel was pleased with the metamorphosis and indicated his satisfaction with generous increases in the boys allowance , as well as in emilios remuneration ."
423,20,"the boy was now easily half of emilios workload because the number of skills to be learned increased with his age . he was already an accomplished horseback rider and swimmer , and had shown considerable aptitude for archery . it wasnt unusual for the boy to spend hours each day patiently firing at targets with his hunting bow , gradually increasing the distance as he mastered a given range . that was how he approached things methodically , analytically . hed quickly taken emilios counsel to heart and worked at controlling his emotions no matter what the stimuli . emilio had taught him any number of tricks to help him remain detached and calm in any situation . on his fourteenth birthday , don miguel was nowhere to be found , but had sent a substantial financial stipend to be lavished on the boys newest tier of training weapons . emilio had received instructions to teach him to become proficient with handguns and rifles , and had sourced a variety of guns of all shapes and sizes . by this point , he knew the boy would practice until he excelled at whatever the challenge was and he wasnt disappointed with his firearms progress . within a year , the boy was a crack shot with any weapon you handed him , firing either right or left handed . hed become ambidextrous through discipline and application , and spent three to four hours every afternoon at the private shooting range emilio and he had constructed for his use . firearms were illegal in mexico , but out in the country , with no neighbors for miles and with all the local police on the payroll , nobody seemed to mind the constant volleys of shots that echoed through the trees for hours on end . nobody was being hurt , no harm was done and everyone was getting bountiful christmas bonuses each year , so there was no reason to rock any boats . it was live and let live as far as law enforcement was concerned , which worked out in everyones best interests . the boy quickly grew comfortable with any guns provided to him . as his fourteenth year transitioned into his fifteenth , he was exceeding all expectations emilio had of him . one afternoon , shortly after the boys fifteenth birthday , emilio performed the ultimate pistol test , bringing with him a smith and wesson .357 magnum revolver and a ruger 9mm semi-automatic . he set up two coffee cans thirty yards away from each other , paced off forty yards with the boy and held out both handguns . the target on the left , shoot with your left hand using the revolver . fire as quickly as you can while maintaining accuracy , emilio instructed ."
424,20,"the boy hefted both pistols , getting a feel for their weight . he knew from hundreds of hours of experience that firing a big bore revolver required different skills than a smaller caliber automatic . besides the difference in recoil , which was considerable and had to be adjusted for , a revolver used each trigger pull to rotate the cylinder that held the bullets , requiring significantly more pressure and causing a reflex that would make most shooters fire high , pulling up from the target . firing a revolver with both hands in a military crouch was hard enough , but doing so with his weak hand while adjusting for the low recoil of the ruger was an almost impossible challenge . how many pounds of trigger pressure on the ruger ? i wonder , if youre in a situation where you have to use someone elses weapon , whether theyll be able to answer that for you ? he calculated the distance and then began firing , alternating weapons , rapidly , but not in an uncontrolled manner . the pair of cans , which theyd filled with water , sprouted leaks . after emptying both weapons in their direction they walked over to inspect the results . of six possible hits from the revolver , five had found their mark . all nine that emilio had loaded the ruger with found theirs . i would have guessed you wouldnt have hit any with the revolver . the only problem is that the one you didnt hit it with might have been the one you needed to save your life . well need to practice this more , switch things up on you . and i want to start practicing shooting while running or riding in a vehicle soon . once you master being able to hit anything using whatever youre handed from a still position , well kick it up a notch and have you simulate real combat situations where youre not stationary . this was high praise from emilio , who was grudging with his accolades . he understood his performance was extraordinary . there was no room for error , and no satisfaction to be had from being almost great . emilios only concern as the boy matured was the inevitable interest that he showed toward his daughter , jasmine ."
425,20,"she was a year younger than the boy but already a beauty , thankfully reflecting her mothers genes rather than emilios . also highly intelligent , she was every bit the boys match when it came to anything intellectual , and there had been a simmering kind of sibling rivalry between them since theyd first met . jasmines mother had died when she was five , leaving emilio to shoulder the burden of raising her , assisted by his sister and mother . one of the benefits of being a breadwinner of secure means with a generous employer like don miguel was that you could help support family members , and emilio did his fair share . in return for which , the ladies , as he called them , raised jasmine while he was working . it wasnt a perfect situation but it had done well enough by her and shed blossomed into a gorgeous , charming example of classical mexican beauty , all gleaming black hair , white teeth and coffee-kissed skin . the only quirk shed shown was a deep interest in the occult , driven no doubt by a frustrated desire to somehow relate to her departed mother . she was catholic , of course , as was everyone in sinaloa they knew , but shed grown restive with the faith and had taken to reading tomes of dubious virtue , on divining , and psychic powers , levitation and transmutation , and all manner of arcane , esoteric disciplines . jasmine had of late been sneaking out and spending time with an old woman who claimed to read fortunes in ones palm , as well as through studying tea leaves all for a price , of course . emilio had been worried , but the ladies had assured him that it was just a phase ; a way to appear more mysterious as she came of age . hed never understood women , having found them all equally inscrutable and impossible to read , so in the end hed decided to take the advice of his mother and sister and let the fascination run its course . emilios days consisted of working with the boy and the horses . once both children were home from school , his attention focused almost exclusively on the boy , leaving jasmine to be trained by the ladies in the feminine ways of the world . this wasnt because of any lack of love on emilios part . on the contrary , he lived for jasmine . it was just that as shed grown from a child into an adolescent hed felt out of his depth , and now that she was thirteen , and moody , her body sprouting the curves that would attract members of the opposite sex like bees to honey , he had no idea how to deal with her . he rationalized that this was natural , and would hopefully also pass . she just needed to be around other women , to learn whatever it was they learned while he taught the boy how to do masculine things . one friday before easter , the boy had come home from school with a bloody nose and some abrasions on his face , which after some hard questioning turned out had come about from a fight with an older bully who had been bothering jasmine during recess ; he had grown increasingly abusive and insulting as the day had worn on . the boy had rushed to defend jasmines honor , only to be pummeled by the larger student , whose two years of seniority was enhanced by growing up in a household with three brothers who had taught him to fight ."
426,20,"the boys education hadnt yet moved to manual self-defense , but , looking at his bruised face , emilio decided it was time to teach him how to use his fists . as with most things , the boy learned quickly and , within a few weeks , had mastered the basics of the primitive form of martial arts emilio knew ; really just a combination of rudimentary boxing and street-fighting techniques . but the boy was a sponge , and once hed exhausted emilios capabilities he lobbied for more advanced training and given that it was emilios job to provide him with the fullest possible education , they researched alternatives and quickly found a plethora of options . culiacan was the nearest large city , a half hour drive from the ranch . it had a number of martial arts schools specializing in judo , karate , and kung fu . the boy convinced emilio that his development warranted three classes a week . he added the stylized moves and holds he learned to his exercise routine , striving to perfect those as he had so many others . there were no more incidents at school after the next altercation when the boy knocked the older punk unconscious within a few seconds of the fight starting , the bully abruptly lost his taste for hassling jasmine or picking on either of them . his classmates treated him with polite and cautious deference from that point on . he didnt mix with the rest of his peers and showed no interest in friendships beyond casual greetings-in-passing in the halls . that was more than enough interaction for him ; he viewed his fellow students as inferior in every way not because he was arrogant , but rather because hed run an equation and found them wanting and immature . they were children , given to excitement or emotional flights , whereas he was almost an adult , always restrained . he was quiet and withdrawn and tended to keep to himself , preferring to limit his mingling to jasmine during recess . they had grown close by virtue of their shared male authority figure . it was a brother-sister relationship , for the most part , but the ladies had cautioned both emilio and jasmine that things would have to change once they both matured . shortly after he turned sixteen and she fifteen the inevitable occurred ; the two became inseparable in spite of admonitions from the adults . jasmine was gorgeous by then , and at an age when many mexican girls in past generations were married and having their first children , so it was foolish high hope on everyones part to expect that the two wouldnt find each other , living out in the country as they did , and in the same compound . the boy had grown from a gangly colt into a self-possessed young man with looks that made females glance at him twice , and jasmine radiated a beauty that was dazzling to behold . one afternoon after school they had been hanging around the corral , the heat of the approaching summer heavy in the air , and the boy and jasmine had spied each other across the field and gravitated to the fence , the horses within the enclosure prancing as they trotted around and around , two ranch hands minding them with watchful eyes . jasmine asked , her furtive glance taking in the boys glistening chest , a thin sheen of perspiration lingering from his afternoon workout ."
427,20,"last days of school for the year , and constant practice with your father . thats got to get old after a while , she said , offering a gleaming smile . everything gets old after a while , the boy said , his voice sounding more mature than his years , the timbre having changed that spring from the higher pitch of an adolescent . she took a sidelong glance at him and noticed that hed begun shaving recently , his upper lip darkened by a dusting of stubble , and something in her lurched at the sight of his chiseled profile . they watched the horses , and then a third ranchero approached leading a large brown stallion , the proud creature tossing its head side to side as it trailed the man . the other two ranchers drove the remaining ponies out of the corral and towards the barn , the way familiar to them from countless days of training , leaving only one tan mare , still frisky with the energy of youth . a fourth cowboy entered the corral , and clicking his tongue , moved to the mare and quieted her , feeding her sugar as he murmured in her ear and stroked her head , her flanks quivering from her earlier exertions . jasmine sucked in her breath as the stallion was taken to the mare , and her complexion flushed as the stallion mounted the female and the two horses mated a not uncommon occurrence on the ranch , but one that had increasingly drawn her interest of late . the boy eyed the proceedings with marginal interest , his attention drawn more by jasmines smooth skin and flashing eyes than anything equestrian-related . when the show was over , electricity seemed to crackle between jasmine and the boy , unspoken but as powerful as a lightning strike . i want to show you something , jasmine said , her voice tight as she brushed back her glossy black hair with slender fingers , revealing a perfectly sculpted neckline and delicately formed ears , wisps of black curls framing each , small gold studs catching the sun . the boy nodded , swallowing hard , his mouth suddenly dry , and they walked to the edge of the clearing and then into the heavy woods surrounding the ranch . he asked , but she didnt answer with anything but a shush as she led the way . eventually they reached a stream they had both spent many summers enjoying , its cool clear water flowed down from the nearby mountains , the rushing of the current over the time-worn rocks musical to their ears . the heat of the day had built to the low-nineties , muggy before an approaching storm , and the change in the atmosphere near the water was palpable . its so damned hot at the house , and theres nothing to do . im bored , she complained , her lips flashing the hint of a smile as she took in the stream . dont you get tired , every day the same thing , never anything new ? its driving me crazy he moved to the edge of the bank and picked up a small flat stone , then tossed it into the swirling current . he admitted , and then they both fell silent , contemplating the streams gentle surge ."
428,20,"jasmine sat down near the water and then lay back on the grass , considering the configuration of the sparse , puffy clouds overhead as though they held some sort of secret . she shifted her gaze to his face , and when she caught his eye the boy sat next to her , another rock in his hand , his repertoire of small talk exhausted . hed always been easy in her presence , a familiarity bred from years of proximity , but now , suddenly , everything felt different , and he couldnt think of anything to say . a warm breeze stirred the surrounding trees , and for a moment , time stood still , the perfection of the instant lingering as though it could last forever . jasmine rolled towards him and reached up with a trembling hand , then pulled him down to her , no words required . he hesitated for a brief instant and then he was lying next to her , her scent vaguely floral , as inviting as anything hed ever dreamt of . his lips found hers and his eyes closed even as hers remained open , a faraway look in them neither would have recognized . the boys tentative gentleness gradually shifted to a more aggressive confidence , and soon an urgency was building in him that dictated its own pace . her rhythm matched his , a new , unfamiliar hunger now in control of her , a need that had been little more than a smolder suddenly flaring up to become an out-of-control blaze . they were both breathless when she pushed him away and sat up , seeming to arrive at an important decision as his awareness returned to the present from whatever miraculous destination hed found in her arms . she rose , his puzzled gaze trailing her as she peered at the water , then fixed him with a playful look as she smoothed her dress , her hands lingering on the white cotton a little longer than normal . lets cool off , she said , and then , surprising him as much as anything ever had , jasmine pulled the light summer dress over her head and kicked off her sandals , her perfect youthful curves clad in only a straining bra and a pair of pink cotton panties . the boy was speechless at the nearly naked immediacy of her nubile body , but before he could regain his composure she had turned from him and slipped her bra off , then taken a tentative step into the water , and then another , the sight of her tan skin and flawless back mesmerizing until she was immersed to her neck in a deep pool ten yards upstream . its wonderful , she invited , and he glanced down at his shirt and pants , the evidence of his arousal obvious . he grinned and shrugged , then stripped off his shirt , the hardened slabs of muscle chiseled from his relentless exercise regimen riveting jasmines gaze as he stepped out of his shoes , and then he pulled off his jeans and tossed them on top of her dress . the day passed in a fog of desire , their appetites finally unleashed , the forbidden secrets of each others bodies now an accessible wonder to be explored . when they returned to the compound three hours later , he first , in order to avoid any suspicion from the staff , followed by jasmine a short time later , both knew something important had forever changed , and no matter what anyone said , they belonged now , and each answered only to the other , the outside world an annoyance that would never understand what theyd shared . the couple found time to sneak away even while under near-constant watch , as young lovers often do , confounding the best intentions of their guardians . theyd spend long hours in each others arms , in the barn , or hidden away in one of the recesses of the main house , or at their original rendezvous spot at the stream . once theyd fully discovered their passion they were like prisoners whod crossed a long , dry desert and found themselves at an oasis ."
429,20,"their coupling soon became a daily event and for the first time in his life , the boy found himself enraptured by another human being . his attraction to jasmine was magnetic and primal , and before long he was hers , body and soul , willing to go to any lengths to be with her or make her happy . the boy was even willing to entertain jasmines quirky ideas about the nature of reality , and indulged her penchant for spirituality and the paranormal , which had gradually developed into a borderline obsession . every other utterance from her was regarding what fate , or the stars , wanted , which the boy attributed to her exotic nature and bored intellect . but she was deadly serious about her belief that there was more to the universe than what could be proved or seen , and so it was that three months after his sixteenth birthday he found himself agreeing to accompany her to the lair of an old woman who claimed to be a medium , so she could divine his future . that morning , they set off down the road on their bicycles , followed by a pick-up truck carrying three men wearing cowboy hats and toting assault rifles . even though don miguel was hardly ever in evidence , he insisted that the boy be protected at all times as though an attack on the ranch was imminent . this was just another way in which he was different than his cartel brethren he was a meticulous planner and left nothing to chance . that had stood him in good stead throughout his life ; he was ever-vigilant to possible threats to his family or entourage . when they reached the clapboard hovel where the woman lived and conducted her dubious business , marked with a battered roadside sign ringed with crudely-painted moons and stars proclaiming madame sirena to be a medium extraordinaire , the truck pulled to a stop a discreet distance from the dwelling . the young couple leaned their bicycles against the front of the house and , hand-in-hand , ascended the three rickety steps . jasmine knocked on the door , and flakes of sun-bleached paint dusted her knuckles , the sound of their arrival echoing off the cinderblock walls . after a considerable pause , the weathered door was opened by an ancient gray-haired woman wearing a red gauze gypsy shawl trimmed in small gold coins . she fixed them both with a one-eyed stare the vision in her other eye having been lost long ago . the boy felt momentary revulsion when he saw her milky-white pupil , but hid his reaction and braved a tentative smile . handsome , you were right about that , and strong as a bull , id wager . come in , come in , madame sirena insisted , gesturing at the gloomy interior with her claw-like hand . the boy noted in passing that she smelled like hastily applied cheap rose water , and sweat a thoroughly objectionable combination that would stay with him as a reminder of unpleasantness for the rest of his life . first ill look at your palm , and see what the gods have written for you in terms of love and lifeand then ill do a reading . she peered at them in the gloom , a crafty expression on her wizened face ."
430,20,"its customary to leave a tribute for the spirits divine cooperation in producing an accurate reading , young man , she hissed at him , in what he presumed she imagined to be a sly manner . jasmine nudged him with her elbow and the boy fumbled in his pocket and fished out a hundred peso note , placing it in the straw bowl the woman had balanced near the tables edge . the bowl and the money quickly disappeared and then the madame moved around the room , lighting candles and incense . she pushed the button on a portable stereo sitting on a decrepit book shelf ; vaguely-asian music began to drift from the tiny speakers , low volume , atmospheric dissonance to create a mood , more than anything . the boy studied the walls and noted with amusement that there were countless photographs of mediums and sances and spooky-looking scenes , interspersed with turn-of-the-century posters depicting supernatural events and expositions . the overall effect was somewhat clumsy , but effective for the local peasantry , he supposed . what jasmine found so fascinating about it all was beyond him , but if it made her happy , so be it . accepting her fascination without judgment seemed a small enough price to pay to find heaven in her embrace . the crone approached the table and switched on a dusty yellow hanging lamp with an intricate brocade shade that directed most of the light to the center of the table . she sat across from the boy and gestured at him . he wondered whether shed gotten her act out of central casting for a c-level horror film , the kind that were popular at the local cinemas with badly dubbed spanish or blurry subtitles . still , he played along , and dutifully placed his hand on the table . the woman took it in hers and made a variety of sounds intended to signal deep thought , no doubt . you will only have one real love in your life , and it will be early in your time here . its long , but has many breaks , signaling something unusual . maybe illness , maybe brushes with death . but it continues , so you will prevail through it allhmmmm . this went on for a while and he feigned polite interest in the ambiguous generalities about his possible future . of course , with jasmine sitting there listening , love would be early and intense and genuine , which held an element of truth . when he was with jasmine , he felt like an eagle soaring above the clouds ."
431,20,"the intensity of his feelings for her was almost scary . it gave her power over him , which his training advised him to recoil from . still , hormones were not to be denied , and he was smitten , that was for sure . the palm reading finished , the old woman trundled over to a cabinet and withdrew an ancient deck of cards , placing it on the table after shuffling the tattered rectangles for several minutes . nobody can hide the truth from the tarot , and its words possess the wisdom of the ages . a hundred of my pesos worth , to be exact . including the cheesy canned tunes and the gypsy act . he could think of a dozen different things hed rather be doing with jasmine just now , all of them involving nudity and not one of them included an old crones hackneyed ramblings . the woman began her ritual , and paused at the end after shed revealed all the cards . the boy was absently studying the photos on the stained wall behind her , his attention caught by a photograph of a raven , or perhaps a crow , perched on a barbed-wire fence . something about it chilled his blood , but he didnt know why . hed tuned out her prattle as his gaze had roamed over the images , thinking thoughts worthy of his energy rather than listening to superstitious mumbo-jumbo . his awareness grudgingly returned to the table , pulled from the photo of the crow , as the putative madame contemplated the meaning of the cards . she pointed at several with a trembling finger . its placement in the reading is ominous . it can signal many things , but in this sequence , it hints that you will be constantly surrounded by death . the woman continued droning , but the boy was zoning out again . living in culiacan , with don miguel as your protector and benefactor , youre going to be surrounded by death . what a stretch , and a surprise to one and all . the nonstop weapons and survival training that jasmine had no doubt chatted with the woman about couldnt have been a tipoff or anything ."
432,20,"hell , all he had to do was close his eyes and he could bring death to the surface , fresh as though it had only occurred just yesterday . and this , the defining card , is the king of swords . it can mean many things , most of which involve destruction and selfish consequences inverted ? the boy asked , finally interested in something shed said . its upside down , the medium explained in a tremulous voice . the tense reading drew to an uncomfortable and abrupt close , the woman seeming suddenly anxious to be rid of them . no doubt she felt shed done enough of her shtick for the hundred pesos and was hoping for more revenue for the day . the boy couldnt believe anyone would buy her laughable song and dance and he was annoyed when jasmine lingered , murmuring with the old biddy , as they both flicked furtive glances at him . once theyd cycled back home , the afternoon sun blazing through the drooping trees that sheltered the road from the worst of the heat , jasmine had seemed withdrawn and distant , showing no interest in a romantic interlude . she hadnt responded well to the boys mockery of the reading as theyd pedaled , taking it as a personal affront to her sacred beliefs . in retrospect , he could have chosen his few words with more kindness . baffling bullshit could be misinterpreted , as could superstitious idiocy . whatever the womans ability to divine the future , one thing changed forever , from that afternoon on . jasmine and he were never the same , which he directly attributed to the vicious old witchs black predictions . the old crone had the ability to foretell the future , all right , in that shed initiated a subtle campaign to undermine their relationship , for who knew what reason . but he learned quickly that the power of superstition could be significant a lesson he would carry forward with him into life . and he vividly remembered the final card that seemed to have such an effect on the venomous old faker the oldest of the tarot face cards , the reversed king of swords . the previous months had passed with the topic of how to deal with the romantic fait-accompli aired often among the elders in the compound . it was a constant sticking point between emilio and the ladies . emilio was of the opinion that if the boy was going to be sampling his precious hothouse flowers bounty , he should plan on getting married , the sooner the better ."
433,20,"the ladies argued against any sort of confrontation , partially because of who he was , as well as mitigating their youth . neither jasmine nor the boy had been aware of the seething disagreement their trysts caused , not that either of them would have been particularly interested in the older adults opinions . the arrogance of youth inevitably believed in its supremacy , and the young were typically convinced that the aged had little grasp of how the modern world worked . emilio and the ladies were terrified that the boy would use jasmine for his pleasure and then break her heart , and so it was with considerable surprise that emilio found the boy to be increasingly moody and dejected as his sixteenth summer wore on . when emilio confronted him , the confession that the couple had been intimate came as no shock , but his complaint that jasmine had become uninterested in him and had decided that they werent compatible did . emilio didnt know whether to be angry or relieved , but the boy was suffering , as only those experiencing the tender cuts of young love can , so he redoubled his training and poured on the challenges . the boy lapped it up , growing more adept each day , and eventually moved beyond his infatuation with jasmine , even as she showed no further appetite for him . it was as though a switch had been thrown shed swung from being obviously enamored to wanting nothing to do with him , confounding not only the boy , but also the adults . still , emilio sensed that there was unfinished business between the two , and got the impression from the boy that his passage to other girls would be a bitter one , tainted by jasmines memory . from the boys perspective , jasmines rejection was an abandonment , serving to remind him how foolish it was to trust others or allow them into your emotional life . it was during that sixteenth summer that he made the mental resolution to be an island , impenetrable and aloof , using others for his convenience but nothing more . the pain of the only thing he cared about in his life casting him aside was a fork in the road for him , where one possible future had involved love and trust , and the other led down a path where he was alone , suspicious and always on guard . for the first time in his life hed opened up and entrusted jasmine with his heart , only to be repaid by her spitting in his face for his trouble . his rigid training provided the solution : never allow anyone to get close , never reveal your true self , and never care . and so it was that he found a philosophy that was useful , that afforded him some relief in his time of confused pain . others had no innate value for him beyond what they could do to further his agenda or meet his demands . they were objects that only existed as minor planets orbiting his solar system , in which he was the sun the giver of life and the destroyer of worlds . the boy had slim interest in considering the ramifications of his chosen worldview . his training now consumed all of his free hours as he sought to exceed even the highest bars emilio could conjure as challenges . hed increased his dojo sessions to five times a week and had quickly mastered most of the offered techniques ."
434,20,"his high school had graduated him early due to his advanced academic performance so he set about studying engineering and architecture in earnest , mainly as a guide to understanding how things operated or were built . he had a ravenous intellect unlike any his instructors had ever seen ; a young man who could do or be whatever he wanted . the future was beyond bright for him and he soon discovered that there were many willing young females who sought his attention and so , in time , jasmine became a distant memory , or so he told himself even as every new conquest brought a reminder of her . the remainder of his sixteenth year was spent in rigorous pursuit of excellence , whether they were intellectual , physical , or defense-related endeavors . his teen years were a defining period , where he honed his proficiency to a razors edge . never before had emilio seen someone who could shoot as well or expertly disappear into the woods without a sound and become untraceable , or swim as athletically , or remain inscrutable through any circumstance . the discipline emilio had sought to instill had yielded incredible dividends . the boy was almost superhuman in his commitment and self-possession . it was as though providence had blessed him with a surplus of fitness and acuity . by the time he was due to turn seventeen , emilio was satisfied that his work with the boy was done . hed made the transition from boy into young man , and the world was now his playground , to do with as he liked . which made it all the more surprising when he vanished without a trace on the morning of his seventeenth birthday , don miguel dead , and the boy who was like his son gone without a trace . chapter 4 eleven years ago , veracruz , mexico the navy base in veracruz was expansive , crawling with personnel and equipment . this was the primary headquarters for the gulf region and was where the specialized training for the countrys equivalent of the seals took place the fuerzas especiales , or special forces . this elite team of fighters had just been created after a reorganization of the navys marine infantry the marines . the brass had decided it needed a special response organization that was trained to far higher standards than the already elite marines , and so they formed a group of five hundred specialist commandos , to be trained in explosives , parachuting , military diving , sniping , urban combat and vertical descent . they would be mexicos ultimate ninja squad , to be used in the most dangerous of circumstances , on the most hazardous of missions . after the young man had abruptly departed sinaloa hed floated around mexico for a few months , creating the appropriate paperwork so that he could join the navy using a virgin identity . he quickly impressed his commanding officers with his supernatural weapons capabilities and was placed on the fast track for the new group . he was the dream candidate for the job : young , athletic , a prodigy with guns , smart , fearless , and extremely tough ."
435,20,"if there had ever been a vocation specially made for him , being one of the new navy commandos was it . even the motto resonated with him fuerza , espiritu , sabiduria . he had all three in abundance and hed arrived at the perfect place to continue the education hed begun with emilio . much as hed liked his mentor , it was clear to him that hed learned all he could and needed to go somewhere designed to produce professionals if he was going to progress as he wanted . hed signed up a few months after his seventeenth birthday , although his new paperwork put his age at eighteen and a half . that was a necessary artifice , as was his selection of a name so that he could start anew , without any baggage from his past . the young man was now calling himself raul terenova , which was as good as any other , he supposed . they were disposable , as was most everything in his life . raul excelled in the brutal training conditions , which truth be told were kinder and more relaxed than the ones hed imposed upon himself for years . but he learned a lot , especially on the explosives side . there was nothing like the military to proffer the kind of training you just couldnt get in civilian life , no matter what you did . his goal was to be an expert in every aspect of combat the special forces could teach him , and with his tenacity and discipline , hed quickly climbed to the top of his class and established records . he became the model for all men who would follow , demanding more from himself than anything his trainers could have mustered . young raul was far more motivated than any of his classmates to get all he could out of his service years . he viewed his time with the military as a stepping stone , whereas his peers would go on to be career soldiers . becoming a naval commando had been an idea hed grown fixated with when he was sixteen , after reading about the services plans to create a group of super soldiers . he didnt have any burning desire to become a marine but if he was going to excel in the field hed been contemplating , the more skills he had , the more valuable he would be . none of which he told his recruiting officer . to the navy , hed presented himself as a fiercely patriotic young man who wanted to escape from a dull existence at home in rural chiapas and don a uniform that would get him instant respect and a life of adventure and action . during basic training , he had stood out as far above the quality of the other green recruits ."
436,20,"his scores on the written exams had floored the instructors . here was a candidate who was blisteringly smart , who could swim like a fish , shoot like a marksman , and had the physical prowess of a professional athlete . there had been no question about moving him ahead of the queue and putting him into the specialized marine training and from there it became obvious that he should be one of the new elite commandos . today , they were working on specialized sniping long range , which was considered to be anything over a thousand meters , or almost thirty-three hundred feet . at such extreme distances , a variety of elements came into play , including wind strength and direction , humidity , temperature , elevation , and rate of movement if it wasnt a stationary target . while there were recorded instances of snipers successfully killing from more than twenty-four hundred meters , those were considered anomalies . at sixteen hundred meters , the target was a mile away . to hit that distance with accuracy was considered virtually impossible for any but an impossibly small group of expert marksmen , although advents like laser rangefinders and computer software that would calculate the various elements had improved the odds . the days exercise was on targets at a confirmed distance of a thousand meters , or roughly three quarters of a mile . the rifle they were using for the exercise was an american-manufactured barrett m82 , a .50 caliber rifle with an effective range of eighteen hundred meters , although accuracy became iffy after nine hundred to a thousand meters . sixteen hundred meters was considered acceptable if you were trying to hit a bomb or something larger than a human torso , but there were too many variables that could affect accuracy . many snipers preferred the smaller .338 caliber rifles for precision , and the official sniper rifle for the marines was the heckler & koch psg1 firing a 7.65 millimeter round . the problem was that the weapons accuracy dropped off at eight hundred meters , so special forces had secured fifteen of the much larger payload barrett rifles as a trial for standardization a substitute for the smaller psg1 . each sniper cadet had been assigned a coach , who gave the firing order and then received a report from down-field . accuracy had dropped off markedly once the seven hundred meter threshold had been crossed , and there were few who could deliver precise hits at over eight hundred . guesstimate on wind speed and direction ? seven to ten knots , out of the north-east , raul replied . were going to do this without the computer . if youre confident in your observations , adjust your bearings accordingly . good luck , the coach said , and then stepped back , leaving the young man to himself ."
437,20,"raul concentrated on controlling his breathing , and soon his entire awareness was synthesized into the tiny world within the scope . he made some minor corrections for his wind-speed guesstimate then gently massaged the trigger until the weapon fired , slamming into his shoulder with its considerable recoil . hed long ago learned never to pull the trigger , as it could throw off accuracy . the radio crackled and the report came back . they repeated the exercise for ten shots , all of which landed within a ten inch grouping . he was emboldened by his success , and wanted to try for a personal best . he got along well with the man , so he floated his idea . why dont we try it at fifteen-hundred meters ? the coach looked at him like he was crazy . thats an impossible range with that weapon and that ammo , not to mention that scope . fifteen hundred meters was just under a mile away , and was near the absolute maximum of the rifles range for a human-sized target . two hundred pesos says i nail it three out of five . although i agree that this ammo is crap for that distance . id prefer to load it myself for better consistency , but hey , raul said . but three misses , we go home and im two hundred richer . the coach got on the radio and issued the instructions to the man downrange , who obligingly moved the target to the farthest point on the field before taking cover . raul took his time , made further adjustments to the scope , then repeated his meditation process where he became one with the weapon . the discharge almost startled him , so focused was his concentration . there was no need to wait for the radio to report . bulls-eye , twenty centimeters off center , the radio crackled ."
438,20,"wide-eyed , the coach studied raul like he was from another planet , then posed the question . winds died down a hair in the last thirty seconds . once he got the go ahead , he repeated the impossible shot . all shots grouped with under a foot of variance . the coach gladly handed over the two hundred pesos for the single most astounding display of marksmanship hed ever witnessed . youre a fucking monster , you know that ? thats superhuman voodoo shit right there . ive never seen anything like it , and ive been teaching for over ten years . before that , i was one of the top three marksmen in mexico , the coach acceded , studying him with a kind of wonder . those that can , do both men laughed together , in spite of a twenty-five-year age difference . raul would never again shoot with that accuracy at that distance , preferring to limit his performance to more average expectations . it wouldnt do to show off , or to develop too much of a reputation . better to have had a one in a million day and then graduate in the top third of the class than at the top . he remembered emilios sage counsel from when he was just a sprout . to give your enemies information is to make a gift . so know how good you are and then take private pleasure in that accomplishment . becoming celebrated makes you a target . better to be in the middle of the herd when the hunters come than at the head . into the evening , raul enjoyed his place in the spotlight amongst his peers , as news of his exploit circulated . as much as he enjoyed the adulation , a part of him knew that the hubris that came from being the best was a fickle charm , so he resolved to enjoy it for now , because it would be the last time he allowed others to get a glimpse of what he could actually do ."
439,20,"information was power , and allowing , no , inviting others to understand his capabilities was foolhardy . his goal was to drain what experience he could from the service and then slip away like a ghost . it would serve no useful purpose to be noticed any more than he already had been . from that point on he would adopt a lower profile and continue to accumulate the pearls of experience until his work there was done . he calculated that another three months of training and perhaps six months in the field would be sufficient , making for a total of a year and a half of his life devoted to the pursuit of excellence with mexicos finest . that night , as he lay his head upon his bunk , he began a silent mental countdown . to when he could begin his new , new life . patience , he told himself , was a virtue that would pay enormous dividends it became his bedtime mantra . he needed to maximize his learning while he was still in school . thats how he viewed his life to the point hed arrived at it was his education . the time would soon come when the pupil proved himself to be the master , but for now , he had lessons to absorb . he still wanted to learn special operations parachuting not jumping out of planes and controlling his descent , but rather precision-guiding his drop to within a meter of his target point , from both high-altitude and low , which required different skills . and he still needed more hours of scuba time , as well as some orientation on flying planes and helicopters . the latter two werent on the curriculum , but he was lobbying to get them added . with visions of his future cascading through his awareness , he slowly drifted off to sleep , his days toil finally at an end . chapter 5 ten & a half years ago , veracruz , mexico the battered , rusting hull of the freighter ground against the old tires fastened to the concrete dock at one of the more remote cargo offloading piers on veracruz harbor . flying a panamanian flag , caruso was at least forty years old , and had made the long trip from south america countless times . the dark green paint on her dented steel sides bubbled at the rivets from underlying rust . she looked to be on her last legs , as did many of the freighters that made their way into the busy deep water port . the old ship was manifested as delivering coffee and bananas from colombia , which was largely true , although the money-making haul was the ten tons of cocaine stashed in the specially constructed compartments in her lower hold , which to cursory inspection appeared to be the floor of the cargo area inside the hull ."
440,20,"even if a nosy customs inspector had cared to pry open one of the scarred hatches , all he would have found was what appeared to be the slimy metal lining of the waterlogged bilge . it was an ingenious design ; the modifications had taken place at a discreet shipyard in colon , panama while other refits were being attended to . a veteran of the ongoing , frequent trade between south america and mexico , caruso was just one of thousands of vessels that offloaded cargo each year in veracruz , the principal importation hub for eastern mexico . under normal circumstances she would have rendezvoused with a commercial fishing boat out in the gulf of mexico to transfer her illicit wares , well away from prying eyes , but the shrimper that had been the scheduled drop-off had experienced engine problems eighty miles en-route , so the hook-up had been cancelled . that had left the captain with two choices toss ten tons of cocaine overboard and lose the shipment and his tidy slice of the profits , or hope that the receiving group could arrange for an alternative offloading plan while the ship was laid over in veracruz for two days . worst case , she could steam out , supposedly empty , on her way back to colombia for more fruit and java , and meet with another boat ; but every minute caruso sat in the harbor she was in jeopardy . particularly tonight , when la familia , a rival splinter faction of the gulf cartel , had decided to use the mexican marines as a vehicle to cause their competitors grief , by tipping law enforcement off to the shipment . it was not unusual for the cartels to exchange information with the military or the police to create problems for their enemies most of the drug seizures that took place did so because of the constant infighting and jockeying for advantage that was a routine aspect of the trade . it was far more ergonomic to use the militarys muscle instead of your own , and if the rivals got into a firefight in the process , so much the better . the marines had long been considered the only incorruptible branch of the military . the army was notoriously riddled with rot but the marines , for whatever reason , couldnt be bought off , and so were the most feared of the law enforcement branches . in mexico , the army and navy worked alongside the police and federales for internal security , which included battling the drug cartels , especially since the recent reorganization into more specialized groups . it hadnt been broadly publicized , but since 2000 , when vincente fox became president of mexico , the country had been embroiled in a de facto civil war , with the cartels having far greater resources than the army and navy . the total budget for the army was less than a percent of gdp , which put it at considerably under a billion dollars . contrast that to the over fifty billion dollars per year in wholesale value of cocaine that moved through the cartels . at an eighty to ninety percent margin , that left the narcotraficantes with vastly greater resources than the army . since the mexicans had taken over cocaine trafficking for the colombians , and begun manufacturing methamphetamines in earnest , the money had gotten crazy . mexico found itself in much the same situation colombia had faced in the 1980s and 1990s , when it was routine for judges , police chiefs and army generals to be executed en masse by the colombian cartels , or rather their armed enforcers ; the myriad purportedly revolutionary groups that controlled half the country and increasingly acted as private armies for the drug lords . the lions share of the profits had shifted from colombia to mexico as colombia contented itself with the far lower-risk and less violent business of production , leaving the transport and distribution to their better-positioned mexican associates . the profits in colombia were still significant , with one to two hundred percent markup to the mexicans , but the margin in trafficking internationally was five to tenfold ."
441,20,"the incredible margins were a direct function of the illegality of the substances in the target market the united states . as with alcohol margins during the ill-fated experiment of prohibition in the 1930s , criminalization of drugs turned what would have been a five percent profit business into a thousand or more percent trade , which created windfall profits for everyone in the supply chain and also created a situation where every aspect was worth killing for . there were no open gun battles over cigarette or alcohol profits because once a substance was legal , the efficiencies of the distribution chains kicked in and it became a boring commercial enterprise . but keeping the substances illegal , especially since they were in huge demand , caused profits to go through the roof . and so it was that a group of provincial , unsophisticated mexican farmers became the most powerful narcotics trafficking empires in the world , commanding the sorts of budgets that were the envy of many medium-sized countries . mexico bore the brunt of the violence that ensued from the power struggles , principally because it was the geographic gateway to the largest market for drugs in the world the united states . the harbor was quiet at three a.m. , and the wharf area where caruso was tethered was deserted , save for two men smoking cigarettes on the concrete pier , and an uninterested security guard at the massive docks entry point , where it connected to land . the marines had taken position in the surrounding buildings , having been told that there was a complement of at least a dozen heavily armed men on board , guarding against any incursions to steal their precious cargo . the leader of the commando team made a series of hand signals , and the men fanned out , while raul set up his rifle tripod and adjusted his scope . range was six hundred meters at the closest point , which would be a cakewalk for him were it not for the twenty knot gusting breeze hed need to factor in . this was his first active operation since graduating from the special forces course so he felt a tingle of anticipation before finally testing his skills in a real-world environment . shooting at paper targets or silhouettes on a range was one thing , but being in the thick of it with enemies who were shooting back was quite another . this operation would be a tricky one , in that the commander didnt want to get into a gun battle if he didnt have to . his first plan was to use subterfuge and approach the vessel with several plain-clothed men under his command , subdue the two lookouts with stun guns , and then move the bulk of the commandos swiftly down the dock to the gangplank , boarding the old scow before anyone knew what had happened . raul had questioned the logic involved but didnt say anything . if he was one of the smugglers on the ship , and the marines intelligence on the number of armed men was correct , he would have had at least two lookouts , one with a night-vision scope , surveying the dock for the slightest hint of trouble . if there was going to be a gun battle , youd want to pick the distance at which you engaged wisely , in order to be able to hold off any assailants while you made an escape . hed have had a high-speed tender secured to the ships stern as a get-away contingency , and would also have had a man watching the water approach , just in case . because you never , ever really knew you had to expect the unexpected . but it wasnt his place to second-guess his superiors and he was interested to see how the exercise would play out ."
442,20,"he gave the marines a less than twenty percent chance of taking the ship without a battle , which meant that hed see some real action . albeit from a distance but , in truth , that was preferred . hed long ago concluded that it was far safer to be sniping from afar than to be a hero rushing into a hail of slugs . hed pick off his targets with surgical precision before they knew what hit them . two large norwegian wharf rats scurried down the dock , away from the ship and the two smoking men . these were big rodents ; their bodies were a good eighteen inches long , with tails to match scavengers the size of small dogs . the pier area was infested with them and the city had long ago given up on trying to bring the population under control . poison had been only moderately effective , and one genius had the idea of releasing a horde of hungry felines which had resulted in a feral cat infestation in addition to the rats , which were large enough to go ten rounds with a cat without breaking a sweat . slicks of oil floated on the surface of the water from leaking bilges ; the port had a pervasive odor of decay and long-dead fish , and the particular petroleum stink common to industrial waterfronts the world over . raul studied the battered ships bridge for signs of life , scanning slowly over the superstructure and taking his time at each of the helms reinforced windows . those would pose a problem , as theyd be at least inch-thick glass , designed to withstand the pressure of the massive waves that could surge over the four hundred feet of bow and ship and slam into the tower . he knew from his reading that oceangoing vessels were designed to withstand seas up to sixty feet in height , the theory being that waves didnt get any larger than that . of course , the hundred foot rogue waves that had been recorded with some regularity were ignored by the industry because if you built ships that could survive those , they would be too expensive . so everyone pretended that sixty was the maximum , and when hundreds of boats were lost in any given period , it was shoulder shrugs and profit statements that everyone focused on . his night-vision scope illuminated the bridge in an eerie green . there were two armed sentries visible on the superstructure , one outside on the bridge walkway , and the other inside . he could just make out the gleam of binoculars from the interior , so in rauls opinion the chances of the commanders scheme working had diminished to less than zero . he was glad it wasnt his ass on the line for this one . perhaps , instead of the sea approach , raul might have had a flight of four to six men parachute in , touching down on the rear of the ship , taking out the sentries as they descended . virtually anything other than a direct assault down the dock ."
443,20,"no wonder the military casualties in the drug wars were so high . with operational plans that amounted to brandishing a saber and screaming , charge ! there could be little expectation of anything but a blood bath . he didnt envy his fellow commandos their duty tonight . he adjusted his scope to compensate for the stiffening wind , and calculate the distance with his laser rangefinder . like shooting fish in a barrel , he thought , allowing himself the private luxury of a small smile . his face , like those of his fellow commandos , was blacked out with camouflage paint so as to avoid giving off any shine , lending his profile an evil glint akin to that of an escaped demon . the commander gave the signal and the two undercover men exited the building , one holding a bottle of mescal in his hand and talking loudly in an inebriated slur . given that there was no way they wouldnt be spotted , the bright idea was that they were to be friendly , drunken dock workers , and once the two smoking guards were dispatched , they would pretend to engage in a scuffle and some security guards would come running to break up the fight . when there were six men in total by the gangplank theyd breach the ship , and more would pour out of the building and reinforce them from there . in addition to the stun guns , the men on the dock would be equipped with grenades and machine pistols , as would the bogus security guards , so the presumption was that they could take the ship by surprise and keep the foe engaged until the main body of commandos made it down the dock . they had two vehicles waiting to race out , filled with armed men who could be at the gangplank in fifteen seconds from the time the signal was given . it seemed like suicide to raul , but it wasnt his job to craft a better plan . he was only there to shoot , which he was now perfectly positioned to do . this may have been his first assault but he had enough common sense to understand that even when the commandos prevailed , and they would prevail eventually due to vastly larger numbers , the cost in human life would be high on both sides , whereas a surgical strike could have accomplished much the same result with minimal special forces casualties . it was inefficient , which offended his sense of symmetry more than anything . he watched as the two men staggered their way down the pier and then returned his full attention to the bridge . the pair of undercover operatives , by the time they made it to the two sentries , would be out of sight of the bridge due to the angle of the hull . unless of course , the two guards moved , in which case the plan would be a disaster , or alternatively , would need to be aborted . walking headfirst into a killing zone was generally bad strategy anywhere in the world , not just in mexico , and he couldnt see the commander barreling forward if the plan was doomed to failure ."
444,20,"the sentry on the exterior of the bridge was carrying a machine pistol of some sort it looked like an uzi to raul . that meant limited useful range and accuracy . the uzi was an antiquated design with an effective range of two hundred meters , which was fine for typical close-quarter urban combat , but lousy for applications requiring accuracy at a distance . a better and more popular choice as far as raul was concerned was the kalashnikov akm , the modernized version of the venerated ak-47 , which had double the effective range in single fire mode , or at least three hundred meters when fired full-auto ; or probably the best weapon , and his personal favorite for dependability and accuracy in a mid-range assault rifle , the american-built m4 . its five-hundred-meter effective range and extremely high muzzle velocity made it the ideal choice for assault applications , which more than compensated for its relatively small slug size . hed fired all three with emilio for years and could disassemble and reassemble any of them in a matter of seconds , so he knew whereof he spoke . the two smoking sentries on the dock moved toward the men , so any engagement would take place in plain sight of the bridge . that would mean a full-blown firefight with no cover , likely with a very high toll on the special forces side . he exhaled , stilling his mind in preparation for the imminent attack , and zeroed the barrett m82 sniper rifle in on the bridge sentrys upper torso . the .50 caliber m1022 slug would tear a hole through him the size of a baseball at that range so there was no question in his mind that it would only take a single trigger pull to dispatch him . it would be a few more seconds before the shit hit the fan so he slid two more full magazines next to the rifle , where he could quickly change them out once he was empty . the man in the bridge was still his biggest concern . he made a mental note to always carry one magazine of full-jacketed armor-piercing rounds in case he needed to slice through an inch of metal or reinforced glass . he fixed the bridge target in the crosshairs and waited for instruction . the commander was watching the approach and not liking what he saw . he , like raul , understood that if the bridge sentries werent caught unawares , the assault would become a slaughterhouse , with his men taking heavy casualties . after struggling with an internal debate , the commander murmured into the com system . one of the two men on the dock had an earpiece , and upon hearing the commanders instructions , grabbed his friend and turned him around , as if only now noticing the two smoking men cautiously approaching them . shit , the commander hissed , and began pacing , mulling over his choices . now theyd probably have to just pull up in armored vehicles and do this the hard way , shooting it out with no element of surprise ."
445,20,"raul bit his tongue , but then decided to advance his idea , purely in the interests of keeping his role in the assault interesting and getting some more practical experience . taking out a single sentry from almost a thousand meters wasnt really much of a challenge . maybe two , if they would send someone to find some armor-piercing rounds . the commander regarded him with surprise . raul was one of his best men , but he never spoke . he was a loner , with no close relationships within the corps . i just had an observation that came to me as i was watching the target that may be of some use to you , sir , raul explained , sucking up his pride and taking the expected supplicant tone . we need to coordinate a frontal assault before this goes on much longer . raul moved to the commanders side , and spoke in a low , calm tone , explaining his ideas and arguing for an amphibian assault . the commander listened carefully , and then cut him off after forty-five seconds . that would require far more stealth and luck than weve had tonight . its a good strategy , and i appreciate your sharing it with me , but i dont think we can afford to waste two more hours preparing it . no , i think well do a good old-fashioned frontal assault and take our punches . in the end , wed have to do one anyway if your plan failed , so my call is to just cut to the chase , the commander declared , summarily dismissing the idea . raul considered arguing the point and then decided that he didnt care that much . hed still get to shoot a couple of bad guys , at least , and what did he care in the end if half the squad got mowed down ? if were going to do a frontal , could i please get a magazine of armor-piercing rounds ? theyll come in handy to take out the gunman inside the bridge , raul requested . the commander nodded and called on the com to one of the team members waiting in the next building . the commander spun around and began issuing orders in preparation for a brute-force assault ."
446,20,"theyd need a couple of armored personnel carriers enough to carry forty men . he ordered up two unimog armored trucks and two btr-70 armored carriers : eight-wheeled vehicles that could accommodate seven commandos each , along with a three man crew to operate the turret-mounted 14.5 mm heavy machine gun and smaller 7.62 mm machine gun . the fallback plan was much more straightforward . deploy men if no firing takes place and seize the ship . if the sentries or crew decided to shoot it out , blast away at everything in sight and shoot their way through the ship until the crew either surrendered , or was dead . it was inelegant and would result in a lot of bullets flying but it had the benefit of simplicity . twenty-five minutes later , a young commando approached raul and handed him a magazine with five rounds of armor-piercing .50 caliber bullets , apologizing that they couldnt find any more at such short notice . raul thanked him , and emptied half of one of the spare magazines , counting out five shells and replacing them with the five armor-piercing rounds . he ejected the current bullet in the rifle and chambered one of the new armor-piercing cartridges , then returned to watching the sentries through his night-vision scope . the commander checked his watch , and at precisely three-forty a.m. ordered the assault , after which everything happened quickly . the two gray btr-70s , which resembled small tanks more than anything else , rumbled around the corner and out onto the pier , followed by the two hulking trucks . the sentries on the dock froze , staring in numb disbelief at the apparition , and then hurriedly scuttled up the gangplank and disappeared up into the ship . one mans head reappeared for a few seconds and then the gangplank collapsed onto the concrete pier below . the crash was almost immediately followed by the steel watertight door slamming shut with a boom . as it was barred from within , the grinding of the cogs was audible halfway down the dock , even over the baritone growl of the vehicles . it was going to be considerably harder to take the freighter now because the traffickers were forewarned . the easy access to the ship from the gangplank was gone and the commandos on the dock would be in a siege situation against a ship whose hull rose easily four stories above the pier , with no obvious entry point available . the commander watched in a kind of frozen frustration , and then the shooting started ; gunmen emerged from the interior of the ship , moved to the edge of the hull and began firing from behind the protection of the heavy steel from which the hardy old vessel was built . raul took in the situation for a few moments , waiting for the right instant , and squeezed the trigger . ears ringing , he watched with satisfaction as both the sentry standing outside the bridge and the man inside collapsed ."
447,20,"hed timed it so that he fired when the outside man was directly in front of the man inside the bridge , effectively killing two birds with one armor-piercing stone . no reason to waste his precious ammo , after all . he swiveled his attention to the hull , where he could just make out heads popping up here and there , like a nocturnal version of whack-a-mole at a fairground stall . a man wearing a baseball cap leaned over the railing and fired his weapon at the vehicles below . raul caressed the trigger again and watched as the shooters head vaporized . moving down the line , he waited for an opening and took out another . he was now four down with three shells , which he felt was a fair contribution to the ensuing train wreck of an operation . raul peered through the scope , trying to find any other obvious targets , but the gunmen along the side of the ship had figured out there was a sniper at work , and had retreated into the superstructure , barring the watertight deck entry door in the process . the gun turrets on the btr-70s opened up with their armor-piercing rounds , but quickly discovered that their shells , which could easily penetrate up to a one and a half inch steel plate , were just denting the massive hull , which had been fashioned from considerably thicker material . that left the commandos and the traffickers in a classic mexican standoff . shooting from the ship had stopped other than from a lone gunman who hadnt made it inside in time , but was behind the bulk of the bridges tower and so out of rauls line of sight . firing from the two btr-70s had also stopped , though the entire waterfront area still resonated with receding echoes of gunfire . the commander barked orders into the radio and the men emptied from the personnel carriers and took up position to mount an assault . the men below flung three grappling hooks affixed to black nylon rope over the hulls edge . the four-pronged hooks all found a purchase . the problem was that any men on the ropes who got caught in the fire from the remaining gunman were dead meat , so nobody wanted to be the first to climb four stories up onto the deck . raul decided to shift his position and moved down the row of warehouse windows until he was more symmetrically placed and could see down the entire length of the ship . he set his rifle tripod down , careful not to jar the weapon , and resumed peering through the scope . there , at the farthest end of the ship , right near the stern , was the gunman , taking cover below the three-foot-high lip of the boats deck edge . raul calculated the distance and added an additional forty yards and adjusted accordingly , then waited for the mans head to pop back up ."
448,20,"it was just a matter of time , he figured correctly , as it turned out and his vigilance was rewarded by the mans arms and head coming into view as he prepared to empty his weapon at the commandos below . raul took his shot , and the mans head dissolved in a bloody spray of fragments . the deck was now empty , although it would still be ugly fighting through the ship . the commander gave the squad the all-clear signal , and within seconds commandos were moving swiftly up the ropes to the ship above . raul had shifted his attention to the bridge windows again , figuring it would just be a matter of time until some bright lad figured out that he could shoot from the portholes that stretched another four stories above the ships deck , picking off soldiers as they climbed over the rail . sure enough , one of the glass hatches on the side opened , and a gun barrel poked out . he waited patiently because the angle of the shooters barrel wouldnt allow him to hit the deck , and sure enough , more of the weapon slowly emerged from the window until raul also saw the arm that was holding it . the first commandos were only a few feet from the edge so he only had a second before theyd be exposed to the gunman . raul fired , and the assault rifle tumbled harmlessly to the deck below , taking three quarters of the mans still-attached arm with it . that would give the rest inside something to think about . from there on out it was a textbook incursion . they had to use explosives to blow the doors open , and for fifteen minutes , bursts of gunfire echoed throughout the boats hull . eventually the commander got an all clear call from the men inside , and a status report . theyd taken out six hostiles , no survivors , and lost nine men in the process . raul listened to the recitation impassively , his face betraying nothing . the commander glanced at him as he heard the casualty assessment , but raul was busy packing up his gear , his work for the night finished . the commander approached him and stopped a few feet away , studying the silent sniper as he finished stowing his weapon into a long padded case . you saved a lot of lives tonight , the commander said . raul bit his tongue , didnt blurt out his natural reaction , which was that if hed been allowed to lead an amphibian team they would have likely lost only a few men , if any , thanks to the element of surprise , and that the commander had killed those commandos with his lack of flair and imagination just as surely as if hed pulled the trigger himself . instead , he nodded and stood , shouldering the rifle case and hoisting his bag ."
449,20,"there being nothing more to say , he saluted with his free hand before descending the stairs to join the remainder of his team . it would be a long stretch of duty as the bodies were recovered and the drugs inventoried and he wanted to get out of the commanders sight before his contempt for the man leaked through his veneer . most of the world was composed of idiots the commander was simply one dolt of many , and nothing raul said or did would change things . it was that night , on his first live operation , that he realized hed probably already learned everything he was going to from the military . the time had already come , after little over a year in the service , to reconsider his options . chapter 6 ten years ago , sinaloa , mexico eighteen months after joining the marines , raul disappeared without a trace , leaving nothing behind to be remembered by except his assumed name , which hed quickly grown to despise . hed participated in seven more operations after his first one , and with each mission he became more convinced that his talents were being wasted and he wasnt progressing any further . to make matters worse , he witnessed countless acts of bumbling bureaucracy by the ranking officers , costing the men under their command casualties for no good reason . if anything had ever convinced him that he wouldnt do well working for someone else , his half year of active duty after completing his boot camp and all the specialized training had done the trick . when he walked off the base for the last time , ostensibly on two days leave to go visit his fictional family in chiapas , it was with an audible sigh of relief . raul had saved almost all of his meager pay and still had a few thousand dollars from the money hed left home with , after selling his weapons to convert his assets into cash . his identity papers had cost him six hundred dollars in mexico city , and hed done some odd jobs before joining the navy , but he would need to put the next part of his grand plan into operation fairly soon if he was going to avoid having to work as a day laborer . fortunately , the cartels hed been battling were generous employers , able to pay far more than the navy , so he could pretty much choose which cartel he wanted to approach ; as an ex-marine theyd be eager to have him as part of their enforcement team . although he had different ideas about how he could be of service to them . he was now three months shy of his nineteenth birthday and free to do as he pleased . yet there was some unfinished business he needed to attend to back in sinaloa before he moved on to the next phase of his life . his departure had stuck in his craw , and he felt a pull to return while hed told himself that he was completely over jasmine , the truth was that a part of him had always assumed that her rejection had been some sort of youthful power play , and that shed get over it and see reason in time . whether or not that was deluded wishful thinking , he needed to put it behind him once and for all , and with time on his hands and a more mature perspective , he decided to return to his old haunts and see for himself how things now sat . hed learned to trust his judgment on these things , so he hopped on a bus and began the long trip from veracruz to culiacan . wearing the uniform of a special forces commando , he was afforded privilege by the bus company so thankfully it cost him almost nothing to cross the nation ."
450,20,"two days after hed left his naval career behind , he descended the stairs in culiacan , blinking into the bright sunlight of an early spring day . after forty-two hours cramped on buses , eating whatever junk he could get at the irregular stops , his first order of business was to have a decent meal . he set off in search of a restaurant that had been his favorite , back in the day . outside the terminal , he hailed a cab , reciting the address from memory to the driver as he slid into the back seat . the young man had changed since hed last been in town , as had the city itself , growing by leaps and bounds . his carefully trimmed goatee and closely cropped military haircut ensured nobody would recognize him , which wasnt much of an issue considering his long absence . hed developed into a hardened combat veteran since leaving as a teen boy and his bearing and additional muscle weight filled out his uniform , lending him a formidable presence . the boy had left and had returned a man . the taxi arrived at the restaurant , la chuparrosa enamorada , nestled on the banks of the canal rosales . the young man paid the driver and stepped out onto the pavement , hoisting his duffle as he studied the restaurant faade . it was a tuesday , so the breakfast business was thin , which wouldnt have been the case had it been the weekend . the place typically had a standing-room crowd on saturdays and sundays , due to the generous portions of mouthwatering food and the soothing waterside ambiance . he had been there a few times with emilio on special occasions and it was one of the things that had been on his mind since boarding the bus in veracruz . when he entered the large dining room , his boots thumping on the saltillo tile floor , the waitress approached and invited him to an outdoor table overlooking the water . after a cursory glance at the familiar menu , he ordered a glass of orange juice and a plate of chicken chilaquiles in red sauce a local favorite and one of the restaurants signature dishes . while he waited for his food to come he thought about his next move , glancing around absently as he remarked to himself on how little things had changed there in the last twenty months . in this sleepy area , things seemed to always remain the same , even as the city grew at an unprecedented rate . the waitress arrived with a heaping platter of breakfast , and as he tucked in he ran down his mental list . the first thing he would need to do was secure reliable transportation . taxis werent going to be an option for what he had in mind , so hed need to get some sort of conveyance sooner rather than later ."
451,20,"with his bankroll being as thin as it was , that meant stealing something , or probably several somethings , depending on how far he decided to travel . he munched on his food , savoring the rich , spicy sauce , and cleaned his plate as efficiently as a dishwasher would . stuffed , he paid the bill and strolled out onto the rural road , scanning the surroundings for something he could liberate opportunistically . it took him half an hour to spot a suitable vehicle that was easy enough to break into and hotwire , but he eventually found a thirty-year-old chevrolet truck with a broken wind wing . within seconds , he was in the cab , scanning the surrounding street to ensure that he hadnt been detected . it took him ten seconds to find the ignition wires and soon he was meandering down the familiar road that led to don miguels estate . the landscape was still verdant and wild , nature seemingly impatient to encroach on the slim progress man had introduced . when he was a quarter mile from the turnoff to the ranch , he pulled the old truck onto a dirt track that led into the wilds and parked where it couldnt be seen from the road . he had no idea what he would find at the hacienda when he made it to the estate , but hed learned to be cautious about everything and considered it best to err on the side of prudence . he moved stealthily through the woods until he found one of the myriad game trails that ran through the immense tract of don miguels property , and soon was jogging along as he had in the old days . it was cool in february so he barely broke a sweat as he moved effortlessly through the foliage . before long , he was in the cluster of trees that ran along the side of the property , near the horse barn where hed so long ago been set to move hay as the commencement of his training . he paused momentarily , ears straining for any hint of habitation , but he detected nothing . the main house was deserted , with none of the security men that were everywhere when hed been living there . no matter ; he hadnt come for anything in the house . he wanted to see his mentor , emilio , and of course , his daughter . for all his efforts jasmine had survived in the place shed carved out of his psyche , and he wanted to bring closure to a door that bulged , and threatened to burst open in his recurring dreams . the young man continued along the perimeter and down the track until he reached the caretakers house that reposed several hundred yards into the woods . he knew that trail like hed been on it only yesterday , the loosely placed flagstone that served as a driveway all too familiar under his feet . surprisingly , he felt a buzz of anxiety in the pit of his stomach as he neared the front door an altogether alien sensation for him ."
452,20,"there , sitting as it always had , was the modest colonial home , deliberately styled in a rustic , sponge-painted manner to mirror the design sensibility of the larger main house , but absent the more flamboyant frills . pausing on the front porch , he registered that there was something different about the home than the last time hed seen it , almost two years ago . it seemed quiet , as though nobody was living there much like the main estate had appeared from a distance . shaking off the sense of foreboding , he knocked on the door , and when he heard nothing from inside , he walked around the side to where emilio parked his big navy blue ford lobo crew-cab truck . there it sat , unchanged , next to the small chevy econo-box emilio had bought for jasmine with his bonuses from don miguel . he moved back onto the porch , and knocked again . from inside , he heard a faint rustling , and then jasmines distinctive voice . don miguel , my father , his sister and his mother . theres only me left now , and i dont want to see you . go now , and stay away , jasmine warned . i dont want to have this conversation through a slab of wood . i just travelled over a thousand miles to see youplease , jasmine . you left without a word to anyone , and now death has come to the valley , and its only me left alive and you . do yourself a favor , and leave now , while you can , jasmine implored him . if you dont open the door , ill break in . open the damned door so we can speak like adults . i need to know what happenedand i need your help , he finished , hoping the appeal would stir something in her . he could understand that she might not want to see him , but there were too many unanswered questions for him to take no for an answer . after a seemingly eternal pause , the lock rattled and the door creaked open . it was dark in the small living room , all the drapes pulled , he saw as jasmine padded in bare feet back to the chair in front of the television and sat ."
453,20,"she was wearing a nightgown even though it was close to noon . it was so dim that he could hardly make her out . can we turn on a light or open a window ? this is my house now , so i keep it the way i like . if you have a problem with it , leave , jasmine advised in a monotone . even after two years , people didnt change that much . tell me what happened to your father , emilio . a total clich , she exclaimed with a bitter laugh . its a little more complicated than that . jasmine let out a long sigh , and sank further into the large , padded reclining chair one of emilios few luxuries ; a place he could relax at the end of a long , hard day and watch some television in peace . when you left , you got out just in time . someone executed don miguel , as well as one of his lieutenants , either that same day or the day after . i dont really remember now , so much happened so quickly . anyway , nobody knew what to do , and it was chaos here . but word traveled fast , because before don miguel was in the ground , his rivals where fighting over how his empire would be divided up . it quickly escalated into the usual blood feud , and soon culiacans streets were littered with the dead , jasmine explained . only the young man knew what had transpired between himself and don miguel before leaving the state the event hadnt been witnessed by anyone , and nobody had any reason to suspect the quiet boy who was like his son . after the drug lord had disappeared , in the chaos that followed no one had much cared what had happened to the boy . one night , several trucks showed up at the house , and we heard gunfire . the main contender for the dons position , armand altamar , had decided to eliminate anyone who was still loyal to the don , in a bid to seal his position as the new jefe for this region ."
454,20,"he executed the few remaining staff at the houseand then he came for us . my father had several guns and he tried to defend us , and even killed three of altamars henchmen , but in the end it was for nothing . there were too many of them , and they shot him to death , out in front of the porchlike a dog . he died there for no reason other than for loyalty to his boss altamar had no reason to kill him , but he did anyway , without as much thought as stepping on an ant . he just ran the horses , and raised you , her voice trailed off . ii dont know what to say theres nothing to say . after killing him , they broke down the door , dragged my grandmother and auntie outside and shot them in the head . ithank god you escaped but i didnt , dont you see ? i tried to shoot them but i was shaking too much , and my first shot missed . so then they came for meand the restis history , she said flatly . he didnt know how to react to the horrible story and was afraid to hear the rest but he couldnt help himself . with nobody here to protect me , with you gone and my family killed ? they took turns raping me , is what happened over and over , for half the night . i passed out , and when i came to , they were raping me more . i know nothing i can say or do will make anything better . but ill find these men and punish them for what they did to you . my life is over before it had a chance to really begin . its not your fault but i dont want to see you ever again . you remind me of beforewhen i had hope jasmine , listen to me . i know what happened was horrible and will stay with you forever but theres always hope ."
455,20,"ill make this right , or at least avenge your family and you , the young man promised . theres always hope , jasmine youre an idiot . for you , maybe there is , but not for me . after they were done with me , every orifice brutalized and bleeding , the leader , altamar , went into the barn and got some of the acid they used on the glass tiles in the fountain to remove the calcium deposits , as i remember . theyd always wear gloves , and mix it fifty parts water to one part acid . it was the only thing that would remove the buildup . altamar didnt wear gloves , and he didnt mix it . he just poured it on my face , laughing as my skin fizzed with screaming agony . last thing i remember was trying to make it to the kitchen to rinse it off my face with water . she stopped and peered at him through the gloom . ive sat here many times , ever since they released me from the hospital , wishing i was dead . id kill myself but it would damn my soul to hell forever , according to the priest who stops in occasionally to mitigate my torment . so i sit in the dark , and pray to an unlikely god to end my misery . so far , hes ignored me , just the same as he ignored my familys cries for mercy . jasmine leaned forward so that he could see her face in the dim light . one side was the jasmine he remembered . beautiful , serene , now with tears streaming freely down her cheek . the other side of her face was an abomination . the acid had seared off her living flesh , blinded her , and so ruined it that it more resembled something that had been dragged down a road for miles , or trapped in a fire , than something human . the tendons and ligaments were exposed and , even two years after the horrific event , it was a suppurating wet sorea picture of hell on earth incarnate ."
456,20,"the young man had seen plenty of death and savagery in his life but even he was shocked , and he automatically recoiled from the sight . it was the most horrible thing hed ever seen . he felt his gag reflex triggering as the pit of his stomach dropped out . oh oh god , jasmine there was nothing to say . no words anyone could say to make it better . chapter 7 the cantina lights twinkled in the softness of the spring night air ; the bouncing beat of lively banda music floated out from inside , along with raucous laughter and peals of glee from inebriated women . it was saturday night and the party was in full swing on the outskirts of culiacan , a rough and rural area populated by hard men with dead eyes and females who were looking for a fast luxury ride to nowhere . this was cartel country and the bar was a cartel bar , so if you hadnt grown up in the area and didnt know the owners , you didnt go inside unless you had a death wish . it was one of the few places in mexico where armand altamar could let his hair down and relax . he wasnt at war with anyone for the time being so he had little to fear . things were prospering under his iron rule and everyone was making a ton of money since hed taken over most of don miguels duties . hed had to give up some of the meth and heroin traffic to diego up north , and had to cut in aranas , the head of the sinaloa cartel , for a fifteen-percent-larger slice of his cocaine traffic ; but even so , business had grown to the point where he didnt even feel the dilution he was pocketing fifty million dollars a month , on a bad one . not so bad for a forty-year-old ex-enforcer who had come up from the streets , fighting tooth and nail for anything he ever got . hed been born in one of culiacans worst barrios , a desperate den of poverty and filth that few walked away from . now he was running things after someone had taken out the don . it was like a dream come true and he was making the most of it . every weekend , he would hire one of the most popular banda groups in sinaloa to play for his de facto private party at his bar . every friend he had would attend , as well as some of the most beautiful examples of mexican femininity in the country all to pay homage to him and celebrate his success . not that winning the spoils had been easy , by any means . for a few months after the don had passed on to his just reward , culiacan had been a death zone ."
457,20,"five or six different factions fought it out for his turf , and the streets had literally run red with their blood . the only way altamar had emerged victorious was through a combination of epic brutality , stealth , deceit and , surprisingly , a willingness to compromise with his rivals . after several of his competitors had been found beheaded , along with their entire families including newborn babies , aged relatives and even household pets the notion of doing a deal to end the madness had been appealing to even the most battle-hardened contenders . and so a cautious truce had gone into effect . the killing stopped , prosperity returned and everyone went back to doing what they were supposed to do : making money a lot of money . maybe not as much as if one man ran it all , as don miguel had , but , then again , more than anyone could spend in a hundred lifetimes , just the same . altamar had introduced the idea that you had to be alive to spend it , and had been utterly ruthless in driving home the point that , unless you cooperated and stepped out of the way , your life wasnt worth anything . over four hundred and seventy people had lost their lives in the two months following the dons passing , at least according to the official count . the actual number was more like double that , many left rotting in hidden fields for the carrion birds to pick apart , or buried in shallow graves . one particularly brutal week , the rivers had been chocked with bodies floating down from the marijuana fields . it finally got to the point where even those accustomed to incredible violence and brutality had been through enough , and so they worked out a truce . if you crossed him , you , your family , your servants and their families would all be slaughtered without a seconds hesitation . it had been a stunningly effective campaign . by its short but bloody end , he was in charge of a coalition of former rivals who were all still alive to spend their money . true , hed made lifelong enemies due to his tactics , but he wasnt worried . the price of even the slightest thing going wrong was the extermination of everyone you knew , of everything you held precious . the stakes were just too high , so he settled into his position of power with confidence , while always sleeping with one eye open . his entourage were the most dangerous and violent killers in the region ; he made a huge point of advertising that fact . they were men who drank baby blood for breakfast and killed priests over coffee . by cultivating the reputation as the devil walking the earth , hed climbed to the pinnacle of his world ; the view from up top was better than hed ever expected ."
458,20,"he had his pick of the most gorgeous young women , he was literally awash with cash and every comfort and toy he desired . he was feared and revered for his ruthlessness and his absolute power . it was as close as you could get to being a demigod . tonight , hed been drinking tequila with his cousins , who were never far away from his side . he surrounded himself with family and made sure they also wanted for nothing . blood was their bond , hed repeat over and over when drunk . altamar made sure that they understood he was a hundred percent loyal to his family , and he expected nothing less in return but the same . stick with altamar , and you would live a happy and prosperous life . get it into your head to betray him and hed erase you from the earth . the combination of carrot and stick was highly effective . inside the club , the air was thick with a haze of cigarette and marijuana smoke . the police avoided the building like it was radioactive , so there were no rules when within its four walls , the interior of which were covered with cowboy regalia . lassos , bridles , photos of prize bulls and horses , horseshoes . myriad related paraphernalia adorned every inch of the place , giving it an air of a themed junk shop . booths ringed both of the longer sides of the room , which featured an elaborate stage on one end and a long wooden bar on the opposite . girls in cowboy hats and microscopic jean shorts or miniskirts and cowboy boots weaved their way between the small circular tables that cluttered half the floor the remainder of which was left to the many dancers . the fifteen-piece band barely fitted on the stage but neither the musicians nor the celebrants seemed to mind as the caterwauling of the dissonant horn section battled with the strident tenor of the singer , who was belting out a song begging apology for a series of indiscretions with other women ; because this time , hed be faithful due to having changed . straw was scattered about the floor in an effort to create a more authentically rustic experience . the overall tone of the establishment was a rowdy rural roadhouse , albeit fifteen minutes from the edge of a cosmopolitan city of over a million in population . most of the men wore jeans or slacks with cowboy boots and hats ; their female companions wore little but smiles , their modesty cloaked by strategically-donned tops that struggled to contain their charms , with shorts or pants that looked like theyd been sprayed on ."
459,20,"many of the girls were in their late teens to early twenties with a fair mix of professionals and those looking to find a generous narcotraficante sugar daddy . it was a playground for men who lived at breakneck speed , for whom the light of tomorrow was not guaranteed , and who denied themselves nothing . outside the building , four discreetly armed men loitered a few feet from the entrance , providing the obligatory muscle should anyone be so foolhardy as to interrupt the fiesta with unpleasantness . they were in their mid-twenties , with a palpable air of menace and dispositions that indicated their willingness to kill you just as readily as bum a smoke . two were ex-marines , the other two survivors of a lifetime on the street the four of them had tallied between themselves at least ten times their number in killings . the area around the club was dense brush that had been cleared to create the mammoth dirt parking lot . a custom-built neon sign atop a metal column blinked the image of a highly-stylized devil wearing a cowboy hat and leering suggestively at new arrivals , its oscillating illumination lending a carnival air to the tightly parked cars . occasionally , another vehicle would pull off the main road and brave the hundred yards to the club , headlights briefly shining on the front of the establishment before finding a spot among the rest of the patrons . inside , altamar slammed his fist down on the scarred table-top of his favorite booth , having just finished telling another tale of one of his conquests , and threw back his head and laughed with delight . the girls on either side of him were all smiles . another round of tequila and beer hastily arrived , altamar having waved down a waitress moments earlier . the service staff didnt need to ask what kind it was always the same . altamar liked the familiar , and he was a veritable drinking machine every friday and saturday night . his cousins invariably struggled to keep up with him as the hour got late , which deterred him not one iota . hed be having a private party later with the pair of youthful minxes accompanying him . his two cousins eyed him with envious admiration even as their vision began to blur . they had their own girls , but not much was going to be happening by the end of the night , when theyd fall dazed into bed with the room spinning while their companions did their best to entertain them . altamar , on the other hand , had a reputation for being insatiable , more than likely helped by the plentiful chemical supplementation he lavished upon himself . he looked around after delivering the hysterically funny punch-line to his latest story , and delivered it again , louder , for emphasis . no doubt it would be even funnier the second time ."
460,20,"so i tell the fucker , what , you think youre superman ? all right , asshole , so youll have no problem flying . and then i threw him off the roof of the building . you know , in the end , he didnt fly so good ! he pounded the table again , killing himself with his wit . his company tittered drunkenly , the girls beaming toothy smiles , but he quickly lost interest in the ladies as nature called . altamar stood up unsteadily and , after stabilizing himself with the table , woozily moved to the rear of the club , where he had an office with a private restroom . he grappled with his keys and unlocked the door before entering and turning the deadbolt , ensuring he wouldnt be interrupted while conducting his important business . altamar flicked on the overhead light and leaned against the wall for a second , as though the act of walking forty yards had sapped his energy . maybe hed had too much tequila too fast , he thought , and then he stumbled over to his desk , slid the center drawer open and extracted a small vial . he fiddled with the top , and after tearing it free tapped out two fat lines of cocaine on the glass desktop . he rolled up a hundred dollar bill and snorted them with gusto , wincing at the delicious burn as the drug hit his septum . augmentation complete , he moved to the bathroom and opened the door . he failed to notice the shadow in the dark room or the quiet rustle before excruciating pain lanced through his head and everything went dark . fifteen minutes later , his cousins realized that altamar had been gone a long time and staggered back to the office to check on him . the door was locked , which wasnt unexpected . the men pounded on it , calling to him . after getting no response to multiple efforts , they went and found two of altamars security detail , who swiftly broke the door down , guns drawn . when they turned on the lights , they were confronted with an empty room . the most sober of the cousins went to the window and pulled the blinds up , then yelled at the two guards , pointing at the opening ."
461,20,"three of the iron bars over the window had been cut , either with a welding torch or some sort of acid , and were bent out at right angles , creating a space just large enough for a body to fit through . armed men milled about , uncertain as to what to do until the cousin who had discovered the window issued instructions and they raced for their vehicles . altamar faded in and out of consciousness , unsure what was happening to him . he was bouncing against a hard surface , felt cool air blowing over him and a sense of motion . he struggled to move but his wrists and ankles were bound and he had tape over his mouth . he opened his eyes wider but couldnt make anything out ; something was blocking his vision . his arm hurt in the upper bicep like hed been shot , and the last thought he had as he faded again was that someone had injected him with something to knock him out . eventually , altamar returned to full awareness and this time he could see , albeit without much clarity . he blinked his eyes in a futile effort to clear his head , which was splitting from the blow . he tried to reach up to touch the tender spot and discovered that he could only move his arm a few inches from where it was extended slightly above shoulder level . he tried the other arm , also extended , and met with the same resistance . now fully alert , his respiration increased and he was flooded with a sense of panic . when he tried to move his legs , he encountered the same problem he was immobilized , spread-eagled , his arms and legs stretched wide . his nose registered the musty odor of long-abandoned horse stalls , and when his vision returned to near normal , he could see that he was indeed in an old barn , chained to the floor . he continued to struggle for a few minutes until blood began tricking from his wrists where hed torn most of the skin off from pulling against the chains . dim light came from a pair of headlights outside the closed barn door , where slim illumination crept through from around the sides and the base . altamar screamed , more a hoarse croak than anything , largely due to the effects on his vocal cords of whatever hed been dosed with . he paused after several seconds and heard a sound from the far end of the space . he was able to move his head and crane his neck and he saw a young man dressed entirely in black turn to face him from the area by the stalls . the young man sauntered over unhurriedly and smiled humorlessly at altamar , causing his breath to catch in his throat and his blood to run cold ."
462,20,"he knew that look , and knew what it meant . he needed to take the initiative or this could get far worse . ill cut your balls off and force you to eat them in front of me . a good defense was often a strong offense . the young man smiled again , almost blithely , and without responding , opened the barn door and sauntered out to the truck that was parked outside , returning after a few minutes with a lit kerosene lantern . he placed it carefully on a stall ledge so it brightened the area where altamar was chained and went back to the truck , extinguishing its headlights and shutting off the motor . altamar heard the mans footsteps grow louder and then he was blinded by a blue-white flash . his vision gradually returned , and he was blinded by another . the young man was taking photographs of him . he decided to try a different approach . altamar sensed that threats werent going to have any effect , so hed appeal to greed , which was a constant in all humans . it wasnt a question of if , it was a matter of how much . the man just smiled again , shaking his head as if dealing with a child . i can get you two million dollars with a phone call . the young man considered the idea , and then nodded . so you get me two million dollars , and then once i have the money and im safe , ill release you . ill unlock your chains , and youll be free to go . you dont know me , so im not worried about being found by your thugs . get it for me , and ill give you a number to call . let me talk , and well set up getting you your money ."
463,20,"how will i get the money and know im safe , and that your men arent watching me or following me ? we can do it like ive done some of my deals . we pick a remote location youre familiar with . at a predetermined time , a man will come and put a bag with the money wherever you like , and then leave . you wait as long as you want , and then retrieve the money . we do it all the time , altamar explained . ive never heard of anything like that before . it will be impossible to follow you that way . you get your money , you unchain me and let me go , right ? i went to a lot of trouble to get you out alive . if id wanted to kill you , youd have been dead an hour ago . so make the call , and lets get this over with , the young man replied . altamars features clouded something about the interaction was off . he didnt know what , but he didnt believe his captor . i think youre lying , and youre going to kill me anyway , he hissed . and youll never find out if you were wrong . the young man shrugged , apparently uninterested in which way the transaction went . from the back of his pants , he pulled a semi-automatic pistol and approached altamar . the drug lord struggled to maintain his composure , but his eyes widened at the sight of the gun . you get the two million , but you hand me over in exchange for the money when you get it ."
464,20,"the young man smiled again with genuine amusement . i must not be very convincing , or you must be very stupid . you either give me two million dollars on my terms , and i release you , or you fuck around and i blow your brains out . or maybe i gut shoot you and watch you lie in your own shit and blood for a few hours while you beg me to end the agony . you really think im going to let your men pick me off with a sniper rifle the second youre safe ? maybe ill blow your kneecaps off , and youll be walking around on prosthetic limbs for the rest of your miserable life , just so you know im serious . altamar hesitated , calculating , and then his shoulders slumped . the young man dialed the number altamar gave him , and then held the phone up to the ear of the cartel kingpin . when the other end of the line answered , altamar explained hed been kidnapped , but that it was okay , and to gather two million in cash and have it ready to go at four a.m. in two more hours . he then gave instructions on how it was to be delivered . altamar had many millions in cash stashed in multiple places in town , so getting two million was the least of his problems . altamar listened to the response and then barked angrily into the phone . do it precisely as i explained , and dont fuck around or try anything clever . i dont want to die because you got smart , altamar warned , before the young man terminated the call and pocketed the phone . so now you go get your money , and then you let me go . you better move a long way away from here , because its not going to be very healthy for you after this , you know ? he had a good sense for people , and he believed that the young man would release him . now , if youll excuse me , i have some things to attend to , the young man apologized , turning to leave . altamar was startled by a sound of scurrying from out of his field of vision , above his head . oh , thats probably the rats , i expect ."
465,20,"i remember the place was infested with them last time i was here , the young man said conversationally . then you cant leave me here on the ground . besides , youll soon have bigger things to think about than a few pesky rats , he reasoned , and moved to grab the bottle hed placed on the ground near the door . i wanted to leave you something to reflect upon while im off picking up my money . you may not remember , but you hurt someone i care deeply about and im here to return the favor . that was why i wanted you alive , although once you made the offer of the money , i felt it would be poor manners to turn it down , the young man explained , carefully unscrewing the top of the glass bottle . altamar stared up at him , horrified , as the young man approached . he renewed his struggle against the chains . you promised youd let me go , altamar protested . but i never promised youd want to be let go , he said , and then poured a small amount of the acid on the cartel boss face , careful to avoid splashing any on his own clothes or shoes . altamars skin began to bubble and smoke , and his eyes immediately ulcerated as the fluid seared through the lids . altamars agonized shrieks were bloodcurdling , but had no effect on the young man . they were in the middle of nowhere , the big house abandoned and jasmines home a quarter mile away . there was no one to hear the screams , which gradually died as some acid entered his mouth and cauterized his tongue and throat . the young man resealed the bottle and placed it on the stall next to the lantern , and then turned , unbuckling his pants . id rape your sorry ass as well , but im afraid id catch something . so instead , ill leave you to the rats . theyll come soon enough , he disclosed as he urinated on altamars face , rinsing off most of the acid so the man would remain alive . he wanted the agony to last as long as possible , and he didnt want the scumbag to get off lightly by dying after a few minutes of unspeakable pain . ill be back after i get the money you so generously offered ."
466,20,"i should have held out for five , but since its not about the money , two is more than enough no point in being greedy , and it would be harder to carry . when i get back , if the rats have left anything of you , ill release you just as i promised . without a face , but then again , youve done as bad or worse , so you cant really complain , he reasoned . it was now hard to tell given the condition of what had been his face , but the young man thought he might be choking , the acid having removed his nose along with most of his skin and tendons . he reached into his back pocket and withdrew a pocket knife , which he opened as he approached the drug boss . kneeling down , he stabbed it into the mans windpipe just above his clavicle , and then stepped back to study the wound . blood frothed forth , and he turned and trotted out to the truck , returning a few seconds later with a pen . he used his teeth to pull out the ballpoint mechanism , leaving a slender tube , which he first blew through , and then jabbed through the bloody opening . he listened attentively , and was rewarded with the sound of air moving in and out through the pen , albeit labored breathing but beggars couldnt be choosers . the rats seem to prefer the dark for their work . have a nice rest , he said , and then grabbed the light and walked out of the barn , taking care to shut the door securely behind him . the big ford lobo engine started , and the last thing altamar registered as the wheels crunched on the gravel outside was the sound of the exhaust disappearing in the distance . chapter 8 a green ford explorer pulled into the darkened lot of the little restaurant . a man got out , carrying a backpack with two million dollars in it , carefully sealed in ziploc freezer bags . after surveying the road and verifying he was alone , he swung the rear of the suv open and withdrew an inflated tire inner tube . he strapped the backpack securely to the tire using two bungee cords and stuck a cheap plastic flashlight into the exterior flap of the bag , the lens sticking out partway . he gingerly carried the ensemble down the banks to the edge of the canal rosales , and scanning the area again , flicked the switch on the flashlight before putting the inner tube on the waters surface and pushing it out towards the middle of the moving current . he watched as it floated slowly away from him to the middle of the fifty-foot-wide canal , the little light bobbing as it made its way downstream . once it was out of sight , he returned to his truck and drove away . the young man spied on him from a hundred yards downstream through binoculars , noting the passage of the floating treasure as it moved slowly by him , and watched the mans tail lights disappear down the road ."
467,20,"once he was satisfied that he was alone he ran down the overgrown bank as far as he could make it , before diving into the canal . within a few minutes his powerful strokes had carried him downstream , and he caught up to the tire . he switched off the flashlight so he would be completely invisible in the dark , moonless night . he made for the shore , and once close began moving against the current to a concrete embankment hed drifted forty yards beyond . after reaching the bank he exited the chilly water , pausing to remove the backpack from the contrivance before lashing the flashlight back in place on the tube , switching it back on , and pushing it out into the stream again , on the off chance theyd been stupid enough to position someone further downstream at the bridge that spanned the canal a quarter mile away . he moved into the brush and located his black army boots exactly where hed left them , with a change of dry clothes . he quickly stripped off his soaking black t-shirt and pants and wrung them out before stuffing them into the bag with the cash . after slipping into another black shirt and a pair of jeans , he pulled his boots on and was ready to move within two minutes . he edged silently through the brush and found the path at the end of which hed left the truck , and debated his next move . hed need to keep his word and deal with altamar . he started the engine , and then had a thought so evil it surprised even him . there was a sense of poetic justice to it , really . he put the big truck in gear and pulled off into the night , tapping his fingers to the faint latin rock beat playing on the radio . so this was what it was like to be rich . sort of cold and wet , but it would do . by the time he made it back to the barn it was five-thirty in the morning , and dawn would be shining its rays onto the valley within forty-five minutes . he wanted to make short work of his remaining chores , so he sprang from the truck and moved to the barn entrance , carrying the lantern with him as he whistled a happy tune . when he opened the door he was greeted by angry squeaking from a mass of rats that were feeding on altamar , most of which scurried away in fear when he swung the lantern at them . he inspected the feared cartel chiefs ravaged torso and face , checking for signs of breathing , and was rewarded by his chest laboring to draw air through the tube . he shook his head it was truly amazing that hed made it ."
468,20,"the scumbag had the constitution of an ox . the young man crouched down , unlocked the padlocks that secured the chains on the drug lords feet and hands , and left them by his side . he stood , surveying the barns interior , and saw that there was still abundant desiccated hay on the floor . altamar emitted a groaning sound from where his mouth had been , but where now there were merely gums and teeth , his lips having been neatly removed by the acidand then the rats . the young man fished the camera out again and took another photo , ensuring that the time stamp wasnt on . i think that its a safe bet that with a mug like that you wont be doing the cover shot for telenoticias any time soon , but maybe you can get some part-time work scaring kids for halloween . youre free to go , so thanks for the memories and have a nice life . oh , and i know youll need some light given the condition of whats left of your eyes , so ill be a nice guy and leave the lantern burning for you . hope you make it out before the fire gets out of control . thats got to be a horrible way to die , the young man said in a kind , soft voice , before tossing the lantern against the ground and watching the kerosene splatter onto the dry hay from its broken reservoir . the fire immediately spread and began to roar , and soon the entire barn was ablaze . inspecting his work with quiet satisfaction , the young man spun and walked to the door , pausing to kick altamar in the groin as he moved past him . it wouldnt do to have the filthy parasite passing out . hed want his full attention for this phase of what remained of his short life . the fire licked from the barn door and windows as he started the trucks engine . after a few moments it was obvious that altamar wasnt going to make it out . it would almost be better if he somehow managed to survive . a life in that mangled condition would be fitting punishment for what hed done to jasmine and her family . but a deal was a deal , and hed kept his word . he slid the transmission into reverse and pulled away ."
469,20,"the truck approached the small house and rolled to a stop , the engine going silent as the driver-side door opened . the young man moved to the homes entrance and expertly picked the lock . once inside , he crept soundlessly to the main bedroom , where jasmine was sleeping . hed been tortured since hed seen her face . even after getting revenge for the vicious brutality , he knew her life was going to continue to be a miserable nightmare . hed gladly leave her the two million dollars if he thought for a second that medicine could fix her face to anything resembling normalcy , but he knew that was an impossibility . it was just another example of a cruel and unpredictable universe punishing the innocents and making their every moment a tortured farce . he watched as she lay , breathing fitfully , her ravaged profile a constant reminder of the pain shed endured , and then he pulled his pistol from his belt and shot her in the head . ten minutes later he sat on the hood of the truck , watching the house burn , embers blowing into the pre-dawn as they carried his jasmines soul with them . he reasoned that if there was such thing as hell , he would be going anyway , so he was more than willing to carry the burden of ending her suffering and doing what she couldnt do for herself . he winced as the roof collapsed , the propane for the stove having provided ample fuel to get the blaze started . a single tear trickled its way down his cheek his lonely offering to a world that brutalized its children and savaged its meek . his shoulders shuddered as he cried for what could have been , and what jasmine could have had , at the unfairness of it all and the pointlessness of everything . eventually , his sorrow exhausted , he gruffly rubbed the moisture from his face with his shirt sleeve before getting behind the wheel and driving away . there was still much to be done , and he could bemoan his existence later . solomon valiente sat in the office of his furniture store , ranchero music humming forth from the showroom speakers in an attempt to lure pedestrians in , wondering what the gimmick was in this overture from an unknown . hed gotten a strange call an hour earlier indicating that a stranger wanted to speak with him on an important matter of urgency . he rubbed his neck , absently fingering the heavy gold links that held the crucifix he never removed . he gestured to the two men standing by his door to allow the young man to enter his office . valiente was one of the main rivals to altamars iron hold on his empire , and it was well known that he hated the drug lord , furious over some close family members who had been killed by altamars goons when the power struggle over don miguels holdings was underway ."
470,20,"in the interests of prosperity theyd made their fragile pact , but valiente held a grudge , and he was a dangerous and powerful adversary in his own right . the young man had approached him through a street-level enforcer that morning and requested a meeting . he claimed to have something of tremendous value to offer valiente , which had naturally piqued his interest valiente was a man best avoided , so he wasnt accustomed to being solicited for anything . three security men had frisked the young man upon his arrival , verifying that he had no weapons and wasnt wearing a wire before allowing him near valientes office ; so there could be no trickery or immediate physical threat always a concern in the cartel game , where you could routinely expect attempts on your life on virtually any pretense . valiente leaned forward in his reclining chair as the young man entered and sat in one of the two chairs in front of his desk , a stern , armed enforcer bracketing him on either side , ever mindful of the slightest wrong move . tell me what it is you have thats of such value to me , valiente started , sipping his coffee while appraising the young mans face . i want to begin a career as a specialist in contract executions for your cartel . ive been trained in every sort of weapons and demolition , and i have a years worth of combat experience with over thirty-six confirmed kills , the young man began . thats interesting , but its not of that much value to me . dont get me wrong , i can always use good men , but theres a difference between coming looking for a job , and bringing me something of value , valiente observed . im offering my services as a contractor . and what i have to offer you , i believe , is significant . as a good faith token , take a look at this . he removed the small digital camera from his pants pocket , powered it on and thumbed through the photos until he reached the desired one . valiente peered at the screen and blinked , and then his eyes narrowed , taking on a vaguely reptilian cast . get out , he instructed his bodyguards . the two hulking men exchanged glances , and then with distrustful glares at the new arrival , obediently left the room . i could have you killed for this , and altamar would reward me with anything i wanted . because you dont want to live in his shadow forever , and i have the ability to make him disappear , now , and never give you any more problems . you and you alone would know he was gone , enabling you to consolidate power and take steps ahead of any of your competitors , ensuring that youd replace him ."
471,20,"you pay me three hundred thousand dollars and he disappears effective immediately . valientes eyes tracked the young mans unblinking gaze as he spoke . you pay me two hundred thousand dollars each for as many of your rivals you want dispatched within the next seventy-two hours , and ill make it so . its a guarantee that you will take over altamars business at that point , which will make you that amount of money in a matter of minutes . i have him right now , so you havent attempted anything . as i see it , you have nothing to lose and everything to gain . the young man had spoken in a calm , soft voice , with measured inflection , laying out the options in a methodical manner . valiente sank back into his plush chair and considered the proposition while eying the young man . the three hundred i want now , and before the days end i will bring you a photo of your enemy dead . the others , half up front , half upon successful completion . its actually a bargain , but im anxious to make a name for myself and earn your support , the young man said . he was being handed the keys to the kingdom for a song . i have to say , this comes as a complete surprise . if you can pull this off , youll be very , very busy carrying out jobs for me . what shall i call you , my young mystery killer who comes bearing gifts ? hed already decided on his professional moniker . he would be named after the cursed card that had ruined his life , and had freed him at the same time . after the tarot card , the king of swords . chapter 9 later that evening , after catching a few hours of sleep , el rey returned to valiente with the photo of altamar after the acid facial scrub , having collected his fee before departing the office earlier in the day . the cartel boss was both fascinated and repelled by the after image of altamar and this was a man who saw death on an almost daily basis ."
472,20,"youre one sick bastard , ill grant you that . i never want to piss you off , valiente admitted . i figured youd want something that would make a statement . you can download the photo or i can e-mail it to you for circulation purposes if anyone ever decides to test your power . i imagine it would deliver a considerable deterrent value , el rey said . this will stop anyone that doesnt have a death wish in their tracks . valiente slid a folder to him , along with a black garbage bag . i have three primary rivals i need executed in the next two days . half the money for the first contract is in the sack . come back when youve done the first one and ill pay you the balance and give you a payment for the second and third contracts . but i need this handled quickly , because once they get wise to altamar being missing for any significant period of time theyll be coming for me . i could use some help locating a few things for the jobs , though . i figure youd know where to find these . he handed valiente a small piece of notepaper . the sooner i can get them , the sooner i can fulfill these contracts . valiente studied the precisely detailed list . dont know if any have a night scope on them , though . the remington we also have , or can get within a few hours . valiente looked up from the list and el rey nodded approvingly . lot of the marines bring those remington 700s with them they love their sniper rifles ."
473,20,"i dont want to be associated with public bloodbaths in crowds . i intend to be as discreet as possible , but its better to be prepared , than not . for now , ill get busy on the first contract while you source that gear . ill want to pick up the weapons as soon as you have them . valiente scribbled a cell number on the back of a card . call me in two hours and well arrange a drop-off . dont worry about the cost ; theyre on me . im presuming youll want , what , five hundred rounds for the m4 and maybe fifty for the remington and the beretta ? he was already imagining how it would feel to be sitting on altamars throne . and you , my friend , can call me any time . he looked at the image on the little camera again . both men smiled , any humor never reaching their eyes . el rey had checked into a high-end hotel in town and now sat at the small rectangular table in his room going over the details of the three targets . he didnt see a problem taking them out but it would get progressively harder as word of a purge spread . ideally , he would do all in the same night but the logistics wouldnt accommodate that , and he reconciled himself that hed be lucky to get two , with the third on the schedule for the following day . he jotted the addresses down and decided to go for a drive to reconnoiter the neighborhoods and see what he would be dealing with . valiente had supplied plentiful information on the targets security , so there would hopefully be no surprises there , but he wanted to determine if there was anything valiente had missed . he would need a different vehicle than the truck , so he would have to buy something , preferably with an alarm and dependable , considering that he would be driving around with over two million in cash . it was a thursday evening , so he headed to the part of town where all the new car dealers had lots , before they closed . some lucky salesman was about to get a dream handed to him ."
474,20,"el rey drove to the toyota dealer , and after an hour emerged with the keys to a shiny new black 4 runner with a factory alarm . he could do the reconnaissance in the plate-less toyota and then use the big ford for the actual hits . his days with the ford were numbered in hours , so it would be best to use it , rather than the toyota , for operational purposes . he drove to the first targets ranch in a neighborhood on the outskirts of town , five acres with a nice colonial-style single-level house , a modest seven bedrooms per the information hed been given . he knew from the photos and the file what to expect on the layout , and found several obvious holes in the security setup just driving by . the first target , manuel remarosa , would be a piece of cake . the second hit wouldnt be so easy , he knew . the man lived an hour outside of culiacan on a large parcel of land with only one entry a heavily guarded private road . there was no point in driving out there before he picked up the weapons , so he returned to the hotel and called valiente , who confirmed he had everything . they agreed to meet in half an hour at a restaurant in town and the hand-off went uneventfully . valientes security men kept a watchful eye out for threats as they chatted over a snack , before el rey transferred the golf-bag with the weapons in it to the lobo . after heading out to look at the second and third targets homes , he confirmed his instinct that he could only do two of the three that night , at best , and modified his strategy accordingly . by the time he made it back to the hotel it was ten at night and he was tired , so after checking the weapons and loading them , he took a two hour cat-nap . the slumber did him a world of good , and by one a.m. he was parked a quarter mile from manuel remarosas opulent home . he would use the beretta and the m4 for this exercise , and hoped hed be able to get in and out without having to fire the assault rifle . the pistol would be relatively silent ; but opening up with an automatic rifle would draw considerable undesired attention . el rey was dressed from head to toe in dark gray army-surplus camouflage , nearly invisible as he slid silently through the brush on the periphery of the estate . he could make out the silhouettes of the armed guards sitting at their assigned points near the primary entry areas , but even so , he didnt anticipate any problems getting in and out . the one out on the breakfast patio was out of sight of the rest , so he was the weak link . el reys plan was to neutralize the man and then simply walk into the house , make his way to the targets bedroom and do the deed ."
475,20,"it would be over in no time , before the gunmen had any idea what had happened . the hurdle was how to cross the expanse of open space between the brush and the house without being detected . hed need to time it perfectly so as to avoid getting into a firefight . this kind of spur of the moment operation depended entirely on the element of surprise . he preferred to plan his future hits carefully but hed been handed the means by which to begin his career with a bang , so hed do what needed to be done on these . the problem was that , as he watched the house , he couldnt see any means to reach it without alarming the guard and bringing the full wrath of four armed men down on him . it sucked , but he would need to modify his plan to reflect reality . hed thought that one of the angles would keep him hidden until he was almost right on the guard , but once he was in the brush he discovered that was illusory . calculating his next move , he hunkered down to wait , figuring it would be a long night . manuel remarosa stretched on his four poster bed , and rolled over so that the morning light from the window wouldnt wake him up anymore than he already was . sadie , his golden retriever , had other ideas and , hearing her master shift on the bed , decided it was time to send him a message of undying love in the form of sloppy wet kisses on his face . she jumped up onto the mattress between manuel and his wife , gloria , and firmly deposited herself , lavishing her beloved master with affection . manuel swatted at her halfheartedly before rolling over again towards the window , resigned to his fate . he couldnt really get too angry with sadie shed been sleeping on the bed with him since a tiny puppy of six weeks , and it was only since she turned one year old a few months ago and was now an adult that shed been relegated to the terracotta tile of the floor . and youre the one who wanted a dog , gloria murmured from her position on the bed , her voice thick with sleep . ill take her out for a little exercise , manuel replied sarcastically . gloria ignored the jab , already drifting back to dreamland . manuel slid his slippers on and trundled across the floor to the bathroom , sadie locked to his side in anticipation of going for a walk . he stood at the toilet going about his business , sadie obediently waiting for him on the other side of the threshold to the forbidden area , and yawned loudly , stretching his arms over his head and finishing by rubbing his hand across the coarse stubble on his cheeks . he was fat , he knew , but not dangerously so ; maybe forty or fifty pounds ."
476,20,"but he could always lose it that was his daily mantra before going for a half-hearted morning jog , which inevitably terminated with a huge breakfast loaded with cholesterol , carbs and cheese . manuel scratched his bottom as he considered shaving , then decided hed forego that chore today . he entered the huge walk-in closet and donned his workout outfit a green america soccer tunic and basketball shorts before turning to sadie , whose eyes twinkled with anticipation . sadie danced back and forth , her tail whipping the air in a frenzy , doing everything in her power to convey to her master that it was she , indeed , that wanted to do so . if only i could find someone who wanted to go for a walk ! manuel exclaimed , and sadie began whining as she pranced in the doorway , occasionally leaping into the air and twirling completely around in a canine display of balletic prowess . manuel decided to give the dog a break and not torture her any more , although he knew she enjoyed the buildup as much as he enjoyed her reaction . together , they moved to the bedroom door and made their way down the hall , a wholly unlikely pair . he stopped in the kitchen and greeted maria , their cook , who was already simmering something heavenly-smelling on the expansive viking stove top . machaca , don remarosa , she replied softly . maria was sixty , from los mochis , north of culiacan on the sea of cortez , and was a remarkably talented cook . shed been with him for a quarter of his forty years , and he still looked forward to her meals every day . remember im on a diet , he chided , rubbing his ample belly with a grin . always , don remarosa , maria assured him . manuel was a brutal killer who had executed twenty competitors over his two decades of ascending the cartel ladder in sinaloa , but he loved his mother , his four children , his dog , his wife and his two mistresses . it never occurred to him to question his lifestyle hed come up from the streets , where hed started out as a collector for one of don aranas cells , and had worked his way up to his current position as one of altamars trusted lieutenants , and was now making ten million dollars every year . this , for a boy from the slums who had terminated his education at the age of twelve to live by his wits on the streets of culiacan . the cartel game had made him a rich man , and he wanted for nothing . if he had to get his hands dirty , so be it . hed murdered his first man when he was thirteen , using a bread knife , and had never looked back ."
477,20,"his life had been relatively tranquil under the reign of his new boss , and he had hardly had to kill anyone so far this year an anomaly for the business . it was a time of peace , and he was happy to be reaping the rewards of altamars rule . he still remembered the bad time a few years back when don miguel had been executed , the streets running red with blood . hed had to pack his family and send them off to lake chapala during the worst of it . for months , hed lived like a terrorist commander , hiding for his life in different anonymous locations as he waged a guerilla war against his competitors each day . it was like anything else , he supposed . there were good times and the not so good times . it wasnt perfect , but then again , nobody got rich in mexico without getting bloody . hed made his choices and had prevailed . manuel lumbered to the entry door with sadie springing alongside him and stepped outside to the crisp air of a bright new morning . it was cool enough so you werent sweating through your clothes , and the rainy season hadnt started yet . spring was a perfect time to live in sinaloa , and he relished the season with the joy of an alcoholic with a full bottle . his morning shift of bodyguards was dutifully waiting outside for him , two of them on all terrain vehicles , with their weapons cradled in their laps , ready for the jog at whatever time it would begin . these werent his friends , no matter how warm and fuzzy the don acted , and they understood their role was to protect him , not chat with him . sadie whined and nudged his hand with her nose , anxious to get underway . manuel began stretching , using the columns of his porch for support , smiling at his beloved dog barely more than a puppy . searing lances of white hot pain shot through his upper-body as his chest exploded . blood splattered sadie and his men as the burst of gunfire from the brush pounded into his torso . the men froze momentarily before taking cover wherever they could , shooting haphazardly at the area where the gunfire had come from . the two on atvs gunned their motors and went tearing off in the direction of the sniper , until first one and then the others head exploded , the vehicles slowing and turning aimlessly now that their operators were dead ."
478,20,"the two guards by the porch had taken refuge behind the heavy stone columns , firing without conviction into the dense foliage at the propertys perimeter . manuel stared blearily up at the complex herringbone pattern of the brickwork in the dome built into the roof over his porch , the cupula , his breath gurgling from the holes in his chest as his life ran out onto the rustic stone floor . sadie approached and nosed his face with her own , licking the flecks of blood from his chin in an effort to comfort him , her warm tongue the last thing he would ever register . his eyes met hers for an instant and then grew wide as he noisily exhaled a long groaning rattle before shuddering into stillness . sadie lay beside her master , then stood and circled him . she nudged him again with her nose , and then , as dogs had done since the time theyd joined humans as companions in caves , she sat and pointed her head to the heavens and let forth a baleful howl , filled with all the sadness and pain of the world . she was now alone , as only the surviving can be . chapter 10 what do you mean altamar is missing ? jorge encarlo screamed into his cell phone . does that mean he decided to disappear and bang a fifteen year old for a few days , or does that mean hes mulch in a tomato field ? jefe , im telling you everything i know . i heard from a friend of a friend that he went missing yesterday and his organization is scrambling to find him . doesnt sound like young love to me , the voice on the phone advised . encarlo was a bulldog of a man , heavily muscled with a buzz cut and a closely cropped four day shadow . god damn it , get some more information . this could be really big if someones taken the cocksucker out , encarlo snarled . nobodys going to talk if they think they could wind up beheaded for doing so . the problem is that if altamars been taken out , we need to move rapidly or well all be as good as dead , encarlo warned . give me some more time and ill find out more . this just came in , and its not easy getting anyone on his crew to talk ."
479,20,"theyre not chatty types , if you remember . im not paying you to tell me how hard it is to do your job . so do your fucking job and get me some intelligence , or ill find someone who can . encarlo was fuming and had nobody to take his anger out on . he stared at his little motorola flip phone , the latest model , and snapped it closed in frustration . what the hell was going on with altamar ? if he was really missing in a way that suggested he would never be reappearing except as pieces floating in the river , then encarlo needed to get positioned to take action against the other lieutenants . if the king was dead , long live whoever was left once the smoke cleared and they hosed the blood off the sidewalks . he didnt make the rules , but he was a survivor , nonetheless . at thirty-one , he was already reputed to be a mover and , even by cartel standards , was utterly ruthless . hed learned early that shock and awe went a long way towards moving you up the food chain , and so he was prone to violent outbursts of slaughter at the slightest provocation . that was his modus operandi and it had served him in good stead . encarlo owned a recycling plant that shipped its product to the united states once it was processed , which had provided excellent cover for shipping other items north as well . his operation was one of many responsible for the growing methamphetamine traffic that was slowly displacing crack cocaine in many areas of the u.s . it was a booming market with a rock-bottom production cost , so the profits from trafficking in the synthetic drug were swelling his accounts . it made the cocaine trade seem like small potatoes , if the growth curve kept up . he picked unconsciously at a scabbed area above his left ear . it was a nervous tick , one of many hed developed from the constant pressure to stay one step ahead of the rest of the wolf pack . encarlo used his own products and consumed a fair amount of both meth and cocaine in a cocktail of stimulants that enabled him to sleep only four hours at a stint . he firmly believed that much of his success was thanks to the long hours he worked , in addition to an innate cunning born of the streets ."
480,20,"those traits , combined with a relentless sadistic bent and a sociopathic streak that would have been the envy of any serial killer , made him the perfect mid-level cartel functionary . his men and his competitors were terrified of him , for good reason the chemical supplementation often resulted in erratic mood swings ; he could be set off on a bloody tirade by virtually anything . right now , his antennae were picking up the vibrations of opportunity from the early news of altamars mysterious disappearance . he knew that if he could confirm that the man was actually gone for good , hed be perfectly positioned to capitalize on the situation and take out his rivals before they knew what had hit them . it only got dangerous if all facts were known by all the lieutenants at the same time thats where it became a killing field until only one was left standing . hed gone through that multiple times and there was never any guarantee that you would make it through the next one , no matter how much of a badass you were . the idea of creating a loose coalition like altamar had never entered his head . why would he look to his weaker competitors for cooperation when he could simply eliminate them and claim their networks for his own ? the outreach approach had worked for altamar , but in encarlos opinion it was the flawed plan of a weak man , which would be evidenced by his having been taken out after only two years at the top of his little hub . he needed to know what was going on , and he needed to know now . the anxiety was building and he knew from harsh experience that he had to do something salient . sitting waiting for feedback was too reactive for his tastes . restless , he tapped out a line of cocaine to help him focus , and quickly snorted it using a gold tube he carried for the purpose . he brushed a little on his gums , and shook his head , as if to clear it . the drug now coursing through his system , encarlo resolved to see if he could shake loose some information himself . hed hit the street and see if anything came back from his personal contacts . he had confidence in his men but he couldnt just sit still and wait . glancing at his watch , he noted that it was already nine-thirty in the morning . he stabbed at the keypad of his office phone and barked orders into it , calling for his car to be brought around . he next dialed his second in command and told him to get three men , packing heavy heat , to meet him at his vehicle in five minutes ."
481,20,"encarlo opened his file cabinet , retrieved a glock 26 9mm pistol and slipped it into his windbreaker pocket . it was a small gun but packed a decent wallop , and he hated having to wear a shoulder holster like some undercover cop . hed tried an ankle holster , but it had bothered him ; it was easier to carry the thing in his pocket . encarlo made his way downstairs to the ground level and strode through the office doors , past the heavy industrial equipment in the yard , toward his truck a silver fully loaded lincoln navigator with custom rims and steel armored plates welded into each of the four doors . three men joined him , all toting a variety of submachine guns . he didnt like to screw around when he went out on the town , and believed in being prepared for an assault at all times . it wasnt so much paranoia as occupational hazard , and it had kept him alive so far . his driver nodded at him as he climbed into the passenger seat , the three enforcers climbing in behind him . one of the reasons he liked the big suv was because it had enough room for three grown men in the back . the truck moved toward the front gates , which opened via a configuration of hydraulic pistons activated by the security guard in a booth by the street , and then exploded in a blossom of orange fire . the concussion from the plastique affixed to the gas tank shattered the windows in the nearby buildings as pieces of the truck spiraled through the mushroom cloud of black smoke above it , before inevitably dropping like icarus back to earth . nothing survived that sort of a blast , and the men that came running did so with slim hope of salvaging anything . el rey took several snapshots with his little camera from across the thoroughfare . he put the ford lobo into gear and pulled away down the road to his final destination for the day the third target , who at this point was already as good as neutralized . ~ ~ ~ the lushly green acreage around the luis barragan-inspired mansion in the hills outside culiacan was still in the late morning doldrums , the absence of breeze a seasonal effect that made being outdoors in the swelter unpleasant even for the most seasoned natives . armed sentries prowled the immaculately manicured grounds around the house , jittery from adrenaline and sweating from the heat . since early morning theyd been on guard , in a state of high alert . ricardo pilar sat with his inner circle at a square mesquite table in his dining room . the five men who were his closest counselors had serious demeanors , and the air was thick with cigarette smoke and anxiety . hed gotten several frantic phone calls alerting him about the explosion at encarlos plant , and he was troubled by the implications ."
482,20,"pilar sensed that a move was being made , but he wasnt sure who was behind it , and hed dispatched a group of armed men to see what information they could get from the network of lower-level cartel soldiers that acted as the informal communication channel on the street . the preliminary reports that had come back werent good . two of his four rivals had departed the earth that morning under violent circumstances . there could only be one explanation , and it warranted swift and decisive action . pilars nemesis , valiente , was making a play for the leadership position that altamar had held , now that the cartel underboss had been officially missing for a significant enough time . that could only mean war to pilar , a seasoned veteran of countless purges and fights . pilar was educated , having attended the university in monterey , and held a degree in business administration that had served him well when creating and managing his network . hed studied and taken to heart the lessons of business school , and fancied himself to be superior to the ignorant thugs whod ascended to equal footing through sheer brutality and the barrel of a gun . while he understood the place for bloodshed , he liked to think of himself as above knee-jerk reactions involving indiscriminate slaughter . but he was no fool , and he sensed that it was time to put down the diploma and strap on the pistols . his captain , eduardo , was arguing passionately , and his lieutenants were nodding approval . weve been patient , but its foolishness to sit here waiting for the war to come to us . if valiente is on the offensive , our best chance to avoid a bloodbath is to make a pre-emptive strike . cut the head off the snake , and the body stops moving . pilar considered the counsel , and then nodded . the explosion that killed encarlo , when combined with news of remarosas execution , is ominous . i have a bad feeling , and i think its safe to conclude that valiente is making a major offensive , which would mean we are next . but its not like we can just waltz in and start shooting to solve the problem . valiente is far too smart to be taken that way . pilar pushed back from the table , stood , and began pacing compulsively while he spoke ."
483,20,"while i sympathize with everyones passion , id argue that its misplaced . yes , we need to act , but we also need a coherent plan . right now , all we have is bluster and talk . lets finish with the discussion about whether removing valiente is a good idea . now i want to hear some ideas about how we do so , pilar said , gesturing with his bottle of pelgrino to emphasize his point . his men looked at him , none daring to advance an idea that he would shoot down . i want you to talk among yourselves and think through how best to eliminate valiente by the end of the day . then we can put the proposals on the table , and come up with something that makes sense . but dont waste your time arguing for something thats decided . and my instinct says that were running out of time , so its time to get busy . i have some commitments i need to attend to . but make no mistake , valiente must die before the sun goes down , and i am relying on you to come up with how we achieve that . pilar fixed each man in turn with an intense stare that bristled with quiet menace . he may have had a veneer of civility from his education , but he was as dangerous as a cornered pit viper , and his men were quick to remember how hed made it to the top of his group . pilar strode from the room , shaking his head . this was a classic turf battle , and he needed to get on top of it before valientes goons showed up with machine guns . he wasnt afraid of that his compound was well equipped with all the latest alarms , electronic sensors and advance warning devices , and he had enough firepower to stop a battalion . he felt safe at his home , and he was confident that if an attempt against him was going to be made , it wouldnt happen there . the dense foliage that extended for miles created a natural barrier , and there was only one road in . so for the moment , at least , he was safe ."
484,20,"pilar had thought through valientes likely next step , and he wasnt overly concerned about a frontal assault . but he was vulnerable in ways besides the obvious . if this power struggle lasted very long , business would be negatively impacted , and that would cause disruption among the lieutenants , which could be as dangerous as a shooting war . it was bad enough that pilars rivals were homicidal psychopaths without him having to worry about younger , more junior aspirants to the throne cutting his heart out while he slept . he moved to the pocket doors that separated the great room from the rear deck and took in the beauty of his grounds . it was times of extreme adversity that defined leaders , and even though he fancied himself a civilized man , he understood that it was necessary to be swift an unequivocal in his response to this threat . pilar had no problem killing it went with the territory . but hed always tried to keep the violence at arms length , which while not always successful , enabled him to maintain his presumption of superiority . something in the tree line caught the sun , and pilar squinted to make it out . the hair on his arms bristled as he detected movement and a flash , and the neurons in his brain were ordering his body to drop to the floor as the high-velocity partially jacketed round blew his cheekbone apart , taking the better part of his cerebrum with it . by the time the guards had a chance to respond to the single shot from the perimeter , the shooter had long since departed , the sound of the dirt bike hed pushed silently for a half mile a noisy memory in the woods . ~ ~ ~ mexico citys sky was laden with hulking , dark clouds when el rey pulled over the hills and into the infamously dangerous metropolitan traffic . the toyota had run like a champ , was a pleasure to drive , softening the blows of the rutted patches between culiacan and df , or distrito federal , as the locals referred to mexico city . hed gotten the contact information of a man valiente , his new patron and sponsor , had known since childhood . valiente had made a phone call and proposed a relationship that his friend couldnt possibly refuse . the man owned a pawn shop but hed fallen into leveraging his contacts in the underworld and being a facilitator for extermination work the human kind . it was a difficult role for him because he was basically a good and decent man , but the money was simply too attractive to turn down for a no-risk proposition . he had three contractors who handled domestic disputes and business disagreements , and he took twenty percent of the contract price to handle the money and vet the clients . el rey needed someone trustworthy to launder his money and deal with the payments . if he was going to do this professionally , he needed a front office , so to speak and professional representation ."
485,20,"he could handle sourcing the jobs but he couldnt haul around several million dollars in hundreds and be effective . valientes contact seemed ideally suited for the role . and valiente had warned his friend what he was dealing with , lest he get the bright idea to take el reys money and run for the hills . in the cartels , if you vouched for someone and made an introduction , and then that someone screwed the person youd introduced , you could expect to be held accountable for your recommendations actions . valiente had seen more than enough of el reys handiwork in a short period to know he didnt want that coming after him . the narcotraficante chief had become el reys biggest admirer and had promised to spread the word of his prowess in return for a commitment to never accept a contract on him . that seemed reasonable to el rey , and valiente was an up-and-comer in the most powerful cartel on the planet , so as sponsors go , he could do worse . his plan was to limit his activity to a few hits a year , but to steadily increase the fee he charged as well as the level of difficulty of the sanctions he accepted until he became the highest paid killer in the world . mexico was the right place for that , given the amount of money flowing through the cartels , although hed heard good things about russia , too . problem there was that he didnt speak the language . hed studied english in school and , of course , there was his spanish . so he wouldnt be doing any work in st. petersburg or vladivostok . he merged toward the right lane and took an off ramp from the clogged freeway into an even more congested area of the city . after circling around for half an hour , he eventually located the pawn shop and managed to find a parking spot . he threw his black duffel bag over his shoulder and made his way two blocks to the store . the neighborhood was sketchy even by mexico city standards , which was saying a lot , but then again , money lenders of last resort didnt tend to be located in the ritziest areas . at the glass door to the shop , he noted bars everywhere , providing security against night incursions , as well as a roll-up metal awning that would completely seal off the storefront . with all the bars it seemed like overkill , but el rey liked that it hinted at a man who took precautions , and who over-engineered them . that was a careful man , which is what he needed . the establishment itself was modest by any measure , which suggested a lack of braggadocio or hubris ."
486,20,"again , strongly positive from el reys position . he pushed open the entry door and walked into a small , somewhat shabby showroom with a few inexpensive glass cases showcasing the tarnished treasures of the impoverished and downtrodden . silver infant cups , cheap watches , scarred gold chains , obsolete cameras . el rey was liking this guys style more and more . this was the last place in the world he would expect to find a man who handled the affairs of high-end contract killers . nothing about the shop spoke of money or success or high-rolling , which were usually hand in hand with cartel-related businesses . he approached the barred window , which was fabricated out of inch-thick bullet-proof glass , and pushed the button next to it , listening as the buzzer echoed in the rear , behind the heavy steel door to his right . he studied the door : it was built like a banks , although it was probably heavier by the looks of the four massive hinge plates welded in place . he rapped a knuckle against the wall next to it at least foot-thick reinforced concrete . a meager enterprise with security like a vault . footsteps approached , and then a small man with a beret and a graying goatee appeared at the window . im here for an eleven oclock meeting , el rey said . the steel door buzzed and el rey rushed to grab the handle before it stopped . he swung it open and noted that hed been correct . the steel slab was very heavy indeed , and the locking mechanism was industrial grade . two one-inch steel plates with a titanium core . cost a bit , but worth it , the little man said . tortora walked down the dimly lit hallway and opened the door of his office . the two men entered and tortora gestured to one of the chairs in front of his desk . he took his seat behind it and leaned forward , both hands on the surface , visible at all times ."
487,20,"el rey noticed this reassuring stance , and nodded almost imperceptibly as he sat , placing the duffle on the chair next to him . a mutual friend of some distinction called and indicated there was an opportunity for us to help each other , tortora began , then hesitated . i have eavesdropping detection equipment in place , and if you were wired , id know . i am looking for someone who can help me ; act as a back office and clearing system for my payments and due diligence on clients , el rey said . i take twenty percent if i source the clients , or ten percent if you do . i can deal with cash , although thats an additional ten percent right off the top for the bank to handle . i prefer wire transfers or bearer instruments , and have an extensive infrastructure to accommodate those . austria and the caymans , with a second set of accounts in panama and lichtenstein . all owned by dummy front companies out of hong kong or latvia . tortora reached over and took a sip of water from a glass near his computer monitor . i can assist in setting up a structure for you , if that is necessary . my only advice if you intend to do so yourself is to hire a professional . the money trail is often the weak link . id be interested in having you set up a mechanism . i want money to wind up in uruguay or belize . ive read about setting up companies there , international business companies , where the ownership can be held via bearer shares , which are untraceable , el rey observed . yes , but there are some problems with that . id advise a more involved structure , where we first create a trust whose beneficiary is a swiss corporation , and then have the trusts attorney set up the ibc and the bank account . ill need a spanish passport , a mexican birth certificate and passport , and a third passport , maybe from el salvador or peru . id like them all in different names and , if possible , legitimately issued not forgeries ."
488,20,"probably a couple of hundred thousand dollars . it would be way cheaper to have high quality forgeries created , tortora advised , glancing at the young man . but fakes are not as bullet-proof , no pun intended . i can get the mexican paperwork faster , so if you have pressing travel plans , figure two weeks for that . the rest are more complicated , tortora explained . get the mexican one as soon as possible . now lets talk about how this will work . i have a large sum of cash i need washed so it can be transferred into a bank account once you have the structure set up . thats what i have to pay to circumvent the anti-money laundering laws at the bank . and likely two hundred fifty thousand per job , couple of times a year . how many other contractors do you handle ? but smaller scale than what youre doing . how much would i need to bring in to replace their income ? all youll be doing is handling the money . ill even collect it most of the time , unless theres a wire transfer , which is doubtful , given my clientele . tortora considered the question carefully . one of the issues is that if youre killed , i have lost my business and will have to start over . tortora said , then quickly punched some numbers into his desktop calculator . but its a risk that needs to be adjusted for . i think that if we went fifteen percent up to the first million of income per year , then ten for anything above , i could cut my other contractors loose ."
489,20,"but id need to see at least half a million gross per year of income to make it worth my while . thats a lot of contracts , tortora said . not to brag , but soon that will only be two contracts a year , and then only one . the assassin sat back and studied tortoras face . fifteen of the first million , ten above that . bank fees to come off the top , pre-split . he lifted the duffel and placed it on the desk . this is two million five hundred thousand dollars . take the paperwork money and the fees to create the structure out of it . what will the structuring run , anyway ? maybe fifty by the time everythings set up . fifteen for the company formations , and the rest for lubrication and consultants and attorneys . then maybe ten grand a year thereafter for filing fees . so call it two point two million cash after deducting for that . minus ten percent for the banks , leaves us at an even two . ill give you fifty of that for your time , given that you havent done any heavy lifting beyond opening some accounts . cut your other operators loose within six months . by then , ill be back and working , el rey instructed . guarantees about the safety of your money ? our mutual friend must have explained a little ."
490,20,"i know you have an apartment upstairs and a home , with a daughter in university . i can find you wherever you are , no matter how deep you think youve gone , so , no , im not too worried . then again , youd be stupid to try it , because over the next few years youll make a lot of money as my fee increases . im already at two hundred grand a hit , and that will move to two-fifty on the next ones . his calm , soft voice was merely stating fact . my friend indicated that youd done the impossible in no time . if hes singing your praises , youll have your hands full with work whenever you want it . they discussed more details , such as names for the passports and logistics of contacting each other , and after an hour , concluded their meeting . avaricious but old enough so he wouldnt be a runner . morally neutral on the issue of the business , and not squeamish . the money would all accumulate in accounts only el rey had signature authority over , using his new passports and names , so it would be in no danger once it hit his banks . as to the cash , he wasnt worried about that disappearing . there were some things that just werent worth doing , and he got the sense that the pawn shop proprietor had quickly figured out that fucking him over was one of them . he had a spring in his step as he returned to his toyota , one more problem dealt with . this was shaping up nicely , perfectly following the plan hed had in mind since he was seventeen . he would become the highest paid assassin in the world within a few years , famous for meticulously planned sanctions that defied belief . he would become a sort of miracle worker . el rey would be a name that cartel bosses used to frighten their kids at night , and it would be synonymous with a ghost , a phantom who could do the impossible . in a world where nobody got scared , an environment where violence and death was daily currency , there would be something that even the most hardened veterans would fear . that was el reys impression of costa rica , if anyone were to ask him ."
491,20,"it was everything hed always imagined when he heard the term rain forest , right down to the toucans and monkeys . and even though everyone spoke spanish it was as different from mexico as he imagined south america would be . he had arrived in the tiny central american country to learn how to fly . specifically , how to operate prop planes and helicopters , should he ever need to be able to do so . rather than resting on his laurels , hed made a personal commitment to continually learn new skills , expanding his abilities as well as the likelihood of survival . in the end , he hadnt been able to convince the mexican special forces to teach him how to operate a plane , so the first stop after hed gotten his new papers was to find a place off the beaten path where he could master the discipline . and costa rica was well off any radar while it had a decent amount of infrastructure , even by mexican standards it was backwards , as were its neighbors , nicaragua , el salvador and honduras . hed considered each of those in turn , but decided on costa rica after researching the alternatives the others were too unstable , with a considerable cartel presence he would rather avoid unless working . the flight school in the capital city of san jose had been more than willing to teach him everything he wanted to know for certification of fixed wing , and he had clocked almost all the required hours he needed . helicopters were a different story , but hed been able to find a pilot who was willing to unofficially give him lessons and explain everything about the mechanics of the crafts . el rey had now been in costa rica for three months and was about ready to get the hell out and back to what he considered civilization . for his money , san jose couldnt hold a candle to guadalajara or monterrey or mexico city , but it has served its purpose . one thing he was sure of was that he wouldnt likely be back unless he lost a bet . he pulled up to the hangar at the edge of the runway and got out of his rental car , and after greeting his flight trainer , they moved to the small cessna 172 prop plane to undertake their pre-flight checklist . el rey was now certified , but he wanted to clock as many hours as possible while he was in central america so he was completely confident in his abilities . just as they were getting into the cockpit , his cell phone rang , and he excused himself for a moment and took a call . el rey considered the question , eyeing the surrounding airport as he did so . ill check in later to let you know what my timing looks like . said hed prefer to discuss it with you in person . call me when you know more , tortora said , and then the line went dead ."
492,20,"just for the sake of conversation how much would it cost to hire a plane to get me to mexico city if i needed to leave in the next few hours ? my mother isnt well , el rey explained . you want me to make some calls and find out ? not too many prop planes could make that without setting down at least once . but i need to get going by one oclock on the outside . i know a guy who has that king air over there . but it would probably be ten to fifteen grand make the call . an hour later , and theyd gotten nowhere , so el rey went to the passenger terminal and checked with taca . they had a five oclock flight that would get him into mexico city a couple of hours later , and then he could get a plane to culiacan in the morning . he booked it , paying in cash , and returned to his leased condo to pack . he didnt have much a rucksack with his clothes , thirty thousand dollars in hundreds , and a credit card in the name of one of his companies , with a fifty grand limit . in his line of work , hed found it paid to travel light . he set his bag by the door and then retrieved a rag and a bottle of ammonia-based cleaner , and began the tedious but necessary process of wiping down every area he might have touched . the cleanup took an hour and a half , but he had time to kill , and nobody had ever gotten caught by being overly careful . when he was done , he took a final look around the small condo and nodded , then wiped down the doorknob and deadbolt , twisting it open using the rag , and then repeated the process after closing it . he sauntered down the stairs to the front foyer and eased the steel and glass entry door open , then dropped the rag into a scarred garbage can at the end of the block . the flight to mexico city was tiresome , and once he landed he exhaled a sigh of relief . for all its exotic charms , costa rica hadnt been his cup of tea and he was glad to be back on home turf . he checked the flight schedules to culiacan and found one that departed at eight a.m. , which would put him in culiacan with time to spare for an afternoon meeting with valiente . he booked a room at one of the large hotels connected to the airport terminal that catered to business travelers and settled in for the night , preferring to order room service than venture into town ."
493,20,"the next day , he touched down in culiacan and rented a car at the airport . now that he had a variety of ids it made life much easier . he could change around who he was whenever he felt the urge , avoiding any chance of there being a pattern in his coming and going . an admittedly expensive set of precautions , but ultimately worth it to him . when he arrived at valientes office , the cartel honcho greeted him warmly and invited him to sit . after some cursory pleasantries were dispensed with , including el reys congratulations on valiente becoming the new regional chief for the sinaloa cartels northern operations altamars former role they got down to business . valiente slid a grainy black and white photograph of a swarthy man across his desk to el rey , who studied it before looking up at the narcotraficante , his face devoid of expression . he used to be one of the ranking members of the jalisco cartel , valiente explained . he disappeared a year ago , after a contract was put out on him by the head of our sinaloa cartel , don aranas . the contractor who took the assignment failed to execute him and was never heard from again . we assume that el chilango stopped him somehow , and extracted information from him on who hired him to do the hit . shortly afterwards , el chilango disappeared , and it has taken a full year for us to find him , valiente continued . he got a chilean passport and moved to sydney , where nobody knows him . hes hired several mercenaries for security , and bought a wine exportation company to establish residence there . sounds like he got as far away from mexico as you can get , and hes out of the game . not to talk myself out of work , but rather so i understand the motivation , el rey said . el rey held valientes gaze and shook his head . if i need to fly halfway around the world to kill someone , i need to know everything . otherwise , respectfully , hire someone else . although it sounds like your last experience with a contractor on this guy didnt work out so well ."
494,20,"so again , tell me , why go after a player whos taken himself off the table and is living on the other end of the planet ? valiente initially looked annoyed , but then remembered who he was talking to . el rey was a dangerous man , even by cartel standards . not someone you wanted to make an enemy of . what could el chilango have possibly done to bring that upon himself ? apparently , the two men knew each other from many years ago and then when sinaloa went to war with the jalisco cartel , things escalated out of control . that was almost a decade ago , and it went on for years , with heavy casualties on both sides . too much blood spilled to ever build bridges . what happened was that , during the worst of the war , el chilango sent an execution team to take out aranas . you can probably guess how that went down . four killers from veracruz with ak-47s playing cowboys . anyway , turns out aranas wasnt where they were told he would be , so when they shot up the car he was supposed to be traveling in , it wasnt him . it was his twelve year old daughter , imelda , on her way to ballet class . valiente paused to allow that to sink in . they tell me she lived for almost a month on machines before the injuries were too much for her . every day el chilango breathes is an affront to aranas , and he wants the man erased . which brings us to why you are here , gracing our town with your presence . the most important thing to understand is that aranas doesnt just want a hit . i had mentioned to him how adept youve been in handling our transactions , and he authorized me to reach out to you . el rey was curious how badly they wanted him dead ."
495,20,"el rey shook his head , holding valientes gaze . a foreign country , likely many unusual expenses , a police force that cant be bought , foreign mercenariesi dont mean to sound like an ingrate , but that wont cover it , el rey explained . then whats the right number for you to take this on ? i know i can get any of a dozen men who would jump at doing this for fifty . these arent the kinds of situation where you look to save money . if you want the best and you want a guaranteed result , you will pay more than hiring someone who will try , and fail . sounds like if you blow it one more time , hell disappear on you for good . im not sure id want to have to deliver that news to don aranas . el rey studied a point on the wall for a few moments . plus expenses , which will probably come to another fifty to a hundred . i wont know until i get over there and see the lay of the land . and ill need specialized gear once im in-country , so youll have to find a local who can get hard-to-find items for me . i wont know what they are until im on the ground , but it could be specialized weapons , or explosives , or gas . theres nowhere in the world we dont have contacts . i expect you to pay for the travel , too . ill bet first class tickets to sydney arent going to be cheap . ill need half the money in advance , as usual , and an atm card set up so i can withdraw up to a hundred thousand dollars on it from anywhere in the world . that way i can pull money out as necessary . no , better yet , give me fifty in cash , and fifty on an atm . valiente pushed a manila envelope across the table ."
496,20,"el rey opened the top , glanced at the contents and nodded . valiente reached below his desk and retrieved a slim briefcase . call that two for you , and fifty for expenses . ill have a card for you within a few days and will send it to you by dhl . that way youll have it within a week , on the outside . my guess is youll want to spend some time lining things up before you do this . but it sounds like youll wind up costing four by the time this is done , so you can make it up on the next one . and if you pull this off for aranas , there will be as many next ones as you want . if you can bring it in within ten days that will do . shouldnt be an issue , if hes only got a couple of bodyguards . ones south african , the other british who saw a tour in afghanistan . just get in touch with someone who can get me whatever i need in australia . ill get a cell phone once im there and touch base for the contact info . el rey stood , and hefted the briefcase . hate to leave a hundred on the table , but it is what it is . i have a feeling if you make it ugly enough for el chilango , theres a chance of a bonus . we arent that close , valiente admitted . no , i imagine hes not price sensitive at all . he held up the briefcase and moved towards the door , hesitating before he left . when he turned to face valiente a final time , even the hardened cartel drug lords stomach lurched when el rey offered a diminutive smirk ."
497,20,"chapter 12 sydney was unlike any place el rey had ever been . from the time he got off the plane , his qantas first class experience a welcome luxury on the fifteen hour flight from los angeles , he was struck by how clean everything was . it was as if someone had scrubbed every surface right before he got there but the entire town , as far as he could see wandering around the downtown area , was like that . he took a cab from the airport to his hotel a few blocks from sydney harbor and stowed his gear , locking his cash in the hotel room safe and unpacking his hygiene kit . after a few hours of sleep to get adjusted to the seven hour time difference , he set out to explore the town so hed understand the layout . a four minute walk to the ferry terminal at circular quay quickly convinced him that the town was filled with tourists , so one more from mexico wouldnt stick out , which had been one of his fears . he never wanted to be memorable anywhere he went but there would be no such problem here judging by the host of accents and languages he heard as he moved along the waterfront from the quaint shopping area called the rocks toward the opera house . el rey approached the iconic theater , which sat on a point at the waters edge , its aggressive shape unmistakable from almost every photo and postcard hed seen . he kept walking towards the ocean and soon found himself in a verdant , well-groomed park , where he passed young lovers reposing on the grass , stealing moments together after school . the weather was the equivalent of late autumn in australia , the seasons being reversed from the northern hemisphere , but it was still relatively mild and sunnier than hed expected . being used to mexico , sydney was a shock to his system in that it was so aseptic . even as he made his way out of the park into an area that was supposedly seedier , it was as nice as some of the best neighborhoods back home . he stopped at a long pier with a sign out front that announced it as finger wharf and looked in at a hotel built over the harbor the w sydney and felt immediately comfortable in the dimly lit , soothing , minimalistic contemporary lobby . it was deserted , save for a young woman working behind the desk and , based on the ambience and the solitary location , he decided right then and there that hed be moving to the w the following day . walking away from the harbor , he explored the area inland from the hotel . it quickly degraded into a run-down industrial district with warehouses alongside shabby lower-income housing . a few of the buildings looked as though they were about to undergo renovation but much of the area was desolate and he found himself the only person on the streets mid-afternoon on a weekday . he made a mental note : this was perfect for what he had in mind . hed begun the outlines of a rough plan on the plane , purely conceptual , but if everything panned out it could work well . after another hour meandering the streets adjacent to the waterfront he made his way back to the hotel , where he hailed a cab and asked the driver to drop him two streets away from the address where el chilango now lived ."
498,20,"they drove into an upscale area fifteen minutes from the city center , and the cab stopped in front of a small market a block from the harbor . the neighborhood was eclectic , exhibiting a hodgepodge of architectural styles coexisting in a dissonant manner . everything from elegant multi-story turn-of-the-century victorian mansions to post-modern contemporary could be found . it was certainly a prosperous area , judging by the cars and the trim on the houses . el rey knew that waterfront homes anywhere in the world were always the most expensive he figured that australia would be no different . he bought a bottle of water from the bored shopkeeper and then strolled towards the targets address , relieved to find that the sidewalks were empty . when he reached the t junction that dead-ended into the target street he deliberately avoided el chilangos house , preferring to make a left on the street that ran along the waterfront homes rather than a right . he knew that the former cartel chiefs home was four down on the right from the intersection where he made the turn , and he didnt really need to see much more than he did by glancing down the street as though he was a stray sightseer whod wandered into the area . he knew from the report hed read on the plane that it was a two story , five bedroom waterfront home on a double lot , with security lighting at night activated by motion sensors on the sides of the house , as well as the street . comfortable with the feel of the neighborhood , he walked six blocks until he came to a major artery , and had a coffee shop call him a taxi while he enjoyed a cup of pungent green tea . once back at his hotel , he did a quick calculation of the time back home before going downstairs to ask the concierge where he could get a cell phone . the pert young woman directed him four blocks away , and soon he was paying for the latest model nokia with a three month prepaid service plan . as soon as it was activated , he fished a matchbook out of his pocket and dialed the country code and phone number hed jotted down . do you have anything for me on a local contact ? valiente gave him a sydney cell number . youll want to ask for victor , valiente said , then terminated the call , there being nothing more to discuss . he did as instructed , and a gravelly , australian voice answered . el rey told the man he was from out of town , and used valientes name by way of entre . they arranged to meet an hour later at a caf immediately in front of the ferry terminal . victor would be wearing an orange t-shirt with a blue windbreaker and tan cargo pants ."
499,20,"el rey watched from his vantage point across the busy common as a man dressed as described entered the caf and sat down by the window . after five minutes of scanning the quay to ensure there was no surveillance , el rey strolled in and took a seat opposite him . victor was in his mid forties and rail thin , with a heavily lined , sun-damaged face boasting the perennial flush of the habitual hard drinker , spectacularly crooked teeth , and thatches of salt-and-pepper hair pointing in all directions . he looked like nothing so much as an absentminded professor with a boozing problem . i was told to give yah whatever yah needed , and mums the word , victor started . el rey couldnt really make out what the man was saying , so instead began speaking in his quiet , calm voice . his english was passable from years of study , but still heavily accented with spanish inflection . i will need a boat with a captain tomorrow to take me around the harbor so i can look over some places . i have also made a list of items i will require . and i think ive found an area with some industrial space you can rent inexpensively . if not , i need a small warehouse in a quiet neighborhood where it will have no neighbors , good for privacy , yes ? el rey handed him the neatly hand-written note with his requirements . my guess is twenty grand american at least , plus the boat tour . how many rounds you need for the rifle and the pistol ? a hundred for the rifle and its magazines , and fifty for the pistol and its spares . will the night vision equipment be a problem ? give me two days and ill have the whole lot sorted , victor assured him . now in the meantime , what about yerself ? seeing the vacant expression on the assassins face and intuiting a lack of interest , he tried again . a little cage aux follees , if yah catch my meaning ?"
